ts,parameter,value,zone
2026-09-04 20:30:30.128567+00,fog_rh_ceiling_pct,90,
2026-09-04 20:30:30.128567+00,mister_max_runtime_min,120,
2026-09-04 20:30:30.128567+00,mister_water_budget_gal,300,
2026-09-04 20:30:30.128567+00,safety_max,95,
2026-09-04 20:30:30.128567+00,safety_max_seal_margin_f,5,
2026-09-04 20:30:30.128567+00,safety_vpd_max,2.5,
2026-09-04 20:30:30.128567+00,sw_direct_wet_stress_override_enabled,1,
2026-09-04 20:30:30.128567+00,sw_fog_closes_vent,1,
2026-09-04 20:30:30.128567+00,sw_mister_closes_vent,0,
2026-09-04 20:30:30.128567+00,sw_occupancy_inhibit,1,
2026-09-04 20:30:30.128567+00,temp_high,95,
2026-09-04 20:30:30.128567+00,vpd_high,2.799999952316284,
2026-09-04 20:31:34.467666+00,fog_rh_ceiling_pct,90,
2026-09-04 20:31:34.467666+00,mister_max_runtime_min,120,
2026-09-04 20:31:34.467666+00,mister_water_budget_gal,300,
2026-09-04 20:31:34.467666+00,safety_max,95,
2026-09-04 20:31:34.467666+00,safety_max_seal_margin_f,5,
2026-09-04 20:31:34.467666+00,safety_vpd_max,2.5,
2026-09-04 20:31:34.467666+00,sw_direct_wet_stress_override_enabled,1,
2026-09-04 20:31:34.467666+00,sw_fog_closes_vent,1,
2026-09-04 20:31:34.467666+00,sw_mister_closes_vent,0,
2026-09-04 20:31:34.467666+00,sw_occupancy_inhibit,1,
2026-09-04 20:31:34.467666+00,temp_high,95,
2026-09-04 20:31:34.467666+00,vpd_high,2.799999952316284,
2026-09-04 20:32:38.889636+00,fog_rh_ceiling_pct,90,
2026-09-04 20:32:38.889636+00,mister_max_runtime_min,120,
2026-09-04 20:32:38.889636+00,mister_water_budget_gal,300,
2026-09-04 20:32:38.889636+00,safety_max,95,
2026-09-04 20:32:38.889636+00,safety_max_seal_margin_f,5,
2026-09-04 20:32:38.889636+00,safety_vpd_max,2.5,
2026-09-04 20:32:38.889636+00,sw_direct_wet_stress_override_enabled,1,
2026-09-04 20:32:38.889636+00,sw_fog_closes_vent,1,
2026-09-04 20:32:38.889636+00,sw_mister_closes_vent,0,
2026-09-04 20:32:38.889636+00,sw_occupancy_inhibit,1,
2026-09-04 20:32:38.889636+00,temp_high,95,
2026-09-04 20:32:38.889636+00,vpd_high,2.799999952316284,
2026-09-04 20:33:43.415068+00,fog_rh_ceiling_pct,90,
2026-09-04 20:33:43.415068+00,mister_max_runtime_min,120,
2026-09-04 20:33:43.415068+00,mister_water_budget_gal,300,
2026-09-04 20:33:43.415068+00,safety_max,95,
2026-09-04 20:33:43.415068+00,safety_max_seal_margin_f,5,
2026-09-04 20:33:43.415068+00,safety_vpd_max,2.5,
2026-09-04 20:33:43.415068+00,sw_direct_wet_stress_override_enabled,1,
2026-09-04 20:33:43.415068+00,sw_fog_closes_vent,1,
2026-09-04 20:33:43.415068+00,sw_mister_closes_vent,0,
2026-09-04 20:33:43.415068+00,sw_occupancy_inhibit,1,
2026-09-04 20:33:43.415068+00,temp_high,95,
2026-09-04 20:33:43.415068+00,vpd_high,2.799999952316284,
2026-09-04 20:34:47.795642+00,fog_rh_ceiling_pct,90,
2026-09-04 20:34:47.795642+00,mister_max_runtime_min,120,
2026-09-04 20:34:47.795642+00,mister_water_budget_gal,300,
2026-09-04 20:34:47.795642+00,safety_max,95,
2026-09-04 20:34:47.795642+00,safety_max_seal_margin_f,5,
2026-09-04 20:34:47.795642+00,safety_vpd_max,2.5,
2026-09-04 20:34:47.795642+00,sw_direct_wet_stress_override_enabled,1,
2026-09-04 20:34:47.795642+00,sw_fog_closes_vent,1,
2026-09-04 20:34:47.795642+00,sw_mister_closes_vent,0,
2026-09-04 20:34:47.795642+00,sw_occupancy_inhibit,1,
2026-09-04 20:34:47.795642+00,temp_high,95,
2026-09-04 20:34:47.795642+00,vpd_high,2.799999952316284,
2026-09-04 20:35:52.680562+00,fog_rh_ceiling_pct,90,
2026-09-04 20:35:52.680562+00,mister_max_runtime_min,120,
2026-09-04 20:35:52.680562+00,mister_water_budget_gal,300,
2026-09-04 20:35:52.680562+00,safety_max,95,
2026-09-04 20:35:52.680562+00,safety_max_seal_margin_f,5,
2026-09-04 20:35:52.680562+00,safety_vpd_max,2.5,
2026-09-04 20:35:52.680562+00,sw_direct_wet_stress_override_enabled,1,
2026-09-04 20:35:52.680562+00,sw_fog_closes_vent,1,
2026-09-04 20:35:52.680562+00,sw_mister_closes_vent,0,
2026-09-04 20:35:52.680562+00,sw_occupancy_inhibit,1,
2026-09-04 20:35:52.680562+00,temp_high,95,
2026-09-04 20:35:52.680562+00,vpd_high,2.799999952316284,
2026-09-04 20:36:57.142651+00,fog_rh_ceiling_pct,90,
2026-09-04 20:36:57.142651+00,mister_max_runtime_min,120,
2026-09-04 20:36:57.142651+00,mister_water_budget_gal,300,
2026-09-04 20:36:57.142651+00,safety_max,95,
2026-09-04 20:36:57.142651+00,safety_max_seal_margin_f,5,
2026-09-04 20:36:57.142651+00,safety_vpd_max,2.5,
2026-09-04 20:36:57.142651+00,sw_direct_wet_stress_override_enabled,1,
2026-09-04 20:36:57.142651+00,sw_fog_closes_vent,1,
2026-09-04 20:36:57.142651+00,sw_mister_closes_vent,0,
2026-09-04 20:36:57.142651+00,sw_occupancy_inhibit,1,
2026-09-04 20:36:57.142651+00,temp_high,95,
2026-09-04 20:36:57.142651+00,vpd_high,2.799999952316284,
2026-09-04 20:38:01.905576+00,fog_rh_ceiling_pct,90,
2026-09-04 20:38:01.905576+00,mister_max_runtime_min,120,
2026-09-04 20:38:01.905576+00,mister_water_budget_gal,300,
2026-09-04 20:38:01.905576+00,safety_max,95,
2026-09-04 20:38:01.905576+00,safety_max_seal_margin_f,5,
2026-09-04 20:38:01.905576+00,safety_vpd_max,2.5,
2026-09-04 20:38:01.905576+00,sw_direct_wet_stress_override_enabled,1,
2026-09-04 20:38:01.905576+00,sw_fog_closes_vent,1,
2026-09-04 20:38:01.905576+00,sw_mister_closes_vent,0,
2026-09-04 20:38:01.905576+00,sw_occupancy_inhibit,1,
2026-09-04 20:38:01.905576+00,temp_high,95,
2026-09-04 20:38:01.905576+00,vpd_high,2.799999952316284,
2026-09-04 20:39:06.801533+00,fog_rh_ceiling_pct,90,
2026-09-04 20:39:06.801533+00,mister_max_runtime_min,120,
2026-09-04 20:39:06.801533+00,mister_water_budget_gal,300,
2026-09-04 20:39:06.801533+00,safety_max,95,
2026-09-04 20:39:06.801533+00,safety_max_seal_margin_f,5,
2026-09-04 20:39:06.801533+00,safety_vpd_max,2.5,
2026-09-04 20:39:06.801533+00,sw_direct_wet_stress_override_enabled,1,
2026-09-04 20:39:06.801533+00,sw_fog_closes_vent,1,
2026-09-04 20:39:06.801533+00,sw_mister_closes_vent,0,
2026-09-04 20:39:06.801533+00,sw_occupancy_inhibit,1,
2026-09-04 20:39:06.801533+00,temp_high,95,
2026-09-04 20:39:06.801533+00,vpd_high,2.799999952316284,
2026-09-04 20:40:11.549348+00,fog_rh_ceiling_pct,90,
2026-09-04 20:40:11.549348+00,mister_max_runtime_min,120,
2026-09-04 20:40:11.549348+00,mister_water_budget_gal,300,
2026-09-04 20:40:11.549348+00,safety_max,95,
2026-09-04 20:40:11.549348+00,safety_max_seal_margin_f,5,
2026-09-04 20:40:11.549348+00,safety_vpd_max,2.5,
2026-09-04 20:40:11.549348+00,sw_direct_wet_stress_override_enabled,1,
2026-09-04 20:40:11.549348+00,sw_fog_closes_vent,1,
2026-09-04 20:40:11.549348+00,sw_mister_closes_vent,0,
2026-09-04 20:40:11.549348+00,sw_occupancy_inhibit,1,
2026-09-04 20:40:11.549348+00,temp_high,95,
2026-09-04 20:40:11.549348+00,vpd_high,2.799999952316284,
2026-09-04 20:41:11.832423+00,fog_rh_ceiling_pct,90,
2026-09-04 20:41:11.832423+00,mister_max_runtime_min,120,
2026-09-04 20:41:11.832423+00,mister_water_budget_gal,300,
2026-09-04 20:41:11.832423+00,safety_max,95,
2026-09-04 20:41:11.832423+00,safety_max_seal_margin_f,5,
2026-09-04 20:41:11.832423+00,safety_vpd_max,2.5,
2026-09-04 20:41:11.832423+00,sw_direct_wet_stress_override_enabled,1,
2026-09-04 20:41:11.832423+00,sw_fog_closes_vent,1,
2026-09-04 20:41:11.832423+00,sw_mister_closes_vent,0,
2026-09-04 20:41:11.832423+00,sw_occupancy_inhibit,1,
2026-09-04 20:41:11.832423+00,temp_high,95,
2026-09-04 20:41:11.832423+00,vpd_high,2.799999952316284,
2026-09-04 20:42:16.589871+00,fog_rh_ceiling_pct,90,
2026-09-04 20:42:16.589871+00,mister_max_runtime_min,120,
2026-09-04 20:42:16.589871+00,mister_water_budget_gal,300,
2026-09-04 20:42:16.589871+00,safety_max,95,
2026-09-04 20:42:16.589871+00,safety_max_seal_margin_f,5,
2026-09-04 20:42:16.589871+00,safety_vpd_max,2.5,
2026-09-04 20:42:16.589871+00,sw_direct_wet_stress_override_enabled,1,
2026-09-04 20:42:16.589871+00,sw_fog_closes_vent,1,
2026-09-04 20:42:16.589871+00,sw_mister_closes_vent,0,
2026-09-04 20:42:16.589871+00,sw_occupancy_inhibit,1,
2026-09-04 20:42:16.589871+00,temp_high,95,
2026-09-04 20:42:16.589871+00,vpd_high,2.799999952316284,
2026-09-04 20:43:20.595135+00,fog_rh_ceiling_pct,90,
2026-09-04 20:43:20.595135+00,mister_max_runtime_min,120,
2026-09-04 20:43:20.595135+00,mister_water_budget_gal,300,
2026-09-04 20:43:20.595135+00,safety_max,95,
2026-09-04 20:43:20.595135+00,safety_max_seal_margin_f,5,
2026-09-04 20:43:20.595135+00,safety_vpd_max,2.5,
2026-09-04 20:43:20.595135+00,sw_direct_wet_stress_override_enabled,1,
2026-09-04 20:43:20.595135+00,sw_fog_closes_vent,1,
2026-09-04 20:43:20.595135+00,sw_mister_closes_vent,0,
2026-09-04 20:43:20.595135+00,sw_occupancy_inhibit,1,
2026-09-04 20:43:20.595135+00,temp_high,95,
2026-09-04 20:43:20.595135+00,vpd_high,2.799999952316284,
2026-09-04 20:44:24.542642+00,fog_rh_ceiling_pct,90,
2026-09-04 20:44:24.542642+00,mister_max_runtime_min,120,
2026-09-04 20:44:24.542642+00,mister_water_budget_gal,300,
2026-09-04 20:44:24.542642+00,safety_max,95,
2026-09-04 20:44:24.542642+00,safety_max_seal_margin_f,5,
2026-09-04 20:44:24.542642+00,safety_vpd_max,2.5,
2026-09-04 20:44:24.542642+00,sw_direct_wet_stress_override_enabled,1,
2026-09-04 20:44:24.542642+00,sw_fog_closes_vent,1,
2026-09-04 20:44:24.542642+00,sw_mister_closes_vent,0,
2026-09-04 20:44:24.542642+00,sw_occupancy_inhibit,1,
2026-09-04 20:44:24.542642+00,temp_high,95,
2026-09-04 20:44:24.542642+00,vpd_high,2.799999952316284,
2026-09-04 20:45:28.844516+00,fog_rh_ceiling_pct,90,
2026-09-04 20:45:28.844516+00,mister_max_runtime_min,120,
2026-09-04 20:45:28.844516+00,mister_water_budget_gal,300,
2026-09-04 20:45:28.844516+00,safety_max,95,
2026-09-04 20:45:28.844516+00,safety_max_seal_margin_f,5,
2026-09-04 20:45:28.844516+00,safety_vpd_max,2.5,
2026-09-04 20:45:28.844516+00,sw_direct_wet_stress_override_enabled,1,
2026-09-04 20:45:28.844516+00,sw_fog_closes_vent,1,
2026-09-04 20:45:28.844516+00,sw_mister_closes_vent,0,
2026-09-04 20:45:28.844516+00,sw_occupancy_inhibit,1,
2026-09-04 20:45:28.844516+00,temp_high,95,
2026-09-04 20:45:28.844516+00,vpd_high,2.799999952316284,
2026-09-04 20:46:33.18875+00,fog_rh_ceiling_pct,90,
2026-09-04 20:46:33.18875+00,mister_max_runtime_min,120,
2026-09-04 20:46:33.18875+00,mister_water_budget_gal,300,
2026-09-04 20:46:33.18875+00,safety_max,95,
2026-09-04 20:46:33.18875+00,safety_max_seal_margin_f,5,
2026-09-04 20:46:33.18875+00,safety_vpd_max,2.5,
2026-09-04 20:46:33.18875+00,sw_direct_wet_stress_override_enabled,1,
2026-09-04 20:46:33.18875+00,sw_fog_closes_vent,1,
2026-09-04 20:46:33.18875+00,sw_mister_closes_vent,0,
2026-09-04 20:46:33.18875+00,sw_occupancy_inhibit,1,
2026-09-04 20:46:33.18875+00,temp_high,95,
2026-09-04 20:46:33.18875+00,vpd_high,2.799999952316284,
2026-09-04 20:47:37.65221+00,fog_rh_ceiling_pct,90,
2026-09-04 20:47:37.65221+00,mister_max_runtime_min,120,
2026-09-04 20:47:37.65221+00,mister_water_budget_gal,300,
2026-09-04 20:47:37.65221+00,safety_max,95,
2026-09-04 20:47:37.65221+00,safety_max_seal_margin_f,5,
2026-09-04 20:47:37.65221+00,safety_vpd_max,2.5,
2026-09-04 20:47:37.65221+00,sw_direct_wet_stress_override_enabled,1,
2026-09-04 20:47:37.65221+00,sw_fog_closes_vent,1,
2026-09-04 20:47:37.65221+00,sw_mister_closes_vent,0,
2026-09-04 20:47:37.65221+00,sw_occupancy_inhibit,1,
2026-09-04 20:47:37.65221+00,temp_high,95,
2026-09-04 20:47:37.65221+00,vpd_high,2.799999952316284,
2026-09-04 20:48:38.168638+00,fog_rh_ceiling_pct,90,
2026-09-04 20:48:38.168638+00,mister_max_runtime_min,120,
2026-09-04 20:48:38.168638+00,mister_water_budget_gal,300,
2026-09-04 20:48:38.168638+00,safety_max,95,
2026-09-04 20:48:38.168638+00,safety_max_seal_margin_f,5,
2026-09-04 20:48:38.168638+00,safety_vpd_max,2.5,
2026-09-04 20:48:38.168638+00,sw_direct_wet_stress_override_enabled,1,
2026-09-04 20:48:38.168638+00,sw_fog_closes_vent,1,
2026-09-04 20:48:38.168638+00,sw_mister_closes_vent,0,
2026-09-04 20:48:38.168638+00,sw_occupancy_inhibit,1,
2026-09-04 20:48:38.168638+00,temp_high,95,
2026-09-04 20:48:38.168638+00,vpd_high,2.799999952316284,
2026-09-04 20:49:43.040958+00,fog_rh_ceiling_pct,90,
2026-09-04 20:49:43.040958+00,mister_max_runtime_min,120,
2026-09-04 20:49:43.040958+00,mister_water_budget_gal,300,
2026-09-04 20:49:43.040958+00,safety_max,95,
2026-09-04 20:49:43.040958+00,safety_max_seal_margin_f,5,
2026-09-04 20:49:43.040958+00,safety_vpd_max,2.5,
2026-09-04 20:49:43.040958+00,sw_direct_wet_stress_override_enabled,1,
2026-09-04 20:49:43.040958+00,sw_fog_closes_vent,1,
2026-09-04 20:49:43.040958+00,sw_mister_closes_vent,0,
2026-09-04 20:49:43.040958+00,sw_occupancy_inhibit,1,
2026-09-04 20:49:43.040958+00,temp_high,95,
2026-09-04 20:49:43.040958+00,vpd_high,2.799999952316284,
2026-09-04 20:50:47.77238+00,fog_rh_ceiling_pct,90,
2026-09-04 20:50:47.77238+00,mister_max_runtime_min,120,
2026-09-04 20:50:47.77238+00,mister_water_budget_gal,300,
2026-09-04 20:50:47.77238+00,safety_max,95,
2026-09-04 20:50:47.77238+00,safety_max_seal_margin_f,5,
2026-09-04 20:50:47.77238+00,safety_vpd_max,2.5,
2026-09-04 20:50:47.77238+00,sw_direct_wet_stress_override_enabled,1,
2026-09-04 20:50:47.77238+00,sw_fog_closes_vent,1,
2026-09-04 20:50:47.77238+00,sw_mister_closes_vent,0,
2026-09-04 20:50:47.77238+00,sw_occupancy_inhibit,1,
2026-09-04 20:50:47.77238+00,temp_high,95,
2026-09-04 20:50:47.77238+00,vpd_high,2.799999952316284,
2026-09-04 20:51:48.099142+00,fog_rh_ceiling_pct,90,
2026-09-04 20:51:48.099142+00,mister_max_runtime_min,120,
2026-09-04 20:51:48.099142+00,mister_water_budget_gal,300,
2026-09-04 20:51:48.099142+00,safety_max,95,
2026-09-04 20:51:48.099142+00,safety_max_seal_margin_f,5,
2026-09-04 20:51:48.099142+00,safety_vpd_max,2.5,
2026-09-04 20:51:48.099142+00,sw_direct_wet_stress_override_enabled,1,
2026-09-04 20:51:48.099142+00,sw_fog_closes_vent,1,
2026-09-04 20:51:48.099142+00,sw_mister_closes_vent,0,
2026-09-04 20:51:48.099142+00,sw_occupancy_inhibit,1,
2026-09-04 20:51:48.099142+00,temp_high,95,
2026-09-04 20:51:48.099142+00,vpd_high,2.799999952316284,
2026-09-04 20:52:52.381684+00,fog_rh_ceiling_pct,90,
2026-09-04 20:52:52.381684+00,mister_max_runtime_min,120,
2026-09-04 20:52:52.381684+00,mister_water_budget_gal,300,
2026-09-04 20:52:52.381684+00,safety_max,95,
2026-09-04 20:52:52.381684+00,safety_max_seal_margin_f,5,
2026-09-04 20:52:52.381684+00,safety_vpd_max,2.5,
2026-09-04 20:52:52.381684+00,sw_direct_wet_stress_override_enabled,1,
2026-09-04 20:52:52.381684+00,sw_fog_closes_vent,1,
2026-09-04 20:52:52.381684+00,sw_mister_closes_vent,0,
2026-09-04 20:52:52.381684+00,sw_occupancy_inhibit,1,
2026-09-04 20:52:52.381684+00,temp_high,95,
2026-09-04 20:52:52.381684+00,vpd_high,2.799999952316284,
2026-09-04 20:53:56.636818+00,fog_rh_ceiling_pct,90,
2026-09-04 20:53:56.636818+00,mister_max_runtime_min,120,
2026-09-04 20:53:56.636818+00,mister_water_budget_gal,300,
2026-09-04 20:53:56.636818+00,safety_max,95,
2026-09-04 20:53:56.636818+00,safety_max_seal_margin_f,5,
2026-09-04 20:53:56.636818+00,safety_vpd_max,2.5,
2026-09-04 20:53:56.636818+00,sw_direct_wet_stress_override_enabled,1,
2026-09-04 20:53:56.636818+00,sw_fog_closes_vent,1,
2026-09-04 20:53:56.636818+00,sw_mister_closes_vent,0,
2026-09-04 20:53:56.636818+00,sw_occupancy_inhibit,1,
2026-09-04 20:53:56.636818+00,temp_high,95,
2026-09-04 20:53:56.636818+00,vpd_high,2.799999952316284,
2026-09-04 20:55:00.72757+00,fog_rh_ceiling_pct,90,
2026-09-04 20:55:00.72757+00,mister_max_runtime_min,120,
2026-09-04 20:55:00.72757+00,mister_water_budget_gal,300,
2026-09-04 20:55:00.72757+00,safety_max,95,
2026-09-04 20:55:00.72757+00,safety_max_seal_margin_f,5,
2026-09-04 20:55:00.72757+00,safety_vpd_max,2.5,
2026-09-04 20:55:00.72757+00,sw_direct_wet_stress_override_enabled,1,
2026-09-04 20:55:00.72757+00,sw_fog_closes_vent,1,
2026-09-04 20:55:00.72757+00,sw_mister_closes_vent,0,
2026-09-04 20:55:00.72757+00,sw_occupancy_inhibit,1,
2026-09-04 20:55:00.72757+00,temp_high,95,
2026-09-04 20:55:00.72757+00,vpd_high,2.799999952316284,
2026-09-04 20:56:04.98864+00,fog_rh_ceiling_pct,90,
2026-09-04 20:56:04.98864+00,mister_max_runtime_min,120,
2026-09-04 20:56:04.98864+00,mister_water_budget_gal,300,
2026-09-04 20:56:04.98864+00,safety_max,95,
2026-09-04 20:56:04.98864+00,safety_max_seal_margin_f,5,
2026-09-04 20:56:04.98864+00,safety_vpd_max,2.5,
2026-09-04 20:56:04.98864+00,sw_direct_wet_stress_override_enabled,1,
2026-09-04 20:56:04.98864+00,sw_fog_closes_vent,1,
2026-09-04 20:56:04.98864+00,sw_mister_closes_vent,0,
2026-09-04 20:56:04.98864+00,sw_occupancy_inhibit,1,
2026-09-04 20:56:04.98864+00,temp_high,95,
2026-09-04 20:56:04.98864+00,vpd_high,2.799999952316284,
2026-09-04 20:57:09.770906+00,fog_rh_ceiling_pct,90,
2026-09-04 20:57:09.770906+00,mister_max_runtime_min,120,
2026-09-04 20:57:09.770906+00,mister_water_budget_gal,300,
2026-09-04 20:57:09.770906+00,safety_max,95,
2026-09-04 20:57:09.770906+00,safety_max_seal_margin_f,5,
2026-09-04 20:57:09.770906+00,safety_vpd_max,2.5,
2026-09-04 20:57:09.770906+00,sw_direct_wet_stress_override_enabled,1,
2026-09-04 20:57:09.770906+00,sw_fog_closes_vent,1,
2026-09-04 20:57:09.770906+00,sw_mister_closes_vent,0,
2026-09-04 20:57:09.770906+00,sw_occupancy_inhibit,1,
2026-09-04 20:57:09.770906+00,temp_high,95,
2026-09-04 20:57:09.770906+00,vpd_high,2.799999952316284,
2026-09-04 20:58:14.229315+00,fog_rh_ceiling_pct,90,
2026-09-04 20:58:14.229315+00,mister_max_runtime_min,120,
2026-09-04 20:58:14.229315+00,mister_water_budget_gal,300,
2026-09-04 20:58:14.229315+00,safety_max,95,
2026-09-04 20:58:14.229315+00,safety_max_seal_margin_f,5,
2026-09-04 20:58:14.229315+00,safety_vpd_max,2.5,
2026-09-04 20:58:14.229315+00,sw_direct_wet_stress_override_enabled,1,
2026-09-04 20:58:14.229315+00,sw_fog_closes_vent,1,
2026-09-04 20:58:14.229315+00,sw_mister_closes_vent,0,
2026-09-04 20:58:14.229315+00,sw_occupancy_inhibit,1,
2026-09-04 20:58:14.229315+00,temp_high,95,
2026-09-04 20:58:14.229315+00,vpd_high,2.799999952316284,
2026-09-04 20:59:14.374096+00,fog_rh_ceiling_pct,90,
2026-09-04 20:59:14.374096+00,mister_max_runtime_min,120,
2026-09-04 20:59:14.374096+00,mister_water_budget_gal,300,
2026-09-04 20:59:14.374096+00,safety_max,95,
2026-09-04 20:59:14.374096+00,safety_max_seal_margin_f,5,
2026-09-04 20:59:14.374096+00,safety_vpd_max,2.5,
2026-09-04 20:59:14.374096+00,sw_direct_wet_stress_override_enabled,1,
2026-09-04 20:59:14.374096+00,sw_fog_closes_vent,1,
2026-09-04 20:59:14.374096+00,sw_mister_closes_vent,0,
2026-09-04 20:59:14.374096+00,sw_occupancy_inhibit,1,
2026-09-04 20:59:14.374096+00,temp_high,95,
2026-09-04 20:59:14.374096+00,vpd_high,2.799999952316284,
2026-09-04 21:00:18.579112+00,fog_rh_ceiling_pct,90,
2026-09-04 21:00:18.579112+00,mister_max_runtime_min,120,
2026-09-04 21:00:18.579112+00,mister_water_budget_gal,300,
2026-09-04 21:00:18.579112+00,safety_max,95,
2026-09-04 21:00:18.579112+00,safety_max_seal_margin_f,5,
2026-09-04 21:00:18.579112+00,safety_vpd_max,2.5,
2026-09-04 21:00:18.579112+00,sw_direct_wet_stress_override_enabled,1,
2026-09-04 21:00:18.579112+00,sw_fog_closes_vent,1,
2026-09-04 21:00:18.579112+00,sw_mister_closes_vent,0,
2026-09-04 21:00:18.579112+00,sw_occupancy_inhibit,1,
2026-09-04 21:00:18.579112+00,temp_high,95,
2026-09-04 21:00:18.579112+00,vpd_high,2.799999952316284,
2026-09-04 21:01:23.472627+00,fog_rh_ceiling_pct,90,
2026-09-04 21:01:23.472627+00,mister_max_runtime_min,120,
2026-09-04 21:01:23.472627+00,mister_water_budget_gal,300,
2026-09-04 21:01:23.472627+00,safety_max,95,
2026-09-04 21:01:23.472627+00,safety_max_seal_margin_f,5,
2026-09-04 21:01:23.472627+00,safety_vpd_max,2.5,
2026-09-04 21:01:23.472627+00,sw_direct_wet_stress_override_enabled,1,
2026-09-04 21:01:23.472627+00,sw_fog_closes_vent,1,
2026-09-04 21:01:23.472627+00,sw_mister_closes_vent,0,
2026-09-04 21:01:23.472627+00,sw_occupancy_inhibit,1,
2026-09-04 21:01:23.472627+00,temp_high,95,
2026-09-04 21:01:23.472627+00,vpd_high,2.799999952316284,
2026-09-04 21:02:27.898545+00,fog_rh_ceiling_pct,90,
2026-09-04 21:02:27.898545+00,mister_max_runtime_min,120,
2026-09-04 21:02:27.898545+00,mister_water_budget_gal,300,
2026-09-04 21:02:27.898545+00,safety_max,95,
2026-09-04 21:02:27.898545+00,safety_max_seal_margin_f,5,
2026-09-04 21:02:27.898545+00,safety_vpd_max,2.5,
2026-09-04 21:02:27.898545+00,sw_direct_wet_stress_override_enabled,1,
2026-09-04 21:02:27.898545+00,sw_fog_closes_vent,1,
2026-09-04 21:02:27.898545+00,sw_mister_closes_vent,0,
2026-09-04 21:02:27.898545+00,sw_occupancy_inhibit,1,
2026-09-04 21:02:27.898545+00,temp_high,95,
2026-09-04 21:02:27.898545+00,vpd_high,2.799999952316284,
2026-09-04 21:03:32.105618+00,fog_rh_ceiling_pct,90,
2026-09-04 21:03:32.105618+00,mister_water_budget_gal,300,
2026-09-04 21:03:32.105618+00,safety_max,95,
2026-09-04 21:03:32.105618+00,safety_max_seal_margin_f,5,
2026-09-04 21:03:32.105618+00,safety_vpd_max,2.5,
2026-09-04 21:03:32.105618+00,sw_direct_wet_stress_override_enabled,1,
2026-09-04 21:03:32.105618+00,sw_fog_closes_vent,1,
2026-09-04 21:03:32.105618+00,sw_mister_closes_vent,0,
2026-09-04 21:03:32.105618+00,sw_occupancy_inhibit,1,
2026-09-04 21:03:32.105618+00,temp_high,95,
2026-09-04 21:03:32.105618+00,vpd_high,2.799999952316284,
2026-09-04 21:04:35.904839+00,fog_rh_ceiling_pct,90,
2026-09-04 21:04:35.904839+00,mister_water_budget_gal,300,
2026-09-04 21:04:35.904839+00,safety_max,95,
2026-09-04 21:04:35.904839+00,safety_max_seal_margin_f,5,
2026-09-04 21:04:35.904839+00,safety_vpd_max,2.5,
2026-09-04 21:04:35.904839+00,sw_direct_wet_stress_override_enabled,1,
2026-09-04 21:04:35.904839+00,sw_fog_closes_vent,1,
2026-09-04 21:04:35.904839+00,sw_mister_closes_vent,0,
2026-09-04 21:04:35.904839+00,sw_occupancy_inhibit,1,
2026-09-04 21:04:35.904839+00,temp_high,95,
2026-09-04 21:04:35.904839+00,vpd_high,2.799999952316284,
2026-09-04 21:05:39.76023+00,fog_rh_ceiling_pct,90,
2026-09-04 21:05:39.76023+00,mister_max_runtime_min,120,
2026-09-04 21:05:39.76023+00,mister_water_budget_gal,300,
2026-09-04 21:05:39.76023+00,safety_max,95,
2026-09-04 21:05:39.76023+00,safety_max_seal_margin_f,5,
2026-09-04 21:05:39.76023+00,safety_vpd_max,2.5,
2026-09-04 21:05:39.76023+00,sw_direct_wet_stress_override_enabled,1,
2026-09-04 21:05:39.76023+00,sw_fog_closes_vent,1,
2026-09-04 21:05:39.76023+00,sw_mister_closes_vent,0,
2026-09-04 21:05:39.76023+00,sw_occupancy_inhibit,1,
2026-09-04 21:05:39.76023+00,temp_high,95,
2026-09-04 21:05:39.76023+00,vpd_high,2.799999952316284,
2026-09-04 21:06:44.057688+00,fog_rh_ceiling_pct,90,
2026-09-04 21:06:44.057688+00,mister_max_runtime_min,120,
2026-09-04 21:06:44.057688+00,mister_water_budget_gal,300,
2026-09-04 21:06:44.057688+00,safety_max,95,
2026-09-04 21:06:44.057688+00,safety_max_seal_margin_f,5,
2026-09-04 21:06:44.057688+00,safety_vpd_max,2.5,
2026-09-04 21:06:44.057688+00,sw_direct_wet_stress_override_enabled,1,
2026-09-04 21:06:44.057688+00,sw_fog_closes_vent,1,
2026-09-04 21:06:44.057688+00,sw_mister_closes_vent,0,
2026-09-04 21:06:44.057688+00,sw_occupancy_inhibit,1,
2026-09-04 21:06:44.057688+00,temp_high,95,
2026-09-04 21:06:44.057688+00,vpd_high,2.799999952316284,
2026-09-04 21:07:44.474753+00,fog_rh_ceiling_pct,90,
2026-09-04 21:07:44.474753+00,mister_max_runtime_min,120,
2026-09-04 21:07:44.474753+00,mister_water_budget_gal,300,
2026-09-04 21:07:44.474753+00,safety_max,95,
2026-09-04 21:07:44.474753+00,safety_max_seal_margin_f,5,
2026-09-04 21:07:44.474753+00,safety_vpd_max,2.5,
2026-09-04 21:07:44.474753+00,sw_direct_wet_stress_override_enabled,1,
2026-09-04 21:07:44.474753+00,sw_fog_closes_vent,1,
2026-09-04 21:07:44.474753+00,sw_mister_closes_vent,0,
2026-09-04 21:07:44.474753+00,sw_occupancy_inhibit,1,
2026-09-04 21:07:44.474753+00,temp_high,95,
2026-09-04 21:07:44.474753+00,vpd_high,2.799999952316284,
2026-09-04 21:08:49.300577+00,fog_rh_ceiling_pct,90,
2026-09-04 21:08:49.300577+00,mister_max_runtime_min,120,
2026-09-04 21:08:49.300577+00,mister_water_budget_gal,300,
2026-09-04 21:08:49.300577+00,safety_max,95,
2026-09-04 21:08:49.300577+00,safety_max_seal_margin_f,5,
2026-09-04 21:08:49.300577+00,safety_vpd_max,2.5,
2026-09-04 21:08:49.300577+00,sw_direct_wet_stress_override_enabled,1,
2026-09-04 21:08:49.300577+00,sw_fog_closes_vent,1,
2026-09-04 21:08:49.300577+00,sw_mister_closes_vent,0,
2026-09-04 21:08:49.300577+00,sw_occupancy_inhibit,1,
2026-09-04 21:08:49.300577+00,temp_high,95,
2026-09-04 21:08:49.300577+00,vpd_high,2.799999952316284,
2026-09-04 21:09:53.215691+00,fog_rh_ceiling_pct,90,
2026-09-04 21:09:53.215691+00,mister_max_runtime_min,120,
2026-09-04 21:09:53.215691+00,mister_water_budget_gal,300,
2026-09-04 21:09:53.215691+00,safety_max,95,
2026-09-04 21:09:53.215691+00,safety_max_seal_margin_f,5,
2026-09-04 21:09:53.215691+00,safety_vpd_max,2.5,
2026-09-04 21:09:53.215691+00,sw_direct_wet_stress_override_enabled,1,
2026-09-04 21:09:53.215691+00,sw_fog_closes_vent,1,
2026-09-04 21:09:53.215691+00,sw_mister_closes_vent,0,
2026-09-04 21:09:53.215691+00,sw_occupancy_inhibit,1,
2026-09-04 21:09:53.215691+00,temp_high,95,
2026-09-04 21:09:53.215691+00,vpd_high,2.799999952316284,
2026-09-04 21:10:57.494697+00,fog_rh_ceiling_pct,90,
2026-09-04 21:10:57.494697+00,mister_max_runtime_min,120,
2026-09-04 21:10:57.494697+00,mister_water_budget_gal,300,
2026-09-04 21:10:57.494697+00,safety_max,95,
2026-09-04 21:10:57.494697+00,safety_max_seal_margin_f,5,
2026-09-04 21:10:57.494697+00,safety_vpd_max,2.5,
2026-09-04 21:10:57.494697+00,sw_direct_wet_stress_override_enabled,1,
2026-09-04 21:10:57.494697+00,sw_fog_closes_vent,1,
2026-09-04 21:10:57.494697+00,sw_mister_closes_vent,0,
2026-09-04 21:10:57.494697+00,sw_occupancy_inhibit,1,
2026-09-04 21:10:57.494697+00,temp_high,95,
2026-09-04 21:10:57.494697+00,vpd_high,2.799999952316284,
2026-09-04 21:12:02.308699+00,fog_rh_ceiling_pct,90,
2026-09-04 21:12:02.308699+00,mister_max_runtime_min,120,
2026-09-04 21:12:02.308699+00,mister_water_budget_gal,300,
2026-09-04 21:12:02.308699+00,safety_max,95,
2026-09-04 21:12:02.308699+00,safety_max_seal_margin_f,5,
2026-09-04 21:12:02.308699+00,safety_vpd_max,2.5,
2026-09-04 21:12:02.308699+00,sw_direct_wet_stress_override_enabled,1,
2026-09-04 21:12:02.308699+00,sw_fog_closes_vent,1,
2026-09-04 21:12:02.308699+00,sw_mister_closes_vent,0,
2026-09-04 21:12:02.308699+00,sw_occupancy_inhibit,1,
2026-09-04 21:12:02.308699+00,temp_high,95,
2026-09-04 21:12:02.308699+00,vpd_high,2.799999952316284,
2026-09-04 21:13:06.970805+00,fog_rh_ceiling_pct,90,
2026-09-04 21:13:06.970805+00,mister_max_runtime_min,120,
2026-09-04 21:13:06.970805+00,mister_water_budget_gal,300,
2026-09-04 21:13:06.970805+00,safety_max,95,
2026-09-04 21:13:06.970805+00,safety_max_seal_margin_f,5,
2026-09-04 21:13:06.970805+00,safety_vpd_max,2.5,
2026-09-04 21:13:06.970805+00,sw_direct_wet_stress_override_enabled,1,
2026-09-04 21:13:06.970805+00,sw_fog_closes_vent,1,
2026-09-04 21:13:06.970805+00,sw_mister_closes_vent,0,
2026-09-04 21:13:06.970805+00,sw_occupancy_inhibit,1,
2026-09-04 21:13:06.970805+00,temp_high,95,
2026-09-04 21:13:06.970805+00,vpd_high,2.799999952316284,
2026-09-04 21:14:11.69055+00,fog_rh_ceiling_pct,90,
2026-09-04 21:14:11.69055+00,mister_max_runtime_min,120,
2026-09-04 21:14:11.69055+00,mister_water_budget_gal,300,
2026-09-04 21:14:11.69055+00,safety_max,95,
2026-09-04 21:14:11.69055+00,safety_max_seal_margin_f,5,
2026-09-04 21:14:11.69055+00,safety_vpd_max,2.5,
2026-09-04 21:14:11.69055+00,sw_direct_wet_stress_override_enabled,1,
2026-09-04 21:14:11.69055+00,sw_fog_closes_vent,1,
2026-09-04 21:14:11.69055+00,sw_mister_closes_vent,0,
2026-09-04 21:14:11.69055+00,sw_occupancy_inhibit,1,
2026-09-04 21:14:11.69055+00,temp_high,95,
2026-09-04 21:14:11.69055+00,vpd_high,2.799999952316284,
2026-09-04 21:15:16.361587+00,fog_rh_ceiling_pct,90,
2026-09-04 21:15:16.361587+00,mister_max_runtime_min,120,
2026-09-04 21:15:16.361587+00,mister_water_budget_gal,300,
2026-09-04 21:15:16.361587+00,safety_max,95,
2026-09-04 21:15:16.361587+00,safety_max_seal_margin_f,5,
2026-09-04 21:15:16.361587+00,safety_vpd_max,2.5,
2026-09-04 21:15:16.361587+00,sw_direct_wet_stress_override_enabled,1,
2026-09-04 21:15:16.361587+00,sw_fog_closes_vent,1,
2026-09-04 21:15:16.361587+00,sw_mister_closes_vent,0,
2026-09-04 21:15:16.361587+00,sw_occupancy_inhibit,1,
2026-09-04 21:15:16.361587+00,temp_high,95,
2026-09-04 21:15:16.361587+00,vpd_high,2.799999952316284,
2026-09-04 21:16:16.961601+00,fog_rh_ceiling_pct,90,
2026-09-04 21:16:16.961601+00,mister_max_runtime_min,120,
2026-09-04 21:16:16.961601+00,mister_water_budget_gal,300,
2026-09-04 21:16:16.961601+00,safety_max,95,
2026-09-04 21:16:16.961601+00,safety_max_seal_margin_f,5,
2026-09-04 21:16:16.961601+00,safety_vpd_max,2.5,
2026-09-04 21:16:16.961601+00,sw_direct_wet_stress_override_enabled,1,
2026-09-04 21:16:16.961601+00,sw_fog_closes_vent,1,
2026-09-04 21:16:16.961601+00,sw_mister_closes_vent,0,
2026-09-04 21:16:16.961601+00,sw_occupancy_inhibit,1,
2026-09-04 21:16:16.961601+00,temp_high,95,
2026-09-04 21:16:16.961601+00,vpd_high,2.799999952316284,
2026-09-04 21:17:17.540728+00,fog_rh_ceiling_pct,90,
2026-09-04 21:17:17.540728+00,mister_max_runtime_min,120,
2026-09-04 21:17:17.540728+00,mister_water_budget_gal,300,
2026-09-04 21:17:17.540728+00,safety_max,95,
2026-09-04 21:17:17.540728+00,safety_max_seal_margin_f,5,
2026-09-04 21:17:17.540728+00,safety_vpd_max,2.5,
2026-09-04 21:17:17.540728+00,sw_direct_wet_stress_override_enabled,1,
2026-09-04 21:17:17.540728+00,sw_fog_closes_vent,1,
2026-09-04 21:17:17.540728+00,sw_mister_closes_vent,0,
2026-09-04 21:17:17.540728+00,sw_occupancy_inhibit,1,
2026-09-04 21:17:17.540728+00,temp_high,95,
2026-09-04 21:17:17.540728+00,vpd_high,2.799999952316284,
2026-09-04 21:18:22.331159+00,fog_rh_ceiling_pct,90,
2026-09-04 21:18:22.331159+00,mister_max_runtime_min,120,
2026-09-04 21:18:22.331159+00,mister_water_budget_gal,300,
2026-09-04 21:18:22.331159+00,safety_max,95,
2026-09-04 21:18:22.331159+00,safety_max_seal_margin_f,5,
2026-09-04 21:18:22.331159+00,safety_vpd_max,2.5,
2026-09-04 21:18:22.331159+00,sw_direct_wet_stress_override_enabled,1,
2026-09-04 21:18:22.331159+00,sw_fog_closes_vent,1,
2026-09-04 21:18:22.331159+00,sw_mister_closes_vent,0,
2026-09-04 21:18:22.331159+00,sw_occupancy_inhibit,1,
2026-09-04 21:18:22.331159+00,temp_high,95,
2026-09-04 21:18:22.331159+00,vpd_high,2.799999952316284,
2026-09-04 21:19:26.393285+00,fog_rh_ceiling_pct,90,
2026-09-04 21:19:26.393285+00,mister_max_runtime_min,120,
2026-09-04 21:19:26.393285+00,mister_water_budget_gal,300,
2026-09-04 21:19:26.393285+00,safety_max,95,
2026-09-04 21:19:26.393285+00,safety_max_seal_margin_f,5,
2026-09-04 21:19:26.393285+00,safety_vpd_max,2.5,
2026-09-04 21:19:26.393285+00,sw_direct_wet_stress_override_enabled,1,
2026-09-04 21:19:26.393285+00,sw_fog_closes_vent,1,
2026-09-04 21:19:26.393285+00,sw_mister_closes_vent,0,
2026-09-04 21:19:26.393285+00,sw_occupancy_inhibit,1,
2026-09-04 21:19:26.393285+00,temp_high,95,
2026-09-04 21:19:26.393285+00,vpd_high,2.799999952316284,
2026-09-04 21:20:30.687972+00,fog_rh_ceiling_pct,90,
2026-09-04 21:20:30.687972+00,mister_max_runtime_min,120,
2026-09-04 21:20:30.687972+00,mister_water_budget_gal,300,
2026-09-04 21:20:30.687972+00,safety_max,95,
2026-09-04 21:20:30.687972+00,safety_max_seal_margin_f,5,
2026-09-04 21:20:30.687972+00,safety_vpd_max,2.5,
2026-09-04 21:20:30.687972+00,sw_direct_wet_stress_override_enabled,1,
2026-09-04 21:20:30.687972+00,sw_fog_closes_vent,1,
2026-09-04 21:20:30.687972+00,sw_mister_closes_vent,0,
2026-09-04 21:20:30.687972+00,sw_occupancy_inhibit,1,
2026-09-04 21:20:30.687972+00,temp_high,95,
2026-09-04 21:20:30.687972+00,vpd_high,2.799999952316284,
2026-09-04 21:21:35.266651+00,fog_rh_ceiling_pct,90,
2026-09-04 21:21:35.266651+00,mister_max_runtime_min,120,
2026-09-04 21:21:35.266651+00,mister_water_budget_gal,300,
2026-09-04 21:21:35.266651+00,safety_max,95,
2026-09-04 21:21:35.266651+00,safety_max_seal_margin_f,5,
2026-09-04 21:21:35.266651+00,safety_vpd_max,2.5,
2026-09-04 21:21:35.266651+00,sw_direct_wet_stress_override_enabled,1,
2026-09-04 21:21:35.266651+00,sw_fog_closes_vent,1,
2026-09-04 21:21:35.266651+00,sw_mister_closes_vent,0,
2026-09-04 21:21:35.266651+00,sw_occupancy_inhibit,1,
2026-09-04 21:21:35.266651+00,temp_high,95,
2026-09-04 21:21:35.266651+00,vpd_high,2.799999952316284,
2026-09-04 21:22:39.564698+00,fog_rh_ceiling_pct,90,
2026-09-04 21:22:39.564698+00,mister_max_runtime_min,120,
2026-09-04 21:22:39.564698+00,mister_water_budget_gal,300,
2026-09-04 21:22:39.564698+00,safety_max,95,
2026-09-04 21:22:39.564698+00,safety_max_seal_margin_f,5,
2026-09-04 21:22:39.564698+00,safety_vpd_max,2.5,
2026-09-04 21:22:39.564698+00,sw_direct_wet_stress_override_enabled,1,
2026-09-04 21:22:39.564698+00,sw_fog_closes_vent,1,
2026-09-04 21:22:39.564698+00,sw_mister_closes_vent,0,
2026-09-04 21:22:39.564698+00,sw_occupancy_inhibit,1,
2026-09-04 21:22:39.564698+00,temp_high,95,
2026-09-04 21:22:39.564698+00,vpd_high,2.799999952316284,
2026-09-04 21:23:40.689523+00,fog_rh_ceiling_pct,90,
2026-09-04 21:23:40.689523+00,mister_max_runtime_min,120,
2026-09-04 21:23:40.689523+00,mister_water_budget_gal,300,
2026-09-04 21:23:40.689523+00,safety_max,95,
2026-09-04 21:23:40.689523+00,safety_max_seal_margin_f,5,
2026-09-04 21:23:40.689523+00,safety_vpd_max,2.5,
2026-09-04 21:23:40.689523+00,sw_direct_wet_stress_override_enabled,1,
2026-09-04 21:23:40.689523+00,sw_fog_closes_vent,1,
2026-09-04 21:23:40.689523+00,sw_mister_closes_vent,0,
2026-09-04 21:23:40.689523+00,sw_occupancy_inhibit,1,
2026-09-04 21:23:40.689523+00,temp_high,95,
2026-09-04 21:23:40.689523+00,vpd_high,2.799999952316284,
2026-09-04 21:24:45.304292+00,fog_rh_ceiling_pct,90,
2026-09-04 21:24:45.304292+00,mister_max_runtime_min,120,
2026-09-04 21:24:45.304292+00,mister_water_budget_gal,300,
2026-09-04 21:24:45.304292+00,safety_max,95,
2026-09-04 21:24:45.304292+00,safety_max_seal_margin_f,5,
2026-09-04 21:24:45.304292+00,safety_vpd_max,2.5,
2026-09-04 21:24:45.304292+00,sw_direct_wet_stress_override_enabled,1,
2026-09-04 21:24:45.304292+00,sw_fog_closes_vent,1,
2026-09-04 21:24:45.304292+00,sw_mister_closes_vent,0,
2026-09-04 21:24:45.304292+00,sw_occupancy_inhibit,1,
2026-09-04 21:24:45.304292+00,temp_high,95,
2026-09-04 21:24:45.304292+00,vpd_high,2.8,
2026-09-04 21:25:50.504153+00,fog_rh_ceiling_pct,90,
2026-09-04 21:25:50.504153+00,mister_max_runtime_min,120,
2026-09-04 21:25:50.504153+00,mister_water_budget_gal,300,
2026-09-04 21:25:50.504153+00,safety_max,95,
2026-09-04 21:25:50.504153+00,safety_max_seal_margin_f,5,
2026-09-04 21:25:50.504153+00,safety_vpd_max,2.5,
2026-09-04 21:25:50.504153+00,sw_direct_wet_stress_override_enabled,1,
2026-09-04 21:25:50.504153+00,sw_fog_closes_vent,1,
2026-09-04 21:25:50.504153+00,sw_mister_closes_vent,0,
2026-09-04 21:25:50.504153+00,sw_occupancy_inhibit,1,
2026-09-04 21:25:50.504153+00,temp_high,95,
2026-09-04 21:25:50.504153+00,vpd_high,2.799999952316284,
2026-09-04 21:26:50.693555+00,fog_rh_ceiling_pct,90,
2026-09-04 21:26:50.693555+00,mister_max_runtime_min,120,
2026-09-04 21:26:50.693555+00,mister_water_budget_gal,300,
2026-09-04 21:26:50.693555+00,safety_max,95,
2026-09-04 21:26:50.693555+00,safety_max_seal_margin_f,5,
2026-09-04 21:26:50.693555+00,safety_vpd_max,2.5,
2026-09-04 21:26:50.693555+00,sw_direct_wet_stress_override_enabled,1,
2026-09-04 21:26:50.693555+00,sw_fog_closes_vent,1,
2026-09-04 21:26:50.693555+00,sw_mister_closes_vent,0,
2026-09-04 21:26:50.693555+00,sw_occupancy_inhibit,1,
2026-09-04 21:26:50.693555+00,temp_high,95,
2026-09-04 21:26:50.693555+00,vpd_high,2.799999952316284,
2026-09-04 21:27:54.697857+00,fog_rh_ceiling_pct,90,
2026-09-04 21:27:54.697857+00,mister_max_runtime_min,120,
2026-09-04 21:27:54.697857+00,mister_water_budget_gal,300,
2026-09-04 21:27:54.697857+00,safety_max,95,
2026-09-04 21:27:54.697857+00,safety_max_seal_margin_f,5,
2026-09-04 21:27:54.697857+00,safety_vpd_max,2.5,
2026-09-04 21:27:54.697857+00,sw_direct_wet_stress_override_enabled,1,
2026-09-04 21:27:54.697857+00,sw_fog_closes_vent,1,
2026-09-04 21:27:54.697857+00,sw_mister_closes_vent,0,
2026-09-04 21:27:54.697857+00,sw_occupancy_inhibit,1,
2026-09-04 21:27:54.697857+00,temp_high,95,
2026-09-04 21:27:54.697857+00,vpd_high,2.799999952316284,
2026-09-04 21:28:58.993229+00,fog_rh_ceiling_pct,90,
2026-09-04 21:28:58.993229+00,mister_max_runtime_min,120,
2026-09-04 21:28:58.993229+00,mister_water_budget_gal,300,
2026-09-04 21:28:58.993229+00,safety_max,95,
2026-09-04 21:28:58.993229+00,safety_max_seal_margin_f,5,
2026-09-04 21:28:58.993229+00,safety_vpd_max,2.5,
2026-09-04 21:28:58.993229+00,sw_direct_wet_stress_override_enabled,1,
2026-09-04 21:28:58.993229+00,sw_fog_closes_vent,1,
2026-09-04 21:28:58.993229+00,sw_mister_closes_vent,0,
2026-09-04 21:28:58.993229+00,sw_occupancy_inhibit,1,
2026-09-04 21:28:58.993229+00,temp_high,95,
2026-09-04 21:28:58.993229+00,vpd_high,2.799999952316284,
2026-09-04 21:30:02.784767+00,fog_rh_ceiling_pct,90,
2026-09-04 21:30:02.784767+00,mister_max_runtime_min,120,
2026-09-04 21:30:02.784767+00,mister_water_budget_gal,300,
2026-09-04 21:30:02.784767+00,safety_max,95,
2026-09-04 21:30:02.784767+00,safety_max_seal_margin_f,5,
2026-09-04 21:30:02.784767+00,safety_vpd_max,2.5,
2026-09-04 21:30:02.784767+00,sw_direct_wet_stress_override_enabled,1,
2026-09-04 21:30:02.784767+00,sw_fog_closes_vent,1,
2026-09-04 21:30:02.784767+00,sw_mister_closes_vent,0,
2026-09-04 21:30:02.784767+00,sw_occupancy_inhibit,1,
2026-09-04 21:30:02.784767+00,temp_high,95,
2026-09-04 21:30:02.784767+00,vpd_high,2.799999952316284,
2026-09-04 21:31:07.094647+00,fog_rh_ceiling_pct,90,
2026-09-04 21:31:07.094647+00,mister_max_runtime_min,120,
2026-09-04 21:31:07.094647+00,mister_water_budget_gal,300,
2026-09-04 21:31:07.094647+00,safety_max,95,
2026-09-04 21:31:07.094647+00,safety_max_seal_margin_f,5,
2026-09-04 21:31:07.094647+00,safety_vpd_max,2.5,
2026-09-04 21:31:07.094647+00,sw_direct_wet_stress_override_enabled,1,
2026-09-04 21:31:07.094647+00,sw_fog_closes_vent,1,
2026-09-04 21:31:07.094647+00,sw_mister_closes_vent,0,
2026-09-04 21:31:07.094647+00,sw_occupancy_inhibit,1,
2026-09-04 21:31:07.094647+00,temp_high,95,
2026-09-04 21:31:07.094647+00,vpd_high,2.799999952316284,
2026-09-04 21:32:11.617181+00,fog_rh_ceiling_pct,90,
2026-09-04 21:32:11.617181+00,mister_max_runtime_min,120,
2026-09-04 21:32:11.617181+00,mister_water_budget_gal,300,
2026-09-04 21:32:11.617181+00,safety_max,95,
2026-09-04 21:32:11.617181+00,safety_max_seal_margin_f,5,
2026-09-04 21:32:11.617181+00,safety_vpd_max,2.5,
2026-09-04 21:32:11.617181+00,sw_direct_wet_stress_override_enabled,1,
2026-09-04 21:32:11.617181+00,sw_fog_closes_vent,1,
2026-09-04 21:32:11.617181+00,sw_mister_closes_vent,0,
2026-09-04 21:32:11.617181+00,sw_occupancy_inhibit,1,
2026-09-04 21:32:11.617181+00,temp_high,95,
2026-09-04 21:32:11.617181+00,vpd_high,2.799999952316284,
2026-09-04 21:33:11.636377+00,fog_rh_ceiling_pct,90,
2026-09-04 21:33:11.636377+00,mister_max_runtime_min,120,
2026-09-04 21:33:11.636377+00,mister_water_budget_gal,300,
2026-09-04 21:33:11.636377+00,safety_max,95,
2026-09-04 21:33:11.636377+00,safety_max_seal_margin_f,5,
2026-09-04 21:33:11.636377+00,safety_vpd_max,2.5,
2026-09-04 21:33:11.636377+00,sw_direct_wet_stress_override_enabled,1,
2026-09-04 21:33:11.636377+00,sw_fog_closes_vent,1,
2026-09-04 21:33:11.636377+00,sw_mister_closes_vent,0,
2026-09-04 21:33:11.636377+00,sw_occupancy_inhibit,1,
2026-09-04 21:33:11.636377+00,temp_high,95,
2026-09-04 21:33:11.636377+00,vpd_high,2.799999952316284,
2026-09-04 21:34:15.139696+00,fog_rh_ceiling_pct,90,
2026-09-04 21:34:15.139696+00,mister_max_runtime_min,120,
2026-09-04 21:34:15.139696+00,mister_water_budget_gal,300,
2026-09-04 21:34:15.139696+00,safety_max,95,
2026-09-04 21:34:15.139696+00,safety_max_seal_margin_f,5,
2026-09-04 21:34:15.139696+00,safety_vpd_max,2.5,
2026-09-04 21:34:15.139696+00,sw_direct_wet_stress_override_enabled,1,
2026-09-04 21:34:15.139696+00,sw_fog_closes_vent,1,
2026-09-04 21:34:15.139696+00,sw_mister_closes_vent,0,
2026-09-04 21:34:15.139696+00,sw_occupancy_inhibit,1,
2026-09-04 21:34:15.139696+00,temp_high,95,
2026-09-04 21:34:15.139696+00,vpd_high,2.799999952316284,
2026-09-04 21:35:15.20083+00,fog_rh_ceiling_pct,90,
2026-09-04 21:35:15.20083+00,mister_max_runtime_min,120,
2026-09-04 21:35:15.20083+00,mister_water_budget_gal,300,
2026-09-04 21:35:15.20083+00,safety_max,95,
2026-09-04 21:35:15.20083+00,safety_max_seal_margin_f,5,
2026-09-04 21:35:15.20083+00,safety_vpd_max,2.5,
2026-09-04 21:35:15.20083+00,sw_direct_wet_stress_override_enabled,1,
2026-09-04 21:35:15.20083+00,sw_fog_closes_vent,1,
2026-09-04 21:35:15.20083+00,sw_mister_closes_vent,0,
2026-09-04 21:35:15.20083+00,sw_occupancy_inhibit,1,
2026-09-04 21:35:15.20083+00,temp_high,95,
2026-09-04 21:35:15.20083+00,vpd_high,2.799999952316284,
2026-09-04 21:36:19.978225+00,fog_rh_ceiling_pct,90,
2026-09-04 21:36:19.978225+00,mister_max_runtime_min,120,
2026-09-04 21:36:19.978225+00,mister_water_budget_gal,300,
2026-09-04 21:36:19.978225+00,safety_max,95,
2026-09-04 21:36:19.978225+00,safety_max_seal_margin_f,5,
2026-09-04 21:36:19.978225+00,safety_vpd_max,2.5,
2026-09-04 21:36:19.978225+00,sw_direct_wet_stress_override_enabled,1,
2026-09-04 21:36:19.978225+00,sw_fog_closes_vent,1,
2026-09-04 21:36:19.978225+00,sw_mister_closes_vent,0,
2026-09-04 21:36:19.978225+00,sw_occupancy_inhibit,1,
2026-09-04 21:36:19.978225+00,temp_high,95,
2026-09-04 21:36:19.978225+00,vpd_high,2.799999952316284,
2026-09-04 21:37:24.309305+00,fog_rh_ceiling_pct,90,
2026-09-04 21:37:24.309305+00,mister_max_runtime_min,120,
2026-09-04 21:37:24.309305+00,mister_water_budget_gal,300,
2026-09-04 21:37:24.309305+00,safety_max,95,
2026-09-04 21:37:24.309305+00,safety_max_seal_margin_f,5,
2026-09-04 21:37:24.309305+00,safety_vpd_max,2.5,
2026-09-04 21:37:24.309305+00,sw_direct_wet_stress_override_enabled,1,
2026-09-04 21:37:24.309305+00,sw_fog_closes_vent,1,
2026-09-04 21:37:24.309305+00,sw_mister_closes_vent,0,
2026-09-04 21:37:24.309305+00,sw_occupancy_inhibit,1,
2026-09-04 21:37:24.309305+00,temp_high,95,
2026-09-04 21:37:24.309305+00,vpd_high,2.799999952316284,
2026-09-04 21:38:28.535969+00,fog_rh_ceiling_pct,90,
2026-09-04 21:38:28.535969+00,mister_max_runtime_min,120,
2026-09-04 21:38:28.535969+00,mister_water_budget_gal,300,
2026-09-04 21:38:28.535969+00,safety_max,95,
2026-09-04 21:38:28.535969+00,safety_max_seal_margin_f,5,
2026-09-04 21:38:28.535969+00,safety_vpd_max,2.5,
2026-09-04 21:38:28.535969+00,sw_direct_wet_stress_override_enabled,1,
2026-09-04 21:38:28.535969+00,sw_fog_closes_vent,1,
2026-09-04 21:38:28.535969+00,sw_mister_closes_vent,0,
2026-09-04 21:38:28.535969+00,sw_occupancy_inhibit,1,
2026-09-04 21:38:28.535969+00,temp_high,95,
2026-09-04 21:38:28.535969+00,vpd_high,2.799999952316284,
2026-09-04 21:39:32.193301+00,fog_rh_ceiling_pct,90,
2026-09-04 21:39:32.193301+00,mister_max_runtime_min,120,
2026-09-04 21:39:32.193301+00,mister_water_budget_gal,300,
2026-09-04 21:39:32.193301+00,safety_max,95,
2026-09-04 21:39:32.193301+00,safety_max_seal_margin_f,5,
2026-09-04 21:39:32.193301+00,safety_vpd_max,2.5,
2026-09-04 21:39:32.193301+00,sw_direct_wet_stress_override_enabled,1,
2026-09-04 21:39:32.193301+00,sw_fog_closes_vent,1,
2026-09-04 21:39:32.193301+00,sw_mister_closes_vent,0,
2026-09-04 21:39:32.193301+00,sw_occupancy_inhibit,1,
2026-09-04 21:39:32.193301+00,temp_high,95,
2026-09-04 21:39:32.193301+00,vpd_high,2.799999952316284,
2026-09-04 21:40:36.362816+00,fog_rh_ceiling_pct,90,
2026-09-04 21:40:36.362816+00,mister_max_runtime_min,120,
2026-09-04 21:40:36.362816+00,mister_water_budget_gal,300,
2026-09-04 21:40:36.362816+00,safety_max,95,
2026-09-04 21:40:36.362816+00,safety_max_seal_margin_f,5,
2026-09-04 21:40:36.362816+00,safety_vpd_max,2.5,
2026-09-04 21:40:36.362816+00,sw_direct_wet_stress_override_enabled,1,
2026-09-04 21:40:36.362816+00,sw_fog_closes_vent,1,
2026-09-04 21:40:36.362816+00,sw_mister_closes_vent,0,
2026-09-04 21:40:36.362816+00,sw_occupancy_inhibit,1,
2026-09-04 21:40:36.362816+00,temp_high,95,
2026-09-04 21:40:36.362816+00,vpd_high,2.799999952316284,
2026-09-04 21:41:40.291103+00,fog_rh_ceiling_pct,90,
2026-09-04 21:41:40.291103+00,mister_max_runtime_min,120,
2026-09-04 21:41:40.291103+00,mister_water_budget_gal,300,
2026-09-04 21:41:40.291103+00,safety_max,95,
2026-09-04 21:41:40.291103+00,safety_max_seal_margin_f,5,
2026-09-04 21:41:40.291103+00,safety_vpd_max,2.5,
2026-09-04 21:41:40.291103+00,sw_direct_wet_stress_override_enabled,1,
2026-09-04 21:41:40.291103+00,sw_fog_closes_vent,1,
2026-09-04 21:41:40.291103+00,sw_mister_closes_vent,0,
2026-09-04 21:41:40.291103+00,sw_occupancy_inhibit,1,
2026-09-04 21:41:40.291103+00,temp_high,95,
2026-09-04 21:41:40.291103+00,vpd_high,2.799999952316284,
2026-09-04 21:42:44.470725+00,fog_rh_ceiling_pct,90,
2026-09-04 21:42:44.470725+00,mister_max_runtime_min,120,
2026-09-04 21:42:44.470725+00,mister_water_budget_gal,300,
2026-09-04 21:42:44.470725+00,safety_max,95,
2026-09-04 21:42:44.470725+00,safety_max_seal_margin_f,5,
2026-09-04 21:42:44.470725+00,safety_vpd_max,2.5,
2026-09-04 21:42:44.470725+00,sw_direct_wet_stress_override_enabled,1,
2026-09-04 21:42:44.470725+00,sw_fog_closes_vent,1,
2026-09-04 21:42:44.470725+00,sw_mister_closes_vent,0,
2026-09-04 21:42:44.470725+00,sw_occupancy_inhibit,1,
2026-09-04 21:42:44.470725+00,temp_high,95,
2026-09-04 21:42:44.470725+00,vpd_high,2.799999952316284,
2026-09-04 21:43:44.732639+00,fog_rh_ceiling_pct,90,
2026-09-04 21:43:44.732639+00,mister_max_runtime_min,120,
2026-09-04 21:43:44.732639+00,mister_water_budget_gal,300,
2026-09-04 21:43:44.732639+00,safety_max,95,
2026-09-04 21:43:44.732639+00,safety_max_seal_margin_f,5,
2026-09-04 21:43:44.732639+00,safety_vpd_max,2.5,
2026-09-04 21:43:44.732639+00,sw_direct_wet_stress_override_enabled,1,
2026-09-04 21:43:44.732639+00,sw_fog_closes_vent,1,
2026-09-04 21:43:44.732639+00,sw_mister_closes_vent,0,
2026-09-04 21:43:44.732639+00,sw_occupancy_inhibit,1,
2026-09-04 21:43:44.732639+00,temp_high,95,
2026-09-04 21:43:44.732639+00,vpd_high,2.799999952316284,
2026-09-04 21:44:48.802335+00,fog_rh_ceiling_pct,90,
2026-09-04 21:44:48.802335+00,mister_max_runtime_min,120,
2026-09-04 21:44:48.802335+00,mister_water_budget_gal,300,
2026-09-04 21:44:48.802335+00,safety_max,95,
2026-09-04 21:44:48.802335+00,safety_max_seal_margin_f,5,
2026-09-04 21:44:48.802335+00,safety_vpd_max,2.5,
2026-09-04 21:44:48.802335+00,sw_direct_wet_stress_override_enabled,1,
2026-09-04 21:44:48.802335+00,sw_fog_closes_vent,1,
2026-09-04 21:44:48.802335+00,sw_mister_closes_vent,0,
2026-09-04 21:44:48.802335+00,sw_occupancy_inhibit,1,
2026-09-04 21:44:48.802335+00,temp_high,95,
2026-09-04 21:44:48.802335+00,vpd_high,2.799999952316284,
2026-09-04 21:45:53.067249+00,fog_rh_ceiling_pct,90,
2026-09-04 21:45:53.067249+00,mister_max_runtime_min,120,
2026-09-04 21:45:53.067249+00,mister_water_budget_gal,300,
2026-09-04 21:45:53.067249+00,safety_max,95,
2026-09-04 21:45:53.067249+00,safety_max_seal_margin_f,5,
2026-09-04 21:45:53.067249+00,safety_vpd_max,2.5,
2026-09-04 21:45:53.067249+00,sw_direct_wet_stress_override_enabled,1,
2026-09-04 21:45:53.067249+00,sw_fog_closes_vent,1,
2026-09-04 21:45:53.067249+00,sw_mister_closes_vent,0,
2026-09-04 21:45:53.067249+00,sw_occupancy_inhibit,1,
2026-09-04 21:45:53.067249+00,temp_high,95,
2026-09-04 21:45:53.067249+00,vpd_high,2.799999952316284,
2026-09-04 21:46:54.077682+00,fog_rh_ceiling_pct,90,
2026-09-04 21:46:54.077682+00,mister_max_runtime_min,120,
2026-09-04 21:46:54.077682+00,mister_water_budget_gal,300,
2026-09-04 21:46:54.077682+00,safety_max,95,
2026-09-04 21:46:54.077682+00,safety_max_seal_margin_f,5,
2026-09-04 21:46:54.077682+00,safety_vpd_max,2.5,
2026-09-04 21:46:54.077682+00,sw_direct_wet_stress_override_enabled,1,
2026-09-04 21:46:54.077682+00,sw_fog_closes_vent,1,
2026-09-04 21:46:54.077682+00,sw_mister_closes_vent,0,
2026-09-04 21:46:54.077682+00,sw_occupancy_inhibit,1,
2026-09-04 21:46:54.077682+00,temp_high,95,
2026-09-04 21:46:54.077682+00,vpd_high,2.799999952316284,
2026-09-04 21:47:58.713912+00,fog_rh_ceiling_pct,90,
2026-09-04 21:47:58.713912+00,mister_max_runtime_min,120,
2026-09-04 21:47:58.713912+00,mister_water_budget_gal,300,
2026-09-04 21:47:58.713912+00,safety_max,95,
2026-09-04 21:47:58.713912+00,safety_max_seal_margin_f,5,
2026-09-04 21:47:58.713912+00,safety_vpd_max,2.5,
2026-09-04 21:47:58.713912+00,sw_direct_wet_stress_override_enabled,1,
2026-09-04 21:47:58.713912+00,sw_fog_closes_vent,1,
2026-09-04 21:47:58.713912+00,sw_mister_closes_vent,0,
2026-09-04 21:47:58.713912+00,sw_occupancy_inhibit,1,
2026-09-04 21:47:58.713912+00,temp_high,95,
2026-09-04 21:47:58.713912+00,vpd_high,2.799999952316284,
2026-09-04 21:48:59.054156+00,fog_rh_ceiling_pct,90,
2026-09-04 21:48:59.054156+00,mister_max_runtime_min,120,
2026-09-04 21:48:59.054156+00,mister_water_budget_gal,300,
2026-09-04 21:48:59.054156+00,safety_max,95,
2026-09-04 21:48:59.054156+00,safety_max_seal_margin_f,5,
2026-09-04 21:48:59.054156+00,safety_vpd_max,2.5,
2026-09-04 21:48:59.054156+00,sw_direct_wet_stress_override_enabled,1,
2026-09-04 21:48:59.054156+00,sw_fog_closes_vent,1,
2026-09-04 21:48:59.054156+00,sw_mister_closes_vent,0,
2026-09-04 21:48:59.054156+00,sw_occupancy_inhibit,1,
2026-09-04 21:48:59.054156+00,temp_high,95,
2026-09-04 21:48:59.054156+00,vpd_high,2.799999952316284,
2026-09-04 21:50:03.38429+00,fog_rh_ceiling_pct,90,
2026-09-04 21:50:03.38429+00,mister_max_runtime_min,120,
2026-09-04 21:50:03.38429+00,mister_water_budget_gal,300,
2026-09-04 21:50:03.38429+00,safety_max,95,
2026-09-04 21:50:03.38429+00,safety_max_seal_margin_f,5,
2026-09-04 21:50:03.38429+00,safety_vpd_max,2.5,
2026-09-04 21:50:03.38429+00,sw_direct_wet_stress_override_enabled,1,
2026-09-04 21:50:03.38429+00,sw_fog_closes_vent,1,
2026-09-04 21:50:03.38429+00,sw_mister_closes_vent,0,
2026-09-04 21:50:03.38429+00,sw_occupancy_inhibit,1,
2026-09-04 21:50:03.38429+00,temp_high,95,
2026-09-04 21:50:03.38429+00,vpd_high,2.799999952316284,
2026-09-04 21:51:08.061701+00,fog_rh_ceiling_pct,90,
2026-09-04 21:51:08.061701+00,mister_max_runtime_min,120,
2026-09-04 21:51:08.061701+00,mister_water_budget_gal,300,
2026-09-04 21:51:08.061701+00,safety_max,95,
2026-09-04 21:51:08.061701+00,safety_max_seal_margin_f,5,
2026-09-04 21:51:08.061701+00,safety_vpd_max,2.5,
2026-09-04 21:51:08.061701+00,sw_direct_wet_stress_override_enabled,1,
2026-09-04 21:51:08.061701+00,sw_fog_closes_vent,1,
2026-09-04 21:51:08.061701+00,sw_mister_closes_vent,0,
2026-09-04 21:51:08.061701+00,sw_occupancy_inhibit,1,
2026-09-04 21:51:08.061701+00,temp_high,95,
2026-09-04 21:51:08.061701+00,vpd_high,2.799999952316284,
2026-09-04 21:52:08.699988+00,fog_rh_ceiling_pct,90,
2026-09-04 21:52:08.699988+00,mister_max_runtime_min,120,
2026-09-04 21:52:08.699988+00,mister_water_budget_gal,300,
2026-09-04 21:52:08.699988+00,safety_max,95,
2026-09-04 21:52:08.699988+00,safety_max_seal_margin_f,5,
2026-09-04 21:52:08.699988+00,safety_vpd_max,2.5,
2026-09-04 21:52:08.699988+00,sw_direct_wet_stress_override_enabled,1,
2026-09-04 21:52:08.699988+00,sw_fog_closes_vent,1,
2026-09-04 21:52:08.699988+00,sw_mister_closes_vent,0,
2026-09-04 21:52:08.699988+00,sw_occupancy_inhibit,1,
2026-09-04 21:52:08.699988+00,temp_high,95,
2026-09-04 21:52:08.699988+00,vpd_high,2.799999952316284,
2026-09-04 21:53:13.475207+00,fog_rh_ceiling_pct,90,
2026-09-04 21:53:13.475207+00,mister_max_runtime_min,120,
2026-09-04 21:53:13.475207+00,mister_water_budget_gal,300,
2026-09-04 21:53:13.475207+00,safety_max,95,
2026-09-04 21:53:13.475207+00,safety_max_seal_margin_f,5,
2026-09-04 21:53:13.475207+00,safety_vpd_max,2.5,
2026-09-04 21:53:13.475207+00,sw_direct_wet_stress_override_enabled,1,
2026-09-04 21:53:13.475207+00,sw_fog_closes_vent,1,
2026-09-04 21:53:13.475207+00,sw_mister_closes_vent,0,
2026-09-04 21:53:13.475207+00,sw_occupancy_inhibit,1,
2026-09-04 21:53:13.475207+00,temp_high,95,
2026-09-04 21:53:13.475207+00,vpd_high,2.799999952316284,
2026-09-04 21:54:17.618308+00,fog_rh_ceiling_pct,90,
2026-09-04 21:54:17.618308+00,mister_max_runtime_min,120,
2026-09-04 21:54:17.618308+00,mister_water_budget_gal,300,
2026-09-04 21:54:17.618308+00,safety_max,95,
2026-09-04 21:54:17.618308+00,safety_max_seal_margin_f,5,
2026-09-04 21:54:17.618308+00,safety_vpd_max,2.5,
2026-09-04 21:54:17.618308+00,sw_direct_wet_stress_override_enabled,1,
2026-09-04 21:54:17.618308+00,sw_fog_closes_vent,1,
2026-09-04 21:54:17.618308+00,sw_mister_closes_vent,0,
2026-09-04 21:54:17.618308+00,sw_occupancy_inhibit,1,
2026-09-04 21:54:17.618308+00,temp_high,95,
2026-09-04 21:54:17.618308+00,vpd_high,2.799999952316284,
2026-09-04 21:55:21.202749+00,fog_rh_ceiling_pct,90,
2026-09-04 21:55:21.202749+00,mister_max_runtime_min,120,
2026-09-04 21:55:21.202749+00,mister_water_budget_gal,300,
2026-09-04 21:55:21.202749+00,safety_max,95,
2026-09-04 21:55:21.202749+00,safety_max_seal_margin_f,5,
2026-09-04 21:55:21.202749+00,safety_vpd_max,2.5,
2026-09-04 21:55:21.202749+00,sw_direct_wet_stress_override_enabled,1,
2026-09-04 21:55:21.202749+00,sw_fog_closes_vent,1,
2026-09-04 21:55:21.202749+00,sw_mister_closes_vent,0,
2026-09-04 21:55:21.202749+00,sw_occupancy_inhibit,1,
2026-09-04 21:55:21.202749+00,temp_high,95,
2026-09-04 21:55:21.202749+00,vpd_high,2.799999952316284,
2026-09-04 21:56:25.160131+00,fog_rh_ceiling_pct,90,
2026-09-04 21:56:25.160131+00,mister_max_runtime_min,120,
2026-09-04 21:56:25.160131+00,mister_water_budget_gal,300,
2026-09-04 21:56:25.160131+00,safety_max,95,
2026-09-04 21:56:25.160131+00,safety_max_seal_margin_f,5,
2026-09-04 21:56:25.160131+00,safety_vpd_max,2.5,
2026-09-04 21:56:25.160131+00,sw_direct_wet_stress_override_enabled,1,
2026-09-04 21:56:25.160131+00,sw_fog_closes_vent,1,
2026-09-04 21:56:25.160131+00,sw_mister_closes_vent,0,
2026-09-04 21:56:25.160131+00,sw_occupancy_inhibit,1,
2026-09-04 21:56:25.160131+00,temp_high,95,
2026-09-04 21:56:25.160131+00,vpd_high,2.799999952316284,
2026-09-04 21:57:29.630234+00,fog_rh_ceiling_pct,90,
2026-09-04 21:57:29.630234+00,mister_max_runtime_min,120,
2026-09-04 21:57:29.630234+00,mister_water_budget_gal,300,
2026-09-04 21:57:29.630234+00,safety_max,95,
2026-09-04 21:57:29.630234+00,safety_max_seal_margin_f,5,
2026-09-04 21:57:29.630234+00,safety_vpd_max,2.5,
2026-09-04 21:57:29.630234+00,sw_direct_wet_stress_override_enabled,1,
2026-09-04 21:57:29.630234+00,sw_fog_closes_vent,1,
2026-09-04 21:57:29.630234+00,sw_mister_closes_vent,0,
2026-09-04 21:57:29.630234+00,sw_occupancy_inhibit,1,
2026-09-04 21:57:29.630234+00,temp_high,95,
2026-09-04 21:57:29.630234+00,vpd_high,2.799999952316284,
2026-09-04 21:58:34.528392+00,fog_rh_ceiling_pct,90,
2026-09-04 21:58:34.528392+00,mister_max_runtime_min,120,
2026-09-04 21:58:34.528392+00,mister_water_budget_gal,300,
2026-09-04 21:58:34.528392+00,safety_max,95,
2026-09-04 21:58:34.528392+00,safety_max_seal_margin_f,5,
2026-09-04 21:58:34.528392+00,safety_vpd_max,2.5,
2026-09-04 21:58:34.528392+00,sw_direct_wet_stress_override_enabled,1,
2026-09-04 21:58:34.528392+00,sw_fog_closes_vent,1,
2026-09-04 21:58:34.528392+00,sw_mister_closes_vent,0,
2026-09-04 21:58:34.528392+00,sw_occupancy_inhibit,1,
2026-09-04 21:58:34.528392+00,temp_high,95,
2026-09-04 21:58:34.528392+00,vpd_high,2.799999952316284,
2026-09-04 21:59:38.778772+00,fog_rh_ceiling_pct,90,
2026-09-04 21:59:38.778772+00,mister_max_runtime_min,120,
2026-09-04 21:59:38.778772+00,mister_water_budget_gal,300,
2026-09-04 21:59:38.778772+00,safety_max,95,
2026-09-04 21:59:38.778772+00,safety_max_seal_margin_f,5,
2026-09-04 21:59:38.778772+00,safety_vpd_max,2.5,
2026-09-04 21:59:38.778772+00,sw_direct_wet_stress_override_enabled,1,
2026-09-04 21:59:38.778772+00,sw_fog_closes_vent,1,
2026-09-04 21:59:38.778772+00,sw_mister_closes_vent,0,
2026-09-04 21:59:38.778772+00,sw_occupancy_inhibit,1,
2026-09-04 21:59:38.778772+00,temp_high,95,
2026-09-04 21:59:38.778772+00,vpd_high,2.799999952316284,
2026-09-04 22:00:43.249086+00,fog_rh_ceiling_pct,90,
2026-09-04 22:00:43.249086+00,mister_max_runtime_min,120,
2026-09-04 22:00:43.249086+00,mister_water_budget_gal,300,
2026-09-04 22:00:43.249086+00,safety_max,95,
2026-09-04 22:00:43.249086+00,safety_max_seal_margin_f,5,
2026-09-04 22:00:43.249086+00,safety_vpd_max,2.5,
2026-09-04 22:00:43.249086+00,sw_direct_wet_stress_override_enabled,1,
2026-09-04 22:00:43.249086+00,sw_fog_closes_vent,1,
2026-09-04 22:00:43.249086+00,sw_mister_closes_vent,0,
2026-09-04 22:00:43.249086+00,sw_occupancy_inhibit,1,
2026-09-04 22:00:43.249086+00,temp_high,95,
2026-09-04 22:00:43.249086+00,vpd_high,2.799999952316284,
2026-09-04 22:01:47.953162+00,fog_rh_ceiling_pct,90,
2026-09-04 22:01:47.953162+00,mister_max_runtime_min,120,
2026-09-04 22:01:47.953162+00,mister_water_budget_gal,300,
2026-09-04 22:01:47.953162+00,safety_max,95,
2026-09-04 22:01:47.953162+00,safety_max_seal_margin_f,5,
2026-09-04 22:01:47.953162+00,safety_vpd_max,2.5,
2026-09-04 22:01:47.953162+00,sw_direct_wet_stress_override_enabled,1,
2026-09-04 22:01:47.953162+00,sw_fog_closes_vent,1,
2026-09-04 22:01:47.953162+00,sw_mister_closes_vent,0,
2026-09-04 22:01:47.953162+00,sw_occupancy_inhibit,1,
2026-09-04 22:01:47.953162+00,temp_high,95,
2026-09-04 22:01:47.953162+00,vpd_high,2.799999952316284,
2026-09-04 22:02:53.01669+00,fog_rh_ceiling_pct,90,
2026-09-04 22:02:53.01669+00,mister_max_runtime_min,120,
2026-09-04 22:02:53.01669+00,mister_water_budget_gal,300,
2026-09-04 22:02:53.01669+00,safety_max,95,
2026-09-04 22:02:53.01669+00,safety_max_seal_margin_f,5,
2026-09-04 22:02:53.01669+00,safety_vpd_max,2.5,
2026-09-04 22:02:53.01669+00,sw_direct_wet_stress_override_enabled,1,
2026-09-04 22:02:53.01669+00,sw_fog_closes_vent,1,
2026-09-04 22:02:53.01669+00,sw_mister_closes_vent,0,
2026-09-04 22:02:53.01669+00,sw_occupancy_inhibit,1,
2026-09-04 22:02:53.01669+00,temp_high,95,
2026-09-04 22:02:53.01669+00,vpd_high,2.799999952316284,
2026-09-04 22:03:53.071676+00,fog_rh_ceiling_pct,90,
2026-09-04 22:03:53.071676+00,mister_max_runtime_min,120,
2026-09-04 22:03:53.071676+00,mister_water_budget_gal,300,
2026-09-04 22:03:53.071676+00,safety_max,95,
2026-09-04 22:03:53.071676+00,safety_max_seal_margin_f,5,
2026-09-04 22:03:53.071676+00,safety_vpd_max,2.5,
2026-09-04 22:03:53.071676+00,sw_direct_wet_stress_override_enabled,1,
2026-09-04 22:03:53.071676+00,sw_fog_closes_vent,1,
2026-09-04 22:03:53.071676+00,sw_mister_closes_vent,0,
2026-09-04 22:03:53.071676+00,sw_occupancy_inhibit,1,
2026-09-04 22:03:53.071676+00,temp_high,95,
2026-09-04 22:03:53.071676+00,vpd_high,2.799999952316284,
2026-09-04 22:04:57.203167+00,fog_rh_ceiling_pct,90,
2026-09-04 22:04:57.203167+00,mister_max_runtime_min,120,
2026-09-04 22:04:57.203167+00,mister_water_budget_gal,300,
2026-09-04 22:04:57.203167+00,safety_max,95,
2026-09-04 22:04:57.203167+00,safety_max_seal_margin_f,5,
2026-09-04 22:04:57.203167+00,safety_vpd_max,2.5,
2026-09-04 22:04:57.203167+00,sw_direct_wet_stress_override_enabled,1,
2026-09-04 22:04:57.203167+00,sw_fog_closes_vent,1,
2026-09-04 22:04:57.203167+00,sw_mister_closes_vent,0,
2026-09-04 22:04:57.203167+00,sw_occupancy_inhibit,1,
2026-09-04 22:04:57.203167+00,temp_high,95,
2026-09-04 22:04:57.203167+00,vpd_high,2.799999952316284,
2026-09-04 22:06:01.806415+00,fog_rh_ceiling_pct,90,
2026-09-04 22:06:01.806415+00,mister_max_runtime_min,120,
2026-09-04 22:06:01.806415+00,mister_water_budget_gal,300,
2026-09-04 22:06:01.806415+00,safety_max,95,
2026-09-04 22:06:01.806415+00,safety_max_seal_margin_f,5,
2026-09-04 22:06:01.806415+00,safety_vpd_max,2.5,
2026-09-04 22:06:01.806415+00,sw_direct_wet_stress_override_enabled,1,
2026-09-04 22:06:01.806415+00,sw_fog_closes_vent,1,
2026-09-04 22:06:01.806415+00,sw_mister_closes_vent,0,
2026-09-04 22:06:01.806415+00,sw_occupancy_inhibit,1,
2026-09-04 22:06:01.806415+00,temp_high,95,
2026-09-04 22:06:01.806415+00,vpd_high,2.799999952316284,
2026-09-04 22:07:06.498113+00,fog_rh_ceiling_pct,90,
2026-09-04 22:07:06.498113+00,mister_max_runtime_min,120,
2026-09-04 22:07:06.498113+00,mister_water_budget_gal,300,
2026-09-04 22:07:06.498113+00,safety_max,95,
2026-09-04 22:07:06.498113+00,safety_max_seal_margin_f,5,
2026-09-04 22:07:06.498113+00,safety_vpd_max,2.5,
2026-09-04 22:07:06.498113+00,sw_direct_wet_stress_override_enabled,1,
2026-09-04 22:07:06.498113+00,sw_fog_closes_vent,1,
2026-09-04 22:07:06.498113+00,sw_mister_closes_vent,0,
2026-09-04 22:07:06.498113+00,sw_occupancy_inhibit,1,
2026-09-04 22:07:06.498113+00,temp_high,95,
2026-09-04 22:07:06.498113+00,vpd_high,2.799999952316284,
2026-09-04 22:08:11.444691+00,fog_rh_ceiling_pct,90,
2026-09-04 22:08:11.444691+00,mister_max_runtime_min,120,
2026-09-04 22:08:11.444691+00,mister_water_budget_gal,300,
2026-09-04 22:08:11.444691+00,safety_max,95,
2026-09-04 22:08:11.444691+00,safety_max_seal_margin_f,5,
2026-09-04 22:08:11.444691+00,safety_vpd_max,2.5,
2026-09-04 22:08:11.444691+00,sw_direct_wet_stress_override_enabled,1,
2026-09-04 22:08:11.444691+00,sw_fog_closes_vent,1,
2026-09-04 22:08:11.444691+00,sw_mister_closes_vent,0,
2026-09-04 22:08:11.444691+00,sw_occupancy_inhibit,1,
2026-09-04 22:08:11.444691+00,temp_high,95,
2026-09-04 22:08:11.444691+00,vpd_high,2.799999952316284,
2026-09-04 22:09:16.073327+00,fog_rh_ceiling_pct,90,
2026-09-04 22:09:16.073327+00,mister_max_runtime_min,120,
2026-09-04 22:09:16.073327+00,mister_water_budget_gal,300,
2026-09-04 22:09:16.073327+00,safety_max,95,
2026-09-04 22:09:16.073327+00,safety_max_seal_margin_f,5,
2026-09-04 22:09:16.073327+00,safety_vpd_max,2.5,
2026-09-04 22:09:16.073327+00,sw_direct_wet_stress_override_enabled,1,
2026-09-04 22:09:16.073327+00,sw_fog_closes_vent,1,
2026-09-04 22:09:16.073327+00,sw_mister_closes_vent,0,
2026-09-04 22:09:16.073327+00,sw_occupancy_inhibit,1,
2026-09-04 22:09:16.073327+00,temp_high,95,
2026-09-04 22:09:16.073327+00,vpd_high,2.799999952316284,
2026-09-04 22:10:20.955743+00,fog_rh_ceiling_pct,90,
2026-09-04 22:10:20.955743+00,mister_max_runtime_min,120,
2026-09-04 22:10:20.955743+00,mister_water_budget_gal,300,
2026-09-04 22:10:20.955743+00,safety_max,95,
2026-09-04 22:10:20.955743+00,safety_max_seal_margin_f,5,
2026-09-04 22:10:20.955743+00,safety_vpd_max,2.5,
2026-09-04 22:10:20.955743+00,sw_direct_wet_stress_override_enabled,1,
2026-09-04 22:10:20.955743+00,sw_fog_closes_vent,1,
2026-09-04 22:10:20.955743+00,sw_mister_closes_vent,0,
2026-09-04 22:10:20.955743+00,sw_occupancy_inhibit,1,
2026-09-04 22:10:20.955743+00,temp_high,95,
2026-09-04 22:10:20.955743+00,vpd_high,2.799999952316284,
2026-09-04 22:11:25.512703+00,fog_rh_ceiling_pct,90,
2026-09-04 22:11:25.512703+00,mister_max_runtime_min,120,
2026-09-04 22:11:25.512703+00,mister_water_budget_gal,300,
2026-09-04 22:11:25.512703+00,safety_max,95,
2026-09-04 22:11:25.512703+00,safety_max_seal_margin_f,5,
2026-09-04 22:11:25.512703+00,safety_vpd_max,2.5,
2026-09-04 22:11:25.512703+00,sw_direct_wet_stress_override_enabled,1,
2026-09-04 22:11:25.512703+00,sw_fog_closes_vent,1,
2026-09-04 22:11:25.512703+00,sw_mister_closes_vent,0,
2026-09-04 22:11:25.512703+00,sw_occupancy_inhibit,1,
2026-09-04 22:11:25.512703+00,temp_high,95,
2026-09-04 22:11:25.512703+00,vpd_high,2.799999952316284,
2026-09-04 22:12:30.366689+00,fog_rh_ceiling_pct,90,
2026-09-04 22:12:30.366689+00,mister_max_runtime_min,120,
2026-09-04 22:12:30.366689+00,mister_water_budget_gal,300,
2026-09-04 22:12:30.366689+00,safety_max,95,
2026-09-04 22:12:30.366689+00,safety_max_seal_margin_f,5,
2026-09-04 22:12:30.366689+00,safety_vpd_max,2.5,
2026-09-04 22:12:30.366689+00,sw_direct_wet_stress_override_enabled,1,
2026-09-04 22:12:30.366689+00,sw_fog_closes_vent,1,
2026-09-04 22:12:30.366689+00,sw_mister_closes_vent,0,
2026-09-04 22:12:30.366689+00,sw_occupancy_inhibit,1,
2026-09-04 22:12:30.366689+00,temp_high,95,
2026-09-04 22:12:30.366689+00,vpd_high,2.799999952316284,
2026-09-04 22:13:34.648233+00,fog_rh_ceiling_pct,90,
2026-09-04 22:13:34.648233+00,mister_max_runtime_min,120,
2026-09-04 22:13:34.648233+00,mister_water_budget_gal,300,
2026-09-04 22:13:34.648233+00,safety_max,95,
2026-09-04 22:13:34.648233+00,safety_max_seal_margin_f,5,
2026-09-04 22:13:34.648233+00,safety_vpd_max,2.5,
2026-09-04 22:13:34.648233+00,sw_direct_wet_stress_override_enabled,1,
2026-09-04 22:13:34.648233+00,sw_fog_closes_vent,1,
2026-09-04 22:13:34.648233+00,sw_mister_closes_vent,0,
2026-09-04 22:13:34.648233+00,sw_occupancy_inhibit,1,
2026-09-04 22:13:34.648233+00,temp_high,95,
2026-09-04 22:13:34.648233+00,vpd_high,2.799999952316284,
2026-09-04 22:14:39.865877+00,fog_rh_ceiling_pct,90,
2026-09-04 22:14:39.865877+00,mister_max_runtime_min,120,
2026-09-04 22:14:39.865877+00,mister_water_budget_gal,300,
2026-09-04 22:14:39.865877+00,safety_max,95,
2026-09-04 22:14:39.865877+00,safety_max_seal_margin_f,5,
2026-09-04 22:14:39.865877+00,safety_vpd_max,2.5,
2026-09-04 22:14:39.865877+00,sw_direct_wet_stress_override_enabled,1,
2026-09-04 22:14:39.865877+00,sw_fog_closes_vent,1,
2026-09-04 22:14:39.865877+00,sw_mister_closes_vent,0,
2026-09-04 22:14:39.865877+00,sw_occupancy_inhibit,1,
2026-09-04 22:14:39.865877+00,temp_high,95,
2026-09-04 22:14:39.865877+00,vpd_high,2.799999952316284,
2026-09-04 22:15:44.161186+00,fog_rh_ceiling_pct,90,
2026-09-04 22:15:44.161186+00,mister_max_runtime_min,120,
2026-09-04 22:15:44.161186+00,mister_water_budget_gal,300,
2026-09-04 22:15:44.161186+00,safety_max,95,
2026-09-04 22:15:44.161186+00,safety_max_seal_margin_f,5,
2026-09-04 22:15:44.161186+00,safety_vpd_max,2.5,
2026-09-04 22:15:44.161186+00,sw_direct_wet_stress_override_enabled,1,
2026-09-04 22:15:44.161186+00,sw_fog_closes_vent,1,
2026-09-04 22:15:44.161186+00,sw_mister_closes_vent,0,
2026-09-04 22:15:44.161186+00,sw_occupancy_inhibit,1,
2026-09-04 22:15:44.161186+00,temp_high,95,
2026-09-04 22:15:44.161186+00,vpd_high,2.799999952316284,
2026-09-04 22:16:49.078062+00,fog_rh_ceiling_pct,90,
2026-09-04 22:16:49.078062+00,mister_max_runtime_min,120,
2026-09-04 22:16:49.078062+00,mister_water_budget_gal,300,
2026-09-04 22:16:49.078062+00,safety_max,95,
2026-09-04 22:16:49.078062+00,safety_max_seal_margin_f,5,
2026-09-04 22:16:49.078062+00,safety_vpd_max,2.5,
2026-09-04 22:16:49.078062+00,sw_direct_wet_stress_override_enabled,1,
2026-09-04 22:16:49.078062+00,sw_fog_closes_vent,1,
2026-09-04 22:16:49.078062+00,sw_mister_closes_vent,0,
2026-09-04 22:16:49.078062+00,sw_occupancy_inhibit,1,
2026-09-04 22:16:49.078062+00,temp_high,95,
2026-09-04 22:16:49.078062+00,vpd_high,2.799999952316284,
2026-09-04 22:17:54.510138+00,fog_rh_ceiling_pct,90,
2026-09-04 22:17:54.510138+00,mister_max_runtime_min,120,
2026-09-04 22:17:54.510138+00,mister_water_budget_gal,300,
2026-09-04 22:17:54.510138+00,safety_max,95,
2026-09-04 22:17:54.510138+00,safety_max_seal_margin_f,5,
2026-09-04 22:17:54.510138+00,safety_vpd_max,2.5,
2026-09-04 22:17:54.510138+00,sw_direct_wet_stress_override_enabled,1,
2026-09-04 22:17:54.510138+00,sw_fog_closes_vent,1,
2026-09-04 22:17:54.510138+00,sw_mister_closes_vent,0,
2026-09-04 22:17:54.510138+00,sw_occupancy_inhibit,1,
2026-09-04 22:17:54.510138+00,temp_high,95,
2026-09-04 22:17:54.510138+00,vpd_high,2.799999952316284,
2026-09-04 22:18:58.847665+00,fog_rh_ceiling_pct,90,
2026-09-04 22:18:58.847665+00,mister_max_runtime_min,120,
2026-09-04 22:18:58.847665+00,mister_water_budget_gal,300,
2026-09-04 22:18:58.847665+00,safety_max,95,
2026-09-04 22:18:58.847665+00,safety_max_seal_margin_f,5,
2026-09-04 22:18:58.847665+00,safety_vpd_max,2.5,
2026-09-04 22:18:58.847665+00,sw_direct_wet_stress_override_enabled,1,
2026-09-04 22:18:58.847665+00,sw_fog_closes_vent,1,
2026-09-04 22:18:58.847665+00,sw_mister_closes_vent,0,
2026-09-04 22:18:58.847665+00,sw_occupancy_inhibit,1,
2026-09-04 22:18:58.847665+00,temp_high,95,
2026-09-04 22:18:58.847665+00,vpd_high,2.799999952316284,
2026-09-04 22:20:03.654226+00,fog_rh_ceiling_pct,90,
2026-09-04 22:20:03.654226+00,mister_max_runtime_min,120,
2026-09-04 22:20:03.654226+00,mister_water_budget_gal,300,
2026-09-04 22:20:03.654226+00,safety_max,95,
2026-09-04 22:20:03.654226+00,safety_max_seal_margin_f,5,
2026-09-04 22:20:03.654226+00,safety_vpd_max,2.5,
2026-09-04 22:20:03.654226+00,sw_direct_wet_stress_override_enabled,1,
2026-09-04 22:20:03.654226+00,sw_fog_closes_vent,1,
2026-09-04 22:20:03.654226+00,sw_mister_closes_vent,0,
2026-09-04 22:20:03.654226+00,sw_occupancy_inhibit,1,
2026-09-04 22:20:03.654226+00,temp_high,95,
2026-09-04 22:20:03.654226+00,vpd_high,2.799999952316284,
2026-09-04 22:21:03.752956+00,fog_rh_ceiling_pct,90,
2026-09-04 22:21:03.752956+00,mister_max_runtime_min,120,
2026-09-04 22:21:03.752956+00,mister_water_budget_gal,300,
2026-09-04 22:21:03.752956+00,safety_max,95,
2026-09-04 22:21:03.752956+00,safety_max_seal_margin_f,5,
2026-09-04 22:21:03.752956+00,safety_vpd_max,2.5,
2026-09-04 22:21:03.752956+00,sw_direct_wet_stress_override_enabled,1,
2026-09-04 22:21:03.752956+00,sw_fog_closes_vent,1,
2026-09-04 22:21:03.752956+00,sw_mister_closes_vent,0,
2026-09-04 22:21:03.752956+00,sw_occupancy_inhibit,1,
2026-09-04 22:21:03.752956+00,temp_high,95,
2026-09-04 22:21:03.752956+00,vpd_high,2.799999952316284,
2026-09-04 22:22:04.020788+00,fog_rh_ceiling_pct,90,
2026-09-04 22:22:04.020788+00,mister_max_runtime_min,120,
2026-09-04 22:22:04.020788+00,mister_water_budget_gal,300,
2026-09-04 22:22:04.020788+00,safety_max,95,
2026-09-04 22:22:04.020788+00,safety_max_seal_margin_f,5,
2026-09-04 22:22:04.020788+00,safety_vpd_max,2.5,
2026-09-04 22:22:04.020788+00,sw_direct_wet_stress_override_enabled,1,
2026-09-04 22:22:04.020788+00,sw_fog_closes_vent,1,
2026-09-04 22:22:04.020788+00,sw_mister_closes_vent,0,
2026-09-04 22:22:04.020788+00,sw_occupancy_inhibit,1,
2026-09-04 22:22:04.020788+00,temp_high,95,
2026-09-04 22:22:04.020788+00,vpd_high,2.799999952316284,
2026-09-04 22:23:08.438692+00,fog_rh_ceiling_pct,90,
2026-09-04 22:23:08.438692+00,mister_max_runtime_min,120,
2026-09-04 22:23:08.438692+00,mister_water_budget_gal,300,
2026-09-04 22:23:08.438692+00,safety_max,95,
2026-09-04 22:23:08.438692+00,safety_max_seal_margin_f,5,
2026-09-04 22:23:08.438692+00,safety_vpd_max,2.5,
2026-09-04 22:23:08.438692+00,sw_direct_wet_stress_override_enabled,1,
2026-09-04 22:23:08.438692+00,sw_fog_closes_vent,1,
2026-09-04 22:23:08.438692+00,sw_mister_closes_vent,0,
2026-09-04 22:23:08.438692+00,sw_occupancy_inhibit,1,
2026-09-04 22:23:08.438692+00,temp_high,95,
2026-09-04 22:23:08.438692+00,vpd_high,2.799999952316284,
2026-09-04 22:24:13.03114+00,fog_rh_ceiling_pct,90,
2026-09-04 22:24:13.03114+00,mister_max_runtime_min,120,
2026-09-04 22:24:13.03114+00,mister_water_budget_gal,300,
2026-09-04 22:24:13.03114+00,safety_max,95,
2026-09-04 22:24:13.03114+00,safety_max_seal_margin_f,5,
2026-09-04 22:24:13.03114+00,safety_vpd_max,2.5,
2026-09-04 22:24:13.03114+00,sw_direct_wet_stress_override_enabled,1,
2026-09-04 22:24:13.03114+00,sw_fog_closes_vent,1,
2026-09-04 22:24:13.03114+00,sw_mister_closes_vent,0,
2026-09-04 22:24:13.03114+00,sw_occupancy_inhibit,1,
2026-09-04 22:24:13.03114+00,temp_high,95,
2026-09-04 22:24:13.03114+00,vpd_high,2.799999952316284,
2026-09-04 22:25:17.212642+00,fog_rh_ceiling_pct,90,
2026-09-04 22:25:17.212642+00,mister_max_runtime_min,120,
2026-09-04 22:25:17.212642+00,mister_water_budget_gal,300,
2026-09-04 22:25:17.212642+00,safety_max,95,
2026-09-04 22:25:17.212642+00,safety_max_seal_margin_f,5,
2026-09-04 22:25:17.212642+00,safety_vpd_max,2.5,
2026-09-04 22:25:17.212642+00,sw_direct_wet_stress_override_enabled,1,
2026-09-04 22:25:17.212642+00,sw_fog_closes_vent,1,
2026-09-04 22:25:17.212642+00,sw_mister_closes_vent,0,
2026-09-04 22:25:17.212642+00,sw_occupancy_inhibit,1,
2026-09-04 22:25:17.212642+00,temp_high,95,
2026-09-04 22:25:17.212642+00,vpd_high,2.799999952316284,
2026-09-04 22:26:17.365776+00,fog_rh_ceiling_pct,90,
2026-09-04 22:26:17.365776+00,mister_max_runtime_min,120,
2026-09-04 22:26:17.365776+00,mister_water_budget_gal,300,
2026-09-04 22:26:17.365776+00,safety_max,95,
2026-09-04 22:26:17.365776+00,safety_max_seal_margin_f,5,
2026-09-04 22:26:17.365776+00,safety_vpd_max,2.5,
2026-09-04 22:26:17.365776+00,sw_direct_wet_stress_override_enabled,1,
2026-09-04 22:26:17.365776+00,sw_fog_closes_vent,1,
2026-09-04 22:26:17.365776+00,sw_mister_closes_vent,0,
2026-09-04 22:26:17.365776+00,sw_occupancy_inhibit,1,
2026-09-04 22:26:17.365776+00,temp_high,95,
2026-09-04 22:26:17.365776+00,vpd_high,2.799999952316284,
2026-09-04 22:27:22.200313+00,fog_rh_ceiling_pct,90,
2026-09-04 22:27:22.200313+00,mister_max_runtime_min,120,
2026-09-04 22:27:22.200313+00,mister_water_budget_gal,300,
2026-09-04 22:27:22.200313+00,safety_max,95,
2026-09-04 22:27:22.200313+00,safety_max_seal_margin_f,5,
2026-09-04 22:27:22.200313+00,safety_vpd_max,2.5,
2026-09-04 22:27:22.200313+00,sw_direct_wet_stress_override_enabled,1,
2026-09-04 22:27:22.200313+00,sw_fog_closes_vent,1,
2026-09-04 22:27:22.200313+00,sw_mister_closes_vent,0,
2026-09-04 22:27:22.200313+00,sw_occupancy_inhibit,1,
2026-09-04 22:27:22.200313+00,temp_high,95,
2026-09-04 22:27:22.200313+00,vpd_high,2.799999952316284,
2026-09-04 22:28:22.416267+00,fog_rh_ceiling_pct,90,
2026-09-04 22:28:22.416267+00,mister_max_runtime_min,120,
2026-09-04 22:28:22.416267+00,mister_water_budget_gal,300,
2026-09-04 22:28:22.416267+00,safety_max,95,
2026-09-04 22:28:22.416267+00,safety_max_seal_margin_f,5,
2026-09-04 22:28:22.416267+00,safety_vpd_max,2.5,
2026-09-04 22:28:22.416267+00,sw_direct_wet_stress_override_enabled,1,
2026-09-04 22:28:22.416267+00,sw_fog_closes_vent,1,
2026-09-04 22:28:22.416267+00,sw_mister_closes_vent,0,
2026-09-04 22:28:22.416267+00,sw_occupancy_inhibit,1,
2026-09-04 22:28:22.416267+00,temp_high,95,
2026-09-04 22:28:22.416267+00,vpd_high,2.799999952316284,
2026-09-04 22:29:26.919179+00,fog_rh_ceiling_pct,90,
2026-09-04 22:29:26.919179+00,mister_max_runtime_min,120,
2026-09-04 22:29:26.919179+00,mister_water_budget_gal,300,
2026-09-04 22:29:26.919179+00,safety_max,95,
2026-09-04 22:29:26.919179+00,safety_max_seal_margin_f,5,
2026-09-04 22:29:26.919179+00,safety_vpd_max,2.5,
2026-09-04 22:29:26.919179+00,sw_direct_wet_stress_override_enabled,1,
2026-09-04 22:29:26.919179+00,sw_fog_closes_vent,1,
2026-09-04 22:29:26.919179+00,sw_mister_closes_vent,0,
2026-09-04 22:29:26.919179+00,sw_occupancy_inhibit,1,
2026-09-04 22:29:26.919179+00,temp_high,95,
2026-09-04 22:29:26.919179+00,vpd_high,2.799999952316284,
2026-09-04 22:30:31.810294+00,fog_rh_ceiling_pct,90,
2026-09-04 22:30:31.810294+00,mister_max_runtime_min,120,
2026-09-04 22:30:31.810294+00,mister_water_budget_gal,300,
2026-09-04 22:30:31.810294+00,safety_max,95,
2026-09-04 22:30:31.810294+00,safety_max_seal_margin_f,5,
2026-09-04 22:30:31.810294+00,safety_vpd_max,2.5,
2026-09-04 22:30:31.810294+00,sw_direct_wet_stress_override_enabled,1,
2026-09-04 22:30:31.810294+00,sw_fog_closes_vent,1,
2026-09-04 22:30:31.810294+00,sw_mister_closes_vent,0,
2026-09-04 22:30:31.810294+00,sw_occupancy_inhibit,1,
2026-09-04 22:30:31.810294+00,temp_high,95,
2026-09-04 22:30:31.810294+00,vpd_high,2.799999952316284,
2026-09-04 22:31:32.102436+00,fog_rh_ceiling_pct,90,
2026-09-04 22:31:32.102436+00,mister_max_runtime_min,120,
2026-09-04 22:31:32.102436+00,mister_water_budget_gal,300,
2026-09-04 22:31:32.102436+00,safety_max,95,
2026-09-04 22:31:32.102436+00,safety_max_seal_margin_f,5,
2026-09-04 22:31:32.102436+00,safety_vpd_max,2.5,
2026-09-04 22:31:32.102436+00,sw_direct_wet_stress_override_enabled,1,
2026-09-04 22:31:32.102436+00,sw_fog_closes_vent,1,
2026-09-04 22:31:32.102436+00,sw_mister_closes_vent,0,
2026-09-04 22:31:32.102436+00,sw_occupancy_inhibit,1,
2026-09-04 22:31:32.102436+00,temp_high,95,
2026-09-04 22:31:32.102436+00,vpd_high,2.799999952316284,
2026-09-04 22:32:32.27629+00,fog_rh_ceiling_pct,90,
2026-09-04 22:32:32.27629+00,mister_max_runtime_min,120,
2026-09-04 22:32:32.27629+00,mister_water_budget_gal,300,
2026-09-04 22:32:32.27629+00,safety_max,95,
2026-09-04 22:32:32.27629+00,safety_max_seal_margin_f,5,
2026-09-04 22:32:32.27629+00,safety_vpd_max,2.5,
2026-09-04 22:32:32.27629+00,sw_direct_wet_stress_override_enabled,1,
2026-09-04 22:32:32.27629+00,sw_fog_closes_vent,1,
2026-09-04 22:32:32.27629+00,sw_mister_closes_vent,0,
2026-09-04 22:32:32.27629+00,sw_occupancy_inhibit,1,
2026-09-04 22:32:32.27629+00,temp_high,95,
2026-09-04 22:32:32.27629+00,vpd_high,2.799999952316284,
2026-09-04 22:33:36.847513+00,fog_rh_ceiling_pct,90,
2026-09-04 22:33:36.847513+00,mister_max_runtime_min,120,
2026-09-04 22:33:36.847513+00,mister_water_budget_gal,300,
2026-09-04 22:33:36.847513+00,safety_max,95,
2026-09-04 22:33:36.847513+00,safety_max_seal_margin_f,5,
2026-09-04 22:33:36.847513+00,safety_vpd_max,2.5,
2026-09-04 22:33:36.847513+00,sw_direct_wet_stress_override_enabled,1,
2026-09-04 22:33:36.847513+00,sw_fog_closes_vent,1,
2026-09-04 22:33:36.847513+00,sw_mister_closes_vent,0,
2026-09-04 22:33:36.847513+00,sw_occupancy_inhibit,1,
2026-09-04 22:33:36.847513+00,temp_high,95,
2026-09-04 22:33:36.847513+00,vpd_high,2.799999952316284,
2026-09-04 22:34:41.357634+00,fog_rh_ceiling_pct,90,
2026-09-04 22:34:41.357634+00,mister_max_runtime_min,120,
2026-09-04 22:34:41.357634+00,mister_water_budget_gal,300,
2026-09-04 22:34:41.357634+00,safety_max,95,
2026-09-04 22:34:41.357634+00,safety_max_seal_margin_f,5,
2026-09-04 22:34:41.357634+00,safety_vpd_max,2.5,
2026-09-04 22:34:41.357634+00,sw_direct_wet_stress_override_enabled,1,
2026-09-04 22:34:41.357634+00,sw_fog_closes_vent,1,
2026-09-04 22:34:41.357634+00,sw_mister_closes_vent,0,
2026-09-04 22:34:41.357634+00,sw_occupancy_inhibit,1,
2026-09-04 22:34:41.357634+00,temp_high,95,
2026-09-04 22:34:41.357634+00,vpd_high,2.799999952316284,
2026-09-04 22:35:45.328701+00,fog_rh_ceiling_pct,90,
2026-09-04 22:35:45.328701+00,mister_max_runtime_min,120,
2026-09-04 22:35:45.328701+00,mister_water_budget_gal,300,
2026-09-04 22:35:45.328701+00,safety_max,95,
2026-09-04 22:35:45.328701+00,safety_max_seal_margin_f,5,
2026-09-04 22:35:45.328701+00,safety_vpd_max,2.5,
2026-09-04 22:35:45.328701+00,sw_direct_wet_stress_override_enabled,1,
2026-09-04 22:35:45.328701+00,sw_fog_closes_vent,1,
2026-09-04 22:35:45.328701+00,sw_mister_closes_vent,0,
2026-09-04 22:35:45.328701+00,sw_occupancy_inhibit,1,
2026-09-04 22:35:45.328701+00,temp_high,95,
2026-09-04 22:35:45.328701+00,vpd_high,2.799999952316284,
2026-09-04 22:36:46.022678+00,fog_rh_ceiling_pct,90,
2026-09-04 22:36:46.022678+00,mister_max_runtime_min,120,
2026-09-04 22:36:46.022678+00,mister_water_budget_gal,300,
2026-09-04 22:36:46.022678+00,safety_max,95,
2026-09-04 22:36:46.022678+00,safety_max_seal_margin_f,5,
2026-09-04 22:36:46.022678+00,safety_vpd_max,2.5,
2026-09-04 22:36:46.022678+00,sw_direct_wet_stress_override_enabled,1,
2026-09-04 22:36:46.022678+00,sw_fog_closes_vent,1,
2026-09-04 22:36:46.022678+00,sw_mister_closes_vent,0,
2026-09-04 22:36:46.022678+00,sw_occupancy_inhibit,1,
2026-09-04 22:36:46.022678+00,temp_high,95,
2026-09-04 22:36:46.022678+00,vpd_high,2.8,
2026-09-04 22:37:46.188702+00,fog_rh_ceiling_pct,90,
2026-09-04 22:37:46.188702+00,mister_max_runtime_min,120,
2026-09-04 22:37:46.188702+00,mister_water_budget_gal,300,
2026-09-04 22:37:46.188702+00,safety_max,95,
2026-09-04 22:37:46.188702+00,safety_max_seal_margin_f,5,
2026-09-04 22:37:46.188702+00,safety_vpd_max,2.5,
2026-09-04 22:37:46.188702+00,sw_direct_wet_stress_override_enabled,1,
2026-09-04 22:37:46.188702+00,sw_fog_closes_vent,1,
2026-09-04 22:37:46.188702+00,sw_mister_closes_vent,0,
2026-09-04 22:37:46.188702+00,sw_occupancy_inhibit,1,
2026-09-04 22:37:46.188702+00,temp_high,95,
2026-09-04 22:37:46.188702+00,vpd_high,2.8,
2026-09-04 22:38:50.855847+00,fog_rh_ceiling_pct,90,
2026-09-04 22:38:50.855847+00,mister_max_runtime_min,120,
2026-09-04 22:38:50.855847+00,mister_water_budget_gal,300,
2026-09-04 22:38:50.855847+00,safety_max,95,
2026-09-04 22:38:50.855847+00,safety_max_seal_margin_f,5,
2026-09-04 22:38:50.855847+00,safety_vpd_max,2.5,
2026-09-04 22:38:50.855847+00,sw_direct_wet_stress_override_enabled,1,
2026-09-04 22:38:50.855847+00,sw_fog_closes_vent,1,
2026-09-04 22:38:50.855847+00,sw_mister_closes_vent,0,
2026-09-04 22:38:50.855847+00,sw_occupancy_inhibit,1,
2026-09-04 22:38:50.855847+00,temp_high,95,
2026-09-04 22:38:50.855847+00,vpd_high,2.799999952316284,
2026-09-04 22:39:55.277688+00,fog_rh_ceiling_pct,90,
2026-09-04 22:39:55.277688+00,mister_max_runtime_min,120,
2026-09-04 22:39:55.277688+00,mister_water_budget_gal,300,
2026-09-04 22:39:55.277688+00,safety_max,95,
2026-09-04 22:39:55.277688+00,safety_max_seal_margin_f,5,
2026-09-04 22:39:55.277688+00,safety_vpd_max,2.5,
2026-09-04 22:39:55.277688+00,sw_direct_wet_stress_override_enabled,1,
2026-09-04 22:39:55.277688+00,sw_fog_closes_vent,1,
2026-09-04 22:39:55.277688+00,sw_mister_closes_vent,0,
2026-09-04 22:39:55.277688+00,sw_occupancy_inhibit,1,
2026-09-04 22:39:55.277688+00,temp_high,95,
2026-09-04 22:39:55.277688+00,vpd_high,2.799999952316284,
2026-09-04 22:40:55.748245+00,fog_rh_ceiling_pct,90,
2026-09-04 22:40:55.748245+00,mister_max_runtime_min,120,
2026-09-04 22:40:55.748245+00,mister_water_budget_gal,300,
2026-09-04 22:40:55.748245+00,safety_max,95,
2026-09-04 22:40:55.748245+00,safety_max_seal_margin_f,5,
2026-09-04 22:40:55.748245+00,safety_vpd_max,2.5,
2026-09-04 22:40:55.748245+00,sw_direct_wet_stress_override_enabled,1,
2026-09-04 22:40:55.748245+00,sw_fog_closes_vent,1,
2026-09-04 22:40:55.748245+00,sw_mister_closes_vent,0,
2026-09-04 22:40:55.748245+00,sw_occupancy_inhibit,1,
2026-09-04 22:40:55.748245+00,temp_high,95,
2026-09-04 22:40:55.748245+00,vpd_high,2.799999952316284,
2026-09-04 22:41:59.720603+00,fog_rh_ceiling_pct,90,
2026-09-04 22:41:59.720603+00,mister_max_runtime_min,120,
2026-09-04 22:41:59.720603+00,mister_water_budget_gal,300,
2026-09-04 22:41:59.720603+00,safety_max,95,
2026-09-04 22:41:59.720603+00,safety_max_seal_margin_f,5,
2026-09-04 22:41:59.720603+00,safety_vpd_max,2.5,
2026-09-04 22:41:59.720603+00,sw_direct_wet_stress_override_enabled,1,
2026-09-04 22:41:59.720603+00,sw_fog_closes_vent,1,
2026-09-04 22:41:59.720603+00,sw_mister_closes_vent,0,
2026-09-04 22:41:59.720603+00,sw_occupancy_inhibit,1,
2026-09-04 22:41:59.720603+00,temp_high,95,
2026-09-04 22:41:59.720603+00,vpd_high,2.799999952316284,
2026-09-04 22:43:04.376234+00,fog_rh_ceiling_pct,90,
2026-09-04 22:43:04.376234+00,mister_max_runtime_min,120,
2026-09-04 22:43:04.376234+00,mister_water_budget_gal,300,
2026-09-04 22:43:04.376234+00,safety_max,95,
2026-09-04 22:43:04.376234+00,safety_max_seal_margin_f,5,
2026-09-04 22:43:04.376234+00,safety_vpd_max,2.5,
2026-09-04 22:43:04.376234+00,sw_direct_wet_stress_override_enabled,1,
2026-09-04 22:43:04.376234+00,sw_fog_closes_vent,1,
2026-09-04 22:43:04.376234+00,sw_mister_closes_vent,0,
2026-09-04 22:43:04.376234+00,sw_occupancy_inhibit,1,
2026-09-04 22:43:04.376234+00,temp_high,95,
2026-09-04 22:43:04.376234+00,vpd_high,2.799999952316284,
2026-09-04 22:44:05.007162+00,fog_rh_ceiling_pct,90,
2026-09-04 22:44:05.007162+00,mister_max_runtime_min,120,
2026-09-04 22:44:05.007162+00,mister_water_budget_gal,300,
2026-09-04 22:44:05.007162+00,safety_max,95,
2026-09-04 22:44:05.007162+00,safety_max_seal_margin_f,5,
2026-09-04 22:44:05.007162+00,safety_vpd_max,2.5,
2026-09-04 22:44:05.007162+00,sw_direct_wet_stress_override_enabled,1,
2026-09-04 22:44:05.007162+00,sw_fog_closes_vent,1,
2026-09-04 22:44:05.007162+00,sw_mister_closes_vent,0,
2026-09-04 22:44:05.007162+00,sw_occupancy_inhibit,1,
2026-09-04 22:44:05.007162+00,temp_high,95,
2026-09-04 22:44:05.007162+00,vpd_high,2.799999952316284,
2026-09-04 22:45:09.359112+00,fog_rh_ceiling_pct,90,
2026-09-04 22:45:09.359112+00,mister_max_runtime_min,120,
2026-09-04 22:45:09.359112+00,mister_water_budget_gal,300,
2026-09-04 22:45:09.359112+00,safety_max,95,
2026-09-04 22:45:09.359112+00,safety_max_seal_margin_f,5,
2026-09-04 22:45:09.359112+00,safety_vpd_max,2.5,
2026-09-04 22:45:09.359112+00,sw_direct_wet_stress_override_enabled,1,
2026-09-04 22:45:09.359112+00,sw_fog_closes_vent,1,
2026-09-04 22:45:09.359112+00,sw_mister_closes_vent,0,
2026-09-04 22:45:09.359112+00,sw_occupancy_inhibit,1,
2026-09-04 22:45:09.359112+00,temp_high,95,
2026-09-04 22:45:09.359112+00,vpd_high,2.799999952316284,
2026-09-04 22:46:13.800689+00,fog_rh_ceiling_pct,90,
2026-09-04 22:46:13.800689+00,mister_max_runtime_min,120,
2026-09-04 22:46:13.800689+00,mister_water_budget_gal,300,
2026-09-04 22:46:13.800689+00,safety_max,95,
2026-09-04 22:46:13.800689+00,safety_max_seal_margin_f,5,
2026-09-04 22:46:13.800689+00,safety_vpd_max,2.5,
2026-09-04 22:46:13.800689+00,sw_direct_wet_stress_override_enabled,1,
2026-09-04 22:46:13.800689+00,sw_fog_closes_vent,1,
2026-09-04 22:46:13.800689+00,sw_mister_closes_vent,0,
2026-09-04 22:46:13.800689+00,sw_occupancy_inhibit,1,
2026-09-04 22:46:13.800689+00,temp_high,95,
2026-09-04 22:46:13.800689+00,vpd_high,2.799999952316284,
2026-09-04 22:47:18.462918+00,fog_rh_ceiling_pct,90,
2026-09-04 22:47:18.462918+00,mister_max_runtime_min,120,
2026-09-04 22:47:18.462918+00,mister_water_budget_gal,300,
2026-09-04 22:47:18.462918+00,safety_max,95,
2026-09-04 22:47:18.462918+00,safety_max_seal_margin_f,5,
2026-09-04 22:47:18.462918+00,safety_vpd_max,2.5,
2026-09-04 22:47:18.462918+00,sw_direct_wet_stress_override_enabled,1,
2026-09-04 22:47:18.462918+00,sw_fog_closes_vent,1,
2026-09-04 22:47:18.462918+00,sw_mister_closes_vent,0,
2026-09-04 22:47:18.462918+00,sw_occupancy_inhibit,1,
2026-09-04 22:47:18.462918+00,temp_high,95,
2026-09-04 22:47:18.462918+00,vpd_high,2.799999952316284,
2026-09-04 22:48:19.588695+00,fog_rh_ceiling_pct,90,
2026-09-04 22:48:19.588695+00,mister_max_runtime_min,120,
2026-09-04 22:48:19.588695+00,mister_water_budget_gal,300,
2026-09-04 22:48:19.588695+00,safety_max,95,
2026-09-04 22:48:19.588695+00,safety_max_seal_margin_f,5,
2026-09-04 22:48:19.588695+00,safety_vpd_max,2.5,
2026-09-04 22:48:19.588695+00,sw_direct_wet_stress_override_enabled,1,
2026-09-04 22:48:19.588695+00,sw_fog_closes_vent,1,
2026-09-04 22:48:19.588695+00,sw_mister_closes_vent,0,
2026-09-04 22:48:19.588695+00,sw_occupancy_inhibit,1,
2026-09-04 22:48:19.588695+00,temp_high,95,
2026-09-04 22:48:19.588695+00,vpd_high,2.799999952316284,
2026-09-04 22:49:24.224602+00,fog_rh_ceiling_pct,90,
2026-09-04 22:49:24.224602+00,mister_max_runtime_min,120,
2026-09-04 22:49:24.224602+00,mister_water_budget_gal,300,
2026-09-04 22:49:24.224602+00,safety_max,95,
2026-09-04 22:49:24.224602+00,safety_max_seal_margin_f,5,
2026-09-04 22:49:24.224602+00,safety_vpd_max,2.5,
2026-09-04 22:49:24.224602+00,sw_direct_wet_stress_override_enabled,1,
2026-09-04 22:49:24.224602+00,sw_fog_closes_vent,1,
2026-09-04 22:49:24.224602+00,sw_mister_closes_vent,0,
2026-09-04 22:49:24.224602+00,sw_occupancy_inhibit,1,
2026-09-04 22:49:24.224602+00,temp_high,95,
2026-09-04 22:49:24.224602+00,vpd_high,2.799999952316284,
2026-09-04 22:50:24.23735+00,fog_rh_ceiling_pct,90,
2026-09-04 22:50:24.23735+00,mister_max_runtime_min,120,
2026-09-04 22:50:24.23735+00,mister_water_budget_gal,300,
2026-09-04 22:50:24.23735+00,safety_max,95,
2026-09-04 22:50:24.23735+00,safety_max_seal_margin_f,5,
2026-09-04 22:50:24.23735+00,safety_vpd_max,2.5,
2026-09-04 22:50:24.23735+00,sw_direct_wet_stress_override_enabled,1,
2026-09-04 22:50:24.23735+00,sw_fog_closes_vent,1,
2026-09-04 22:50:24.23735+00,sw_mister_closes_vent,0,
2026-09-04 22:50:24.23735+00,sw_occupancy_inhibit,1,
2026-09-04 22:50:24.23735+00,temp_high,95,
2026-09-04 22:50:24.23735+00,vpd_high,2.799999952316284,
2026-09-04 22:51:28.941717+00,fog_rh_ceiling_pct,90,
2026-09-04 22:51:28.941717+00,mister_max_runtime_min,120,
2026-09-04 22:51:28.941717+00,mister_water_budget_gal,300,
2026-09-04 22:51:28.941717+00,safety_max,95,
2026-09-04 22:51:28.941717+00,safety_max_seal_margin_f,5,
2026-09-04 22:51:28.941717+00,safety_vpd_max,2.5,
2026-09-04 22:51:28.941717+00,sw_direct_wet_stress_override_enabled,1,
2026-09-04 22:51:28.941717+00,sw_fog_closes_vent,1,
2026-09-04 22:51:28.941717+00,sw_mister_closes_vent,0,
2026-09-04 22:51:28.941717+00,sw_occupancy_inhibit,1,
2026-09-04 22:51:28.941717+00,temp_high,95,
2026-09-04 22:51:28.941717+00,vpd_high,2.799999952316284,
2026-09-04 22:52:29.133286+00,fog_rh_ceiling_pct,90,
2026-09-04 22:52:29.133286+00,mister_max_runtime_min,120,
2026-09-04 22:52:29.133286+00,mister_water_budget_gal,300,
2026-09-04 22:52:29.133286+00,safety_max,95,
2026-09-04 22:52:29.133286+00,safety_max_seal_margin_f,5,
2026-09-04 22:52:29.133286+00,safety_vpd_max,2.5,
2026-09-04 22:52:29.133286+00,sw_direct_wet_stress_override_enabled,1,
2026-09-04 22:52:29.133286+00,sw_fog_closes_vent,1,
2026-09-04 22:52:29.133286+00,sw_mister_closes_vent,0,
2026-09-04 22:52:29.133286+00,sw_occupancy_inhibit,1,
2026-09-04 22:52:29.133286+00,temp_high,95,
2026-09-04 22:52:29.133286+00,vpd_high,2.799999952316284,
2026-09-04 22:53:29.347663+00,fog_rh_ceiling_pct,90,
2026-09-04 22:53:29.347663+00,mister_max_runtime_min,120,
2026-09-04 22:53:29.347663+00,mister_water_budget_gal,300,
2026-09-04 22:53:29.347663+00,safety_max,95,
2026-09-04 22:53:29.347663+00,safety_max_seal_margin_f,5,
2026-09-04 22:53:29.347663+00,safety_vpd_max,2.5,
2026-09-04 22:53:29.347663+00,sw_direct_wet_stress_override_enabled,1,
2026-09-04 22:53:29.347663+00,sw_fog_closes_vent,1,
2026-09-04 22:53:29.347663+00,sw_mister_closes_vent,0,
2026-09-04 22:53:29.347663+00,sw_occupancy_inhibit,1,
2026-09-04 22:53:29.347663+00,temp_high,95,
2026-09-04 22:53:29.347663+00,vpd_high,2.799999952316284,
2026-09-04 22:54:33.837635+00,fog_rh_ceiling_pct,90,
2026-09-04 22:54:33.837635+00,mister_max_runtime_min,120,
2026-09-04 22:54:33.837635+00,mister_water_budget_gal,300,
2026-09-04 22:54:33.837635+00,safety_max,95,
2026-09-04 22:54:33.837635+00,safety_max_seal_margin_f,5,
2026-09-04 22:54:33.837635+00,safety_vpd_max,2.5,
2026-09-04 22:54:33.837635+00,sw_direct_wet_stress_override_enabled,1,
2026-09-04 22:54:33.837635+00,sw_fog_closes_vent,1,
2026-09-04 22:54:33.837635+00,sw_mister_closes_vent,0,
2026-09-04 22:54:33.837635+00,sw_occupancy_inhibit,1,
2026-09-04 22:54:33.837635+00,temp_high,95,
2026-09-04 22:54:33.837635+00,vpd_high,2.799999952316284,
2026-09-04 22:55:38.544639+00,fog_rh_ceiling_pct,90,
2026-09-04 22:55:38.544639+00,mister_max_runtime_min,120,
2026-09-04 22:55:38.544639+00,mister_water_budget_gal,300,
2026-09-04 22:55:38.544639+00,safety_max,95,
2026-09-04 22:55:38.544639+00,safety_max_seal_margin_f,5,
2026-09-04 22:55:38.544639+00,safety_vpd_max,2.5,
2026-09-04 22:55:38.544639+00,sw_direct_wet_stress_override_enabled,1,
2026-09-04 22:55:38.544639+00,sw_fog_closes_vent,1,
2026-09-04 22:55:38.544639+00,sw_mister_closes_vent,0,
2026-09-04 22:55:38.544639+00,sw_occupancy_inhibit,1,
2026-09-04 22:55:38.544639+00,temp_high,95,
2026-09-04 22:55:38.544639+00,vpd_high,2.799999952316284,
2026-09-04 22:56:38.650989+00,fog_rh_ceiling_pct,90,
2026-09-04 22:56:38.650989+00,mister_max_runtime_min,120,
2026-09-04 22:56:38.650989+00,mister_water_budget_gal,300,
2026-09-04 22:56:38.650989+00,safety_max,95,
2026-09-04 22:56:38.650989+00,safety_max_seal_margin_f,5,
2026-09-04 22:56:38.650989+00,safety_vpd_max,2.5,
2026-09-04 22:56:38.650989+00,sw_direct_wet_stress_override_enabled,1,
2026-09-04 22:56:38.650989+00,sw_fog_closes_vent,1,
2026-09-04 22:56:38.650989+00,sw_mister_closes_vent,0,
2026-09-04 22:56:38.650989+00,sw_occupancy_inhibit,1,
2026-09-04 22:56:38.650989+00,temp_high,95,
2026-09-04 22:56:38.650989+00,vpd_high,2.799999952316284,
2026-09-04 22:57:43.149762+00,fog_rh_ceiling_pct,90,
2026-09-04 22:57:43.149762+00,mister_max_runtime_min,120,
2026-09-04 22:57:43.149762+00,mister_water_budget_gal,300,
2026-09-04 22:57:43.149762+00,safety_max,95,
2026-09-04 22:57:43.149762+00,safety_max_seal_margin_f,5,
2026-09-04 22:57:43.149762+00,safety_vpd_max,2.5,
2026-09-04 22:57:43.149762+00,sw_direct_wet_stress_override_enabled,1,
2026-09-04 22:57:43.149762+00,sw_fog_closes_vent,1,
2026-09-04 22:57:43.149762+00,sw_mister_closes_vent,0,
2026-09-04 22:57:43.149762+00,sw_occupancy_inhibit,1,
2026-09-04 22:57:43.149762+00,temp_high,95,
2026-09-04 22:57:43.149762+00,vpd_high,2.799999952316284,
2026-09-04 22:58:47.509174+00,fog_rh_ceiling_pct,90,
2026-09-04 22:58:47.509174+00,mister_water_budget_gal,300,
2026-09-04 22:58:47.509174+00,safety_max,95,
2026-09-04 22:58:47.509174+00,safety_max_seal_margin_f,5,
2026-09-04 22:58:47.509174+00,safety_vpd_max,2.5,
2026-09-04 22:58:47.509174+00,sw_direct_wet_stress_override_enabled,1,
2026-09-04 22:58:47.509174+00,sw_fog_closes_vent,1,
2026-09-04 22:58:47.509174+00,sw_mister_closes_vent,0,
2026-09-04 22:58:47.509174+00,sw_occupancy_inhibit,1,
2026-09-04 22:58:47.509174+00,temp_high,95,
2026-09-04 22:58:47.509174+00,vpd_high,2.799999952316284,
2026-09-04 22:59:52.194419+00,fog_rh_ceiling_pct,90,
2026-09-04 22:59:52.194419+00,mister_max_runtime_min,120,
2026-09-04 22:59:52.194419+00,mister_water_budget_gal,300,
2026-09-04 22:59:52.194419+00,safety_max,95,
2026-09-04 22:59:52.194419+00,safety_max_seal_margin_f,5,
2026-09-04 22:59:52.194419+00,safety_vpd_max,2.5,
2026-09-04 22:59:52.194419+00,sw_direct_wet_stress_override_enabled,1,
2026-09-04 22:59:52.194419+00,sw_fog_closes_vent,1,
2026-09-04 22:59:52.194419+00,sw_mister_closes_vent,0,
2026-09-04 22:59:52.194419+00,sw_occupancy_inhibit,1,
2026-09-04 22:59:52.194419+00,temp_high,95,
2026-09-04 22:59:52.194419+00,vpd_high,2.799999952316284,
2026-09-04 23:00:56.949193+00,fog_rh_ceiling_pct,90,
2026-09-04 23:00:56.949193+00,mister_max_runtime_min,120,
2026-09-04 23:00:56.949193+00,mister_water_budget_gal,300,
2026-09-04 23:00:56.949193+00,safety_max,95,
2026-09-04 23:00:56.949193+00,safety_max_seal_margin_f,5,
2026-09-04 23:00:56.949193+00,safety_vpd_max,2.5,
2026-09-04 23:00:56.949193+00,sw_direct_wet_stress_override_enabled,1,
2026-09-04 23:00:56.949193+00,sw_fog_closes_vent,1,
2026-09-04 23:00:56.949193+00,sw_mister_closes_vent,0,
2026-09-04 23:00:56.949193+00,sw_occupancy_inhibit,1,
2026-09-04 23:00:56.949193+00,temp_high,95,
2026-09-04 23:00:56.949193+00,vpd_high,2.799999952316284,
2026-09-04 23:01:58.489791+00,fog_rh_ceiling_pct,90,
2026-09-04 23:01:58.489791+00,mister_max_runtime_min,120,
2026-09-04 23:01:58.489791+00,mister_water_budget_gal,300,
2026-09-04 23:01:58.489791+00,safety_max,95,
2026-09-04 23:01:58.489791+00,safety_max_seal_margin_f,5,
2026-09-04 23:01:58.489791+00,safety_vpd_max,2.5,
2026-09-04 23:01:58.489791+00,sw_direct_wet_stress_override_enabled,1,
2026-09-04 23:01:58.489791+00,sw_fog_closes_vent,1,
2026-09-04 23:01:58.489791+00,sw_mister_closes_vent,0,
2026-09-04 23:01:58.489791+00,sw_occupancy_inhibit,1,
2026-09-04 23:01:58.489791+00,temp_high,95,
2026-09-04 23:01:58.489791+00,vpd_high,2.799999952316284,
2026-09-04 23:02:59.87528+00,fog_rh_ceiling_pct,90,
2026-09-04 23:02:59.87528+00,mister_max_runtime_min,120,
2026-09-04 23:02:59.87528+00,mister_water_budget_gal,300,
2026-09-04 23:02:59.87528+00,safety_max,95,
2026-09-04 23:02:59.87528+00,safety_max_seal_margin_f,5,
2026-09-04 23:02:59.87528+00,safety_vpd_max,2.5,
2026-09-04 23:02:59.87528+00,sw_direct_wet_stress_override_enabled,1,
2026-09-04 23:02:59.87528+00,sw_fog_closes_vent,1,
2026-09-04 23:02:59.87528+00,sw_mister_closes_vent,0,
2026-09-04 23:02:59.87528+00,sw_occupancy_inhibit,1,
2026-09-04 23:02:59.87528+00,temp_high,95,
2026-09-04 23:02:59.87528+00,vpd_high,2.799999952316284,
2026-09-04 23:04:01.065152+00,fog_rh_ceiling_pct,90,
2026-09-04 23:04:01.065152+00,mister_max_runtime_min,120,
2026-09-04 23:04:01.065152+00,mister_water_budget_gal,300,
2026-09-04 23:04:01.065152+00,safety_max,95,
2026-09-04 23:04:01.065152+00,safety_max_seal_margin_f,5,
2026-09-04 23:04:01.065152+00,safety_vpd_max,2.5,
2026-09-04 23:04:01.065152+00,sw_direct_wet_stress_override_enabled,1,
2026-09-04 23:04:01.065152+00,sw_fog_closes_vent,1,
2026-09-04 23:04:01.065152+00,sw_mister_closes_vent,0,
2026-09-04 23:04:01.065152+00,sw_occupancy_inhibit,1,
2026-09-04 23:04:01.065152+00,temp_high,95,
2026-09-04 23:04:01.065152+00,vpd_high,2.799999952316284,
2026-09-04 23:05:02.308669+00,fog_rh_ceiling_pct,90,
2026-09-04 23:05:02.308669+00,mister_max_runtime_min,120,
2026-09-04 23:05:02.308669+00,mister_water_budget_gal,300,
2026-09-04 23:05:02.308669+00,safety_max,95,
2026-09-04 23:05:02.308669+00,safety_max_seal_margin_f,5,
2026-09-04 23:05:02.308669+00,safety_vpd_max,2.5,
2026-09-04 23:05:02.308669+00,sw_direct_wet_stress_override_enabled,1,
2026-09-04 23:05:02.308669+00,sw_fog_closes_vent,1,
2026-09-04 23:05:02.308669+00,sw_mister_closes_vent,0,
2026-09-04 23:05:02.308669+00,sw_occupancy_inhibit,1,
2026-09-04 23:05:02.308669+00,temp_high,95,
2026-09-04 23:05:02.308669+00,vpd_high,2.799999952316284,
2026-09-04 23:06:03.64997+00,fog_rh_ceiling_pct,90,
2026-09-04 23:06:03.64997+00,mister_max_runtime_min,120,
2026-09-04 23:06:03.64997+00,mister_water_budget_gal,300,
2026-09-04 23:06:03.64997+00,safety_max,95,
2026-09-04 23:06:03.64997+00,safety_max_seal_margin_f,5,
2026-09-04 23:06:03.64997+00,safety_vpd_max,2.5,
2026-09-04 23:06:03.64997+00,sw_direct_wet_stress_override_enabled,1,
2026-09-04 23:06:03.64997+00,sw_fog_closes_vent,1,
2026-09-04 23:06:03.64997+00,sw_mister_closes_vent,0,
2026-09-04 23:06:03.64997+00,sw_occupancy_inhibit,1,
2026-09-04 23:06:03.64997+00,temp_high,95,
2026-09-04 23:06:03.64997+00,vpd_high,2.799999952316284,
2026-09-04 23:07:05.295721+00,fog_rh_ceiling_pct,90,
2026-09-04 23:07:05.295721+00,mister_max_runtime_min,120,
2026-09-04 23:07:05.295721+00,mister_water_budget_gal,300,
2026-09-04 23:07:05.295721+00,safety_max,95,
2026-09-04 23:07:05.295721+00,safety_max_seal_margin_f,5,
2026-09-04 23:07:05.295721+00,safety_vpd_max,2.5,
2026-09-04 23:07:05.295721+00,sw_direct_wet_stress_override_enabled,1,
2026-09-04 23:07:05.295721+00,sw_fog_closes_vent,1,
2026-09-04 23:07:05.295721+00,sw_mister_closes_vent,0,
2026-09-04 23:07:05.295721+00,sw_occupancy_inhibit,1,
2026-09-04 23:07:05.295721+00,temp_high,95,
2026-09-04 23:07:05.295721+00,vpd_high,2.799999952316284,
2026-09-04 23:08:06.652837+00,fog_rh_ceiling_pct,90,
2026-09-04 23:08:06.652837+00,mister_max_runtime_min,120,
2026-09-04 23:08:06.652837+00,mister_water_budget_gal,300,
2026-09-04 23:08:06.652837+00,safety_max,95,
2026-09-04 23:08:06.652837+00,safety_max_seal_margin_f,5,
2026-09-04 23:08:06.652837+00,safety_vpd_max,2.5,
2026-09-04 23:08:06.652837+00,sw_direct_wet_stress_override_enabled,1,
2026-09-04 23:08:06.652837+00,sw_fog_closes_vent,1,
2026-09-04 23:08:06.652837+00,sw_mister_closes_vent,0,
2026-09-04 23:08:06.652837+00,sw_occupancy_inhibit,1,
2026-09-04 23:08:06.652837+00,temp_high,95,
2026-09-04 23:08:06.652837+00,vpd_high,2.799999952316284,
2026-09-04 23:09:07.796535+00,fog_rh_ceiling_pct,90,
2026-09-04 23:09:07.796535+00,mister_max_runtime_min,120,
2026-09-04 23:09:07.796535+00,mister_water_budget_gal,300,
2026-09-04 23:09:07.796535+00,safety_max,95,
2026-09-04 23:09:07.796535+00,safety_max_seal_margin_f,5,
2026-09-04 23:09:07.796535+00,safety_vpd_max,2.5,
2026-09-04 23:09:07.796535+00,sw_direct_wet_stress_override_enabled,1,
2026-09-04 23:09:07.796535+00,sw_fog_closes_vent,1,
2026-09-04 23:09:07.796535+00,sw_mister_closes_vent,0,
2026-09-04 23:09:07.796535+00,sw_occupancy_inhibit,1,
2026-09-04 23:09:07.796535+00,temp_high,95,
2026-09-04 23:09:07.796535+00,vpd_high,2.799999952316284,
2026-09-04 23:10:08.933224+00,fog_rh_ceiling_pct,90,
2026-09-04 23:10:08.933224+00,mister_max_runtime_min,120,
2026-09-04 23:10:08.933224+00,mister_water_budget_gal,300,
2026-09-04 23:10:08.933224+00,safety_max,95,
2026-09-04 23:10:08.933224+00,safety_max_seal_margin_f,5,
2026-09-04 23:10:08.933224+00,safety_vpd_max,2.5,
2026-09-04 23:10:08.933224+00,sw_direct_wet_stress_override_enabled,1,
2026-09-04 23:10:08.933224+00,sw_fog_closes_vent,1,
2026-09-04 23:10:08.933224+00,sw_mister_closes_vent,0,
2026-09-04 23:10:08.933224+00,sw_occupancy_inhibit,1,
2026-09-04 23:10:08.933224+00,temp_high,95,
2026-09-04 23:10:08.933224+00,vpd_high,2.799999952316284,
2026-09-04 23:11:09.978255+00,fog_rh_ceiling_pct,90,
2026-09-04 23:11:09.978255+00,mister_max_runtime_min,120,
2026-09-04 23:11:09.978255+00,mister_water_budget_gal,300,
2026-09-04 23:11:09.978255+00,safety_max,95,
2026-09-04 23:11:09.978255+00,safety_max_seal_margin_f,5,
2026-09-04 23:11:09.978255+00,safety_vpd_max,2.5,
2026-09-04 23:11:09.978255+00,sw_direct_wet_stress_override_enabled,1,
2026-09-04 23:11:09.978255+00,sw_fog_closes_vent,1,
2026-09-04 23:11:09.978255+00,sw_mister_closes_vent,0,
2026-09-04 23:11:09.978255+00,sw_occupancy_inhibit,1,
2026-09-04 23:11:09.978255+00,temp_high,95,
2026-09-04 23:11:09.978255+00,vpd_high,2.799999952316284,
2026-09-04 23:12:11.398427+00,fog_rh_ceiling_pct,90,
2026-09-04 23:12:11.398427+00,mister_max_runtime_min,120,
2026-09-04 23:12:11.398427+00,mister_water_budget_gal,300,
2026-09-04 23:12:11.398427+00,safety_max,95,
2026-09-04 23:12:11.398427+00,safety_max_seal_margin_f,5,
2026-09-04 23:12:11.398427+00,safety_vpd_max,2.5,
2026-09-04 23:12:11.398427+00,sw_direct_wet_stress_override_enabled,1,
2026-09-04 23:12:11.398427+00,sw_fog_closes_vent,1,
2026-09-04 23:12:11.398427+00,sw_mister_closes_vent,0,
2026-09-04 23:12:11.398427+00,sw_occupancy_inhibit,1,
2026-09-04 23:12:11.398427+00,temp_high,95,
2026-09-04 23:12:11.398427+00,vpd_high,2.799999952316284,
2026-09-04 23:13:12.686688+00,fog_rh_ceiling_pct,90,
2026-09-04 23:13:12.686688+00,mister_max_runtime_min,120,
2026-09-04 23:13:12.686688+00,mister_water_budget_gal,300,
2026-09-04 23:13:12.686688+00,safety_max,95,
2026-09-04 23:13:12.686688+00,safety_max_seal_margin_f,5,
2026-09-04 23:13:12.686688+00,safety_vpd_max,2.5,
2026-09-04 23:13:12.686688+00,sw_direct_wet_stress_override_enabled,1,
2026-09-04 23:13:12.686688+00,sw_fog_closes_vent,1,
2026-09-04 23:13:12.686688+00,sw_mister_closes_vent,0,
2026-09-04 23:13:12.686688+00,sw_occupancy_inhibit,1,
2026-09-04 23:13:12.686688+00,temp_high,95,
2026-09-04 23:13:12.686688+00,vpd_high,2.799999952316284,
2026-09-04 23:14:13.968697+00,fog_rh_ceiling_pct,90,
2026-09-04 23:14:13.968697+00,mister_max_runtime_min,120,
2026-09-04 23:14:13.968697+00,mister_water_budget_gal,300,
2026-09-04 23:14:13.968697+00,safety_max,95,
2026-09-04 23:14:13.968697+00,safety_max_seal_margin_f,5,
2026-09-04 23:14:13.968697+00,safety_vpd_max,2.5,
2026-09-04 23:14:13.968697+00,sw_direct_wet_stress_override_enabled,1,
2026-09-04 23:14:13.968697+00,sw_fog_closes_vent,1,
2026-09-04 23:14:13.968697+00,sw_mister_closes_vent,0,
2026-09-04 23:14:13.968697+00,sw_occupancy_inhibit,1,
2026-09-04 23:14:13.968697+00,temp_high,95,
2026-09-04 23:14:13.968697+00,vpd_high,2.799999952316284,
2026-09-04 23:15:15.018773+00,fog_rh_ceiling_pct,90,
2026-09-04 23:15:15.018773+00,mister_max_runtime_min,120,
2026-09-04 23:15:15.018773+00,mister_water_budget_gal,300,
2026-09-04 23:15:15.018773+00,safety_max,95,
2026-09-04 23:15:15.018773+00,safety_max_seal_margin_f,5,
2026-09-04 23:15:15.018773+00,safety_vpd_max,2.5,
2026-09-04 23:15:15.018773+00,sw_direct_wet_stress_override_enabled,1,
2026-09-04 23:15:15.018773+00,sw_fog_closes_vent,1,
2026-09-04 23:15:15.018773+00,sw_mister_closes_vent,0,
2026-09-04 23:15:15.018773+00,sw_occupancy_inhibit,1,
2026-09-04 23:15:15.018773+00,temp_high,95,
2026-09-04 23:15:15.018773+00,vpd_high,2.799999952316284,
2026-09-04 23:16:16.052402+00,fog_rh_ceiling_pct,90,
2026-09-04 23:16:16.052402+00,mister_max_runtime_min,120,
2026-09-04 23:16:16.052402+00,mister_water_budget_gal,300,
2026-09-04 23:16:16.052402+00,safety_max,95,
2026-09-04 23:16:16.052402+00,safety_max_seal_margin_f,5,
2026-09-04 23:16:16.052402+00,safety_vpd_max,2.5,
2026-09-04 23:16:16.052402+00,sw_direct_wet_stress_override_enabled,1,
2026-09-04 23:16:16.052402+00,sw_fog_closes_vent,1,
2026-09-04 23:16:16.052402+00,sw_mister_closes_vent,0,
2026-09-04 23:16:16.052402+00,sw_occupancy_inhibit,1,
2026-09-04 23:16:16.052402+00,temp_high,95,
2026-09-04 23:16:16.052402+00,vpd_high,2.799999952316284,
2026-09-04 23:17:17.281577+00,fog_rh_ceiling_pct,90,
2026-09-04 23:17:17.281577+00,mister_max_runtime_min,120,
2026-09-04 23:17:17.281577+00,mister_water_budget_gal,300,
2026-09-04 23:17:17.281577+00,safety_max,95,
2026-09-04 23:17:17.281577+00,safety_max_seal_margin_f,5,
2026-09-04 23:17:17.281577+00,safety_vpd_max,2.5,
2026-09-04 23:17:17.281577+00,sw_direct_wet_stress_override_enabled,1,
2026-09-04 23:17:17.281577+00,sw_fog_closes_vent,1,
2026-09-04 23:17:17.281577+00,sw_mister_closes_vent,0,
2026-09-04 23:17:17.281577+00,sw_occupancy_inhibit,1,
2026-09-04 23:17:17.281577+00,temp_high,95,
2026-09-04 23:17:17.281577+00,vpd_high,2.799999952316284,
2026-09-04 23:18:18.354685+00,fog_rh_ceiling_pct,90,
2026-09-04 23:18:18.354685+00,mister_max_runtime_min,120,
2026-09-04 23:18:18.354685+00,mister_water_budget_gal,300,
2026-09-04 23:18:18.354685+00,safety_max,95,
2026-09-04 23:18:18.354685+00,safety_max_seal_margin_f,5,
2026-09-04 23:18:18.354685+00,safety_vpd_max,2.5,
2026-09-04 23:18:18.354685+00,sw_direct_wet_stress_override_enabled,1,
2026-09-04 23:18:18.354685+00,sw_fog_closes_vent,1,
2026-09-04 23:18:18.354685+00,sw_mister_closes_vent,0,
2026-09-04 23:18:18.354685+00,sw_occupancy_inhibit,1,
2026-09-04 23:18:18.354685+00,temp_high,95,
2026-09-04 23:18:18.354685+00,vpd_high,2.799999952316284,
2026-09-04 23:19:19.982748+00,fog_rh_ceiling_pct,90,
2026-09-04 23:19:19.982748+00,mister_max_runtime_min,120,
2026-09-04 23:19:19.982748+00,mister_water_budget_gal,300,
2026-09-04 23:19:19.982748+00,safety_max,95,
2026-09-04 23:19:19.982748+00,safety_max_seal_margin_f,5,
2026-09-04 23:19:19.982748+00,safety_vpd_max,2.5,
2026-09-04 23:19:19.982748+00,sw_direct_wet_stress_override_enabled,1,
2026-09-04 23:19:19.982748+00,sw_fog_closes_vent,1,
2026-09-04 23:19:19.982748+00,sw_mister_closes_vent,0,
2026-09-04 23:19:19.982748+00,sw_occupancy_inhibit,1,
2026-09-04 23:19:19.982748+00,temp_high,95,
2026-09-04 23:19:19.982748+00,vpd_high,2.799999952316284,
2026-09-04 23:20:21.060562+00,fog_rh_ceiling_pct,90,
2026-09-04 23:20:21.060562+00,mister_max_runtime_min,120,
2026-09-04 23:20:21.060562+00,mister_water_budget_gal,300,
2026-09-04 23:20:21.060562+00,safety_max,95,
2026-09-04 23:20:21.060562+00,safety_max_seal_margin_f,5,
2026-09-04 23:20:21.060562+00,safety_vpd_max,2.5,
2026-09-04 23:20:21.060562+00,sw_direct_wet_stress_override_enabled,1,
2026-09-04 23:20:21.060562+00,sw_fog_closes_vent,1,
2026-09-04 23:20:21.060562+00,sw_mister_closes_vent,0,
2026-09-04 23:20:21.060562+00,sw_occupancy_inhibit,1,
2026-09-04 23:20:21.060562+00,temp_high,95,
2026-09-04 23:20:21.060562+00,vpd_high,2.799999952316284,
2026-09-04 23:21:22.118049+00,fog_rh_ceiling_pct,90,
2026-09-04 23:21:22.118049+00,mister_max_runtime_min,120,
2026-09-04 23:21:22.118049+00,mister_water_budget_gal,300,
2026-09-04 23:21:22.118049+00,safety_max,95,
2026-09-04 23:21:22.118049+00,safety_max_seal_margin_f,5,
2026-09-04 23:21:22.118049+00,safety_vpd_max,2.5,
2026-09-04 23:21:22.118049+00,sw_direct_wet_stress_override_enabled,1,
2026-09-04 23:21:22.118049+00,sw_fog_closes_vent,1,
2026-09-04 23:21:22.118049+00,sw_mister_closes_vent,0,
2026-09-04 23:21:22.118049+00,sw_occupancy_inhibit,1,
2026-09-04 23:21:22.118049+00,temp_high,95,
2026-09-04 23:21:22.118049+00,vpd_high,2.799999952316284,
2026-09-04 23:22:23.803662+00,fog_rh_ceiling_pct,90,
2026-09-04 23:22:23.803662+00,mister_max_runtime_min,120,
2026-09-04 23:22:23.803662+00,mister_water_budget_gal,300,
2026-09-04 23:22:23.803662+00,safety_max,95,
2026-09-04 23:22:23.803662+00,safety_max_seal_margin_f,5,
2026-09-04 23:22:23.803662+00,safety_vpd_max,2.5,
2026-09-04 23:22:23.803662+00,sw_direct_wet_stress_override_enabled,1,
2026-09-04 23:22:23.803662+00,sw_fog_closes_vent,1,
2026-09-04 23:22:23.803662+00,sw_mister_closes_vent,0,
2026-09-04 23:22:23.803662+00,sw_occupancy_inhibit,1,
2026-09-04 23:22:23.803662+00,temp_high,95,
2026-09-04 23:22:23.803662+00,vpd_high,2.799999952316284,
2026-09-04 23:23:24.819784+00,fog_rh_ceiling_pct,90,
2026-09-04 23:23:24.819784+00,mister_max_runtime_min,120,
2026-09-04 23:23:24.819784+00,mister_water_budget_gal,300,
2026-09-04 23:23:24.819784+00,safety_max,95,
2026-09-04 23:23:24.819784+00,safety_max_seal_margin_f,5,
2026-09-04 23:23:24.819784+00,safety_vpd_max,2.5,
2026-09-04 23:23:24.819784+00,sw_direct_wet_stress_override_enabled,1,
2026-09-04 23:23:24.819784+00,sw_fog_closes_vent,1,
2026-09-04 23:23:24.819784+00,sw_mister_closes_vent,0,
2026-09-04 23:23:24.819784+00,sw_occupancy_inhibit,1,
2026-09-04 23:23:24.819784+00,temp_high,95,
2026-09-04 23:23:24.819784+00,vpd_high,2.799999952316284,
2026-09-04 23:24:25.998526+00,fog_rh_ceiling_pct,90,
2026-09-04 23:24:25.998526+00,mister_max_runtime_min,120,
2026-09-04 23:24:25.998526+00,mister_water_budget_gal,300,
2026-09-04 23:24:25.998526+00,safety_max,95,
2026-09-04 23:24:25.998526+00,safety_max_seal_margin_f,5,
2026-09-04 23:24:25.998526+00,safety_vpd_max,2.5,
2026-09-04 23:24:25.998526+00,sw_direct_wet_stress_override_enabled,1,
2026-09-04 23:24:25.998526+00,sw_fog_closes_vent,1,
2026-09-04 23:24:25.998526+00,sw_mister_closes_vent,0,
2026-09-04 23:24:25.998526+00,sw_occupancy_inhibit,1,
2026-09-04 23:24:25.998526+00,temp_high,95,
2026-09-04 23:24:25.998526+00,vpd_high,2.799999952316284,
2026-09-04 23:25:27.202307+00,fog_rh_ceiling_pct,90,
2026-09-04 23:25:27.202307+00,mister_max_runtime_min,120,
2026-09-04 23:25:27.202307+00,mister_water_budget_gal,300,
2026-09-04 23:25:27.202307+00,safety_max,95,
2026-09-04 23:25:27.202307+00,safety_max_seal_margin_f,5,
2026-09-04 23:25:27.202307+00,safety_vpd_max,2.5,
2026-09-04 23:25:27.202307+00,sw_direct_wet_stress_override_enabled,1,
2026-09-04 23:25:27.202307+00,sw_fog_closes_vent,1,
2026-09-04 23:25:27.202307+00,sw_mister_closes_vent,0,
2026-09-04 23:25:27.202307+00,sw_occupancy_inhibit,1,
2026-09-04 23:25:27.202307+00,temp_high,95,
2026-09-04 23:25:27.202307+00,vpd_high,2.799999952316284,
2026-09-04 23:26:28.428395+00,fog_rh_ceiling_pct,90,
2026-09-04 23:26:28.428395+00,mister_max_runtime_min,120,
2026-09-04 23:26:28.428395+00,mister_water_budget_gal,300,
2026-09-04 23:26:28.428395+00,safety_max,95,
2026-09-04 23:26:28.428395+00,safety_max_seal_margin_f,5,
2026-09-04 23:26:28.428395+00,safety_vpd_max,2.5,
2026-09-04 23:26:28.428395+00,sw_direct_wet_stress_override_enabled,1,
2026-09-04 23:26:28.428395+00,sw_fog_closes_vent,1,
2026-09-04 23:26:28.428395+00,sw_mister_closes_vent,0,
2026-09-04 23:26:28.428395+00,sw_occupancy_inhibit,1,
2026-09-04 23:26:28.428395+00,temp_high,95,
2026-09-04 23:26:28.428395+00,vpd_high,2.799999952316284,
2026-09-04 23:27:29.706462+00,fog_rh_ceiling_pct,90,
2026-09-04 23:27:29.706462+00,mister_max_runtime_min,120,
2026-09-04 23:27:29.706462+00,mister_water_budget_gal,300,
2026-09-04 23:27:29.706462+00,safety_max,95,
2026-09-04 23:27:29.706462+00,safety_max_seal_margin_f,5,
2026-09-04 23:27:29.706462+00,safety_vpd_max,2.5,
2026-09-04 23:27:29.706462+00,sw_direct_wet_stress_override_enabled,1,
2026-09-04 23:27:29.706462+00,sw_fog_closes_vent,1,
2026-09-04 23:27:29.706462+00,sw_mister_closes_vent,0,
2026-09-04 23:27:29.706462+00,sw_occupancy_inhibit,1,
2026-09-04 23:27:29.706462+00,temp_high,95,
2026-09-04 23:27:29.706462+00,vpd_high,2.799999952316284,
2026-09-04 23:28:31.091297+00,fog_rh_ceiling_pct,90,
2026-09-04 23:28:31.091297+00,mister_max_runtime_min,120,
2026-09-04 23:28:31.091297+00,mister_water_budget_gal,300,
2026-09-04 23:28:31.091297+00,safety_max,95,
2026-09-04 23:28:31.091297+00,safety_max_seal_margin_f,5,
2026-09-04 23:28:31.091297+00,safety_vpd_max,2.5,
2026-09-04 23:28:31.091297+00,sw_direct_wet_stress_override_enabled,1,
2026-09-04 23:28:31.091297+00,sw_fog_closes_vent,1,
2026-09-04 23:28:31.091297+00,sw_mister_closes_vent,0,
2026-09-04 23:28:31.091297+00,sw_occupancy_inhibit,1,
2026-09-04 23:28:31.091297+00,temp_high,95,
2026-09-04 23:28:31.091297+00,vpd_high,2.799999952316284,
2026-09-04 23:29:32.181862+00,fog_rh_ceiling_pct,90,
2026-09-04 23:29:32.181862+00,mister_max_runtime_min,120,
2026-09-04 23:29:32.181862+00,mister_water_budget_gal,300,
2026-09-04 23:29:32.181862+00,safety_max,95,
2026-09-04 23:29:32.181862+00,safety_max_seal_margin_f,5,
2026-09-04 23:29:32.181862+00,safety_vpd_max,2.5,
2026-09-04 23:29:32.181862+00,sw_direct_wet_stress_override_enabled,1,
2026-09-04 23:29:32.181862+00,sw_fog_closes_vent,1,
2026-09-04 23:29:32.181862+00,sw_mister_closes_vent,0,
2026-09-04 23:29:32.181862+00,sw_occupancy_inhibit,1,
2026-09-04 23:29:32.181862+00,temp_high,95,
2026-09-04 23:29:32.181862+00,vpd_high,2.799999952316284,
2026-09-04 23:30:33.047644+00,fog_rh_ceiling_pct,90,
2026-09-04 23:30:33.047644+00,mister_max_runtime_min,120,
2026-09-04 23:30:33.047644+00,mister_water_budget_gal,300,
2026-09-04 23:30:33.047644+00,safety_max,95,
2026-09-04 23:30:33.047644+00,safety_max_seal_margin_f,5,
2026-09-04 23:30:33.047644+00,safety_vpd_max,2.5,
2026-09-04 23:30:33.047644+00,sw_direct_wet_stress_override_enabled,1,
2026-09-04 23:30:33.047644+00,sw_fog_closes_vent,1,
2026-09-04 23:30:33.047644+00,sw_mister_closes_vent,0,
2026-09-04 23:30:33.047644+00,sw_occupancy_inhibit,1,
2026-09-04 23:30:33.047644+00,temp_high,95,
2026-09-04 23:30:33.047644+00,vpd_high,2.799999952316284,
2026-09-04 23:31:34.309254+00,fog_rh_ceiling_pct,90,
2026-09-04 23:31:34.309254+00,mister_max_runtime_min,120,
2026-09-04 23:31:34.309254+00,mister_water_budget_gal,300,
2026-09-04 23:31:34.309254+00,safety_max,95,
2026-09-04 23:31:34.309254+00,safety_max_seal_margin_f,5,
2026-09-04 23:31:34.309254+00,safety_vpd_max,2.5,
2026-09-04 23:31:34.309254+00,sw_direct_wet_stress_override_enabled,1,
2026-09-04 23:31:34.309254+00,sw_fog_closes_vent,1,
2026-09-04 23:31:34.309254+00,sw_mister_closes_vent,0,
2026-09-04 23:31:34.309254+00,sw_occupancy_inhibit,1,
2026-09-04 23:31:34.309254+00,temp_high,95,
2026-09-04 23:31:34.309254+00,vpd_high,2.799999952316284,
2026-09-04 23:32:35.659245+00,fog_rh_ceiling_pct,90,
2026-09-04 23:32:35.659245+00,mister_max_runtime_min,120,
2026-09-04 23:32:35.659245+00,mister_water_budget_gal,300,
2026-09-04 23:32:35.659245+00,safety_max,95,
2026-09-04 23:32:35.659245+00,safety_max_seal_margin_f,5,
2026-09-04 23:32:35.659245+00,safety_vpd_max,2.5,
2026-09-04 23:32:35.659245+00,sw_direct_wet_stress_override_enabled,1,
2026-09-04 23:32:35.659245+00,sw_fog_closes_vent,1,
2026-09-04 23:32:35.659245+00,sw_mister_closes_vent,0,
2026-09-04 23:32:35.659245+00,sw_occupancy_inhibit,1,
2026-09-04 23:32:35.659245+00,temp_high,95,
2026-09-04 23:32:35.659245+00,vpd_high,2.799999952316284,
2026-09-04 23:33:36.832205+00,fog_rh_ceiling_pct,90,
2026-09-04 23:33:36.832205+00,mister_max_runtime_min,120,
2026-09-04 23:33:36.832205+00,mister_water_budget_gal,300,
2026-09-04 23:33:36.832205+00,safety_max,95,
2026-09-04 23:33:36.832205+00,safety_max_seal_margin_f,5,
2026-09-04 23:33:36.832205+00,safety_vpd_max,2.5,
2026-09-04 23:33:36.832205+00,sw_direct_wet_stress_override_enabled,1,
2026-09-04 23:33:36.832205+00,sw_fog_closes_vent,1,
2026-09-04 23:33:36.832205+00,sw_mister_closes_vent,0,
2026-09-04 23:33:36.832205+00,sw_occupancy_inhibit,1,
2026-09-04 23:33:36.832205+00,temp_high,95,
2026-09-04 23:33:36.832205+00,vpd_high,2.799999952316284,
2026-09-04 23:34:38.127362+00,fog_rh_ceiling_pct,90,
2026-09-04 23:34:38.127362+00,mister_max_runtime_min,120,
2026-09-04 23:34:38.127362+00,mister_water_budget_gal,300,
2026-09-04 23:34:38.127362+00,safety_max,95,
2026-09-04 23:34:38.127362+00,safety_max_seal_margin_f,5,
2026-09-04 23:34:38.127362+00,safety_vpd_max,2.5,
2026-09-04 23:34:38.127362+00,sw_direct_wet_stress_override_enabled,1,
2026-09-04 23:34:38.127362+00,sw_fog_closes_vent,1,
2026-09-04 23:34:38.127362+00,sw_mister_closes_vent,0,
2026-09-04 23:34:38.127362+00,sw_occupancy_inhibit,1,
2026-09-04 23:34:38.127362+00,temp_high,95,
2026-09-04 23:34:38.127362+00,vpd_high,2.799999952316284,
2026-09-04 23:35:39.192531+00,fog_rh_ceiling_pct,90,
2026-09-04 23:35:39.192531+00,mister_max_runtime_min,120,
2026-09-04 23:35:39.192531+00,mister_water_budget_gal,300,
2026-09-04 23:35:39.192531+00,safety_max,95,
2026-09-04 23:35:39.192531+00,safety_max_seal_margin_f,5,
2026-09-04 23:35:39.192531+00,safety_vpd_max,2.5,
2026-09-04 23:35:39.192531+00,sw_direct_wet_stress_override_enabled,1,
2026-09-04 23:35:39.192531+00,sw_fog_closes_vent,1,
2026-09-04 23:35:39.192531+00,sw_mister_closes_vent,0,
2026-09-04 23:35:39.192531+00,sw_occupancy_inhibit,1,
2026-09-04 23:35:39.192531+00,temp_high,95,
2026-09-04 23:35:39.192531+00,vpd_high,2.799999952316284,
2026-09-04 23:36:40.07318+00,fog_rh_ceiling_pct,90,
2026-09-04 23:36:40.07318+00,mister_max_runtime_min,120,
2026-09-04 23:36:40.07318+00,mister_water_budget_gal,300,
2026-09-04 23:36:40.07318+00,safety_max,95,
2026-09-04 23:36:40.07318+00,safety_max_seal_margin_f,5,
2026-09-04 23:36:40.07318+00,safety_vpd_max,2.5,
2026-09-04 23:36:40.07318+00,sw_direct_wet_stress_override_enabled,1,
2026-09-04 23:36:40.07318+00,sw_fog_closes_vent,1,
2026-09-04 23:36:40.07318+00,sw_mister_closes_vent,0,
2026-09-04 23:36:40.07318+00,sw_occupancy_inhibit,1,
2026-09-04 23:36:40.07318+00,temp_high,95,
2026-09-04 23:36:40.07318+00,vpd_high,2.799999952316284,
2026-09-04 23:37:41.275707+00,fog_rh_ceiling_pct,90,
2026-09-04 23:37:41.275707+00,mister_max_runtime_min,120,
2026-09-04 23:37:41.275707+00,mister_water_budget_gal,300,
2026-09-04 23:37:41.275707+00,safety_max,95,
2026-09-04 23:37:41.275707+00,safety_max_seal_margin_f,5,
2026-09-04 23:37:41.275707+00,safety_vpd_max,2.5,
2026-09-04 23:37:41.275707+00,sw_direct_wet_stress_override_enabled,1,
2026-09-04 23:37:41.275707+00,sw_fog_closes_vent,1,
2026-09-04 23:37:41.275707+00,sw_mister_closes_vent,0,
2026-09-04 23:37:41.275707+00,sw_occupancy_inhibit,1,
2026-09-04 23:37:41.275707+00,temp_high,95,
2026-09-04 23:37:41.275707+00,vpd_high,2.799999952316284,
2026-09-04 23:38:42.478656+00,fog_rh_ceiling_pct,90,
2026-09-04 23:38:42.478656+00,mister_max_runtime_min,120,
2026-09-04 23:38:42.478656+00,mister_water_budget_gal,300,
2026-09-04 23:38:42.478656+00,safety_max,95,
2026-09-04 23:38:42.478656+00,safety_max_seal_margin_f,5,
2026-09-04 23:38:42.478656+00,safety_vpd_max,2.5,
2026-09-04 23:38:42.478656+00,sw_direct_wet_stress_override_enabled,1,
2026-09-04 23:38:42.478656+00,sw_fog_closes_vent,1,
2026-09-04 23:38:42.478656+00,sw_mister_closes_vent,0,
2026-09-04 23:38:42.478656+00,sw_occupancy_inhibit,1,
2026-09-04 23:38:42.478656+00,temp_high,95,
2026-09-04 23:38:42.478656+00,vpd_high,2.799999952316284,
2026-09-04 23:39:43.609683+00,fog_rh_ceiling_pct,90,
2026-09-04 23:39:43.609683+00,mister_max_runtime_min,120,
2026-09-04 23:39:43.609683+00,mister_water_budget_gal,300,
2026-09-04 23:39:43.609683+00,safety_max,95,
2026-09-04 23:39:43.609683+00,safety_max_seal_margin_f,5,
2026-09-04 23:39:43.609683+00,safety_vpd_max,2.5,
2026-09-04 23:39:43.609683+00,sw_direct_wet_stress_override_enabled,1,
2026-09-04 23:39:43.609683+00,sw_fog_closes_vent,1,
2026-09-04 23:39:43.609683+00,sw_mister_closes_vent,0,
2026-09-04 23:39:43.609683+00,sw_occupancy_inhibit,1,
2026-09-04 23:39:43.609683+00,temp_high,95,
2026-09-04 23:39:43.609683+00,vpd_high,2.799999952316284,
2026-09-04 23:40:44.6409+00,fog_rh_ceiling_pct,90,
2026-09-04 23:40:44.6409+00,mister_max_runtime_min,120,
2026-09-04 23:40:44.6409+00,mister_water_budget_gal,300,
2026-09-04 23:40:44.6409+00,safety_max,95,
2026-09-04 23:40:44.6409+00,safety_max_seal_margin_f,5,
2026-09-04 23:40:44.6409+00,safety_vpd_max,2.5,
2026-09-04 23:40:44.6409+00,sw_direct_wet_stress_override_enabled,1,
2026-09-04 23:40:44.6409+00,sw_fog_closes_vent,1,
2026-09-04 23:40:44.6409+00,sw_mister_closes_vent,0,
2026-09-04 23:40:44.6409+00,sw_occupancy_inhibit,1,
2026-09-04 23:40:44.6409+00,temp_high,95,
2026-09-04 23:40:44.6409+00,vpd_high,2.799999952316284,
2026-09-04 23:41:45.865398+00,fog_rh_ceiling_pct,90,
2026-09-04 23:41:45.865398+00,mister_max_runtime_min,120,
2026-09-04 23:41:45.865398+00,mister_water_budget_gal,300,
2026-09-04 23:41:45.865398+00,safety_max,95,
2026-09-04 23:41:45.865398+00,safety_max_seal_margin_f,5,
2026-09-04 23:41:45.865398+00,safety_vpd_max,2.5,
2026-09-04 23:41:45.865398+00,sw_direct_wet_stress_override_enabled,1,
2026-09-04 23:41:45.865398+00,sw_fog_closes_vent,1,
2026-09-04 23:41:45.865398+00,sw_mister_closes_vent,0,
2026-09-04 23:41:45.865398+00,sw_occupancy_inhibit,1,
2026-09-04 23:41:45.865398+00,temp_high,95,
2026-09-04 23:41:45.865398+00,vpd_high,2.8,
2026-09-04 23:42:47.07755+00,fog_rh_ceiling_pct,90,
2026-09-04 23:42:47.07755+00,mister_max_runtime_min,120,
2026-09-04 23:42:47.07755+00,mister_water_budget_gal,300,
2026-09-04 23:42:47.07755+00,safety_max,95,
2026-09-04 23:42:47.07755+00,safety_max_seal_margin_f,5,
2026-09-04 23:42:47.07755+00,safety_vpd_max,2.5,
2026-09-04 23:42:47.07755+00,sw_direct_wet_stress_override_enabled,1,
2026-09-04 23:42:47.07755+00,sw_fog_closes_vent,1,
2026-09-04 23:42:47.07755+00,sw_mister_closes_vent,0,
2026-09-04 23:42:47.07755+00,sw_occupancy_inhibit,1,
2026-09-04 23:42:47.07755+00,temp_high,95,
2026-09-04 23:42:47.07755+00,vpd_high,2.8,
2026-09-04 23:43:48.407997+00,fog_rh_ceiling_pct,90,
2026-09-04 23:43:48.407997+00,mister_max_runtime_min,120,
2026-09-04 23:43:48.407997+00,mister_water_budget_gal,300,
2026-09-04 23:43:48.407997+00,safety_max,95,
2026-09-04 23:43:48.407997+00,safety_max_seal_margin_f,5,
2026-09-04 23:43:48.407997+00,safety_vpd_max,2.5,
2026-09-04 23:43:48.407997+00,sw_direct_wet_stress_override_enabled,1,
2026-09-04 23:43:48.407997+00,sw_fog_closes_vent,1,
2026-09-04 23:43:48.407997+00,sw_mister_closes_vent,0,
2026-09-04 23:43:48.407997+00,sw_occupancy_inhibit,1,
2026-09-04 23:43:48.407997+00,temp_high,95,
2026-09-04 23:43:48.407997+00,vpd_high,2.799999952316284,
2026-09-04 23:44:49.400683+00,fog_rh_ceiling_pct,90,
2026-09-04 23:44:49.400683+00,mister_max_runtime_min,120,
2026-09-04 23:44:49.400683+00,mister_water_budget_gal,300,
2026-09-04 23:44:49.400683+00,safety_max,95,
2026-09-04 23:44:49.400683+00,safety_max_seal_margin_f,5,
2026-09-04 23:44:49.400683+00,safety_vpd_max,2.5,
2026-09-04 23:44:49.400683+00,sw_direct_wet_stress_override_enabled,1,
2026-09-04 23:44:49.400683+00,sw_fog_closes_vent,1,
2026-09-04 23:44:49.400683+00,sw_mister_closes_vent,0,
2026-09-04 23:44:49.400683+00,sw_occupancy_inhibit,1,
2026-09-04 23:44:49.400683+00,temp_high,95,
2026-09-04 23:44:49.400683+00,vpd_high,2.799999952316284,
2026-09-04 23:45:50.517611+00,fog_rh_ceiling_pct,90,
2026-09-04 23:45:50.517611+00,mister_max_runtime_min,120,
2026-09-04 23:45:50.517611+00,mister_water_budget_gal,300,
2026-09-04 23:45:50.517611+00,safety_max,95,
2026-09-04 23:45:50.517611+00,safety_max_seal_margin_f,5,
2026-09-04 23:45:50.517611+00,safety_vpd_max,2.5,
2026-09-04 23:45:50.517611+00,sw_direct_wet_stress_override_enabled,1,
2026-09-04 23:45:50.517611+00,sw_fog_closes_vent,1,
2026-09-04 23:45:50.517611+00,sw_mister_closes_vent,0,
2026-09-04 23:45:50.517611+00,sw_occupancy_inhibit,1,
2026-09-04 23:45:50.517611+00,temp_high,95,
2026-09-04 23:45:50.517611+00,vpd_high,2.799999952316284,
2026-09-04 23:46:51.855072+00,fog_rh_ceiling_pct,90,
2026-09-04 23:46:51.855072+00,mister_water_budget_gal,300,
2026-09-04 23:46:51.855072+00,safety_max,95,
2026-09-04 23:46:51.855072+00,safety_max_seal_margin_f,5,
2026-09-04 23:46:51.855072+00,safety_vpd_max,2.5,
2026-09-04 23:46:51.855072+00,sw_direct_wet_stress_override_enabled,1,
2026-09-04 23:46:51.855072+00,sw_fog_closes_vent,1,
2026-09-04 23:46:51.855072+00,sw_mister_closes_vent,0,
2026-09-04 23:46:51.855072+00,sw_occupancy_inhibit,1,
2026-09-04 23:46:51.855072+00,temp_high,95,
2026-09-04 23:46:51.855072+00,vpd_high,2.799999952316284,
2026-09-04 23:47:52.900269+00,fog_rh_ceiling_pct,90,
2026-09-04 23:47:52.900269+00,mister_max_runtime_min,120,
2026-09-04 23:47:52.900269+00,mister_water_budget_gal,300,
2026-09-04 23:47:52.900269+00,safety_max,95,
2026-09-04 23:47:52.900269+00,safety_max_seal_margin_f,5,
2026-09-04 23:47:52.900269+00,safety_vpd_max,2.5,
2026-09-04 23:47:52.900269+00,sw_direct_wet_stress_override_enabled,1,
2026-09-04 23:47:52.900269+00,sw_fog_closes_vent,1,
2026-09-04 23:47:52.900269+00,sw_mister_closes_vent,0,
2026-09-04 23:47:52.900269+00,sw_occupancy_inhibit,1,
2026-09-04 23:47:52.900269+00,temp_high,95,
2026-09-04 23:47:52.900269+00,vpd_high,2.799999952316284,
2026-09-04 23:48:54.486029+00,fog_rh_ceiling_pct,90,
2026-09-04 23:48:54.486029+00,mister_max_runtime_min,120,
2026-09-04 23:48:54.486029+00,mister_water_budget_gal,300,
2026-09-04 23:48:54.486029+00,safety_max,95,
2026-09-04 23:48:54.486029+00,safety_max_seal_margin_f,5,
2026-09-04 23:48:54.486029+00,safety_vpd_max,2.5,
2026-09-04 23:48:54.486029+00,sw_direct_wet_stress_override_enabled,1,
2026-09-04 23:48:54.486029+00,sw_fog_closes_vent,1,
2026-09-04 23:48:54.486029+00,sw_mister_closes_vent,0,
2026-09-04 23:48:54.486029+00,sw_occupancy_inhibit,1,
2026-09-04 23:48:54.486029+00,temp_high,95,
2026-09-04 23:48:54.486029+00,vpd_high,2.799999952316284,
2026-09-04 23:49:55.501651+00,fog_rh_ceiling_pct,90,
2026-09-04 23:49:55.501651+00,mister_max_runtime_min,120,
2026-09-04 23:49:55.501651+00,mister_water_budget_gal,300,
2026-09-04 23:49:55.501651+00,safety_max,95,
2026-09-04 23:49:55.501651+00,safety_max_seal_margin_f,5,
2026-09-04 23:49:55.501651+00,safety_vpd_max,2.5,
2026-09-04 23:49:55.501651+00,sw_direct_wet_stress_override_enabled,1,
2026-09-04 23:49:55.501651+00,sw_fog_closes_vent,1,
2026-09-04 23:49:55.501651+00,sw_mister_closes_vent,0,
2026-09-04 23:49:55.501651+00,sw_occupancy_inhibit,1,
2026-09-04 23:49:55.501651+00,temp_high,95,
2026-09-04 23:49:55.501651+00,vpd_high,2.799999952316284,
2026-09-04 23:50:56.463142+00,fog_rh_ceiling_pct,90,
2026-09-04 23:50:56.463142+00,mister_max_runtime_min,120,
2026-09-04 23:50:56.463142+00,mister_water_budget_gal,300,
2026-09-04 23:50:56.463142+00,safety_max,95,
2026-09-04 23:50:56.463142+00,safety_max_seal_margin_f,5,
2026-09-04 23:50:56.463142+00,safety_vpd_max,2.5,
2026-09-04 23:50:56.463142+00,sw_direct_wet_stress_override_enabled,1,
2026-09-04 23:50:56.463142+00,sw_fog_closes_vent,1,
2026-09-04 23:50:56.463142+00,sw_mister_closes_vent,0,
2026-09-04 23:50:56.463142+00,sw_occupancy_inhibit,1,
2026-09-04 23:50:56.463142+00,temp_high,95,
2026-09-04 23:50:56.463142+00,vpd_high,2.799999952316284,
2026-09-04 23:51:57.588577+00,fog_rh_ceiling_pct,90,
2026-09-04 23:51:57.588577+00,mister_max_runtime_min,120,
2026-09-04 23:51:57.588577+00,mister_water_budget_gal,300,
2026-09-04 23:51:57.588577+00,safety_max,95,
2026-09-04 23:51:57.588577+00,safety_max_seal_margin_f,5,
2026-09-04 23:51:57.588577+00,safety_vpd_max,2.5,
2026-09-04 23:51:57.588577+00,sw_direct_wet_stress_override_enabled,1,
2026-09-04 23:51:57.588577+00,sw_fog_closes_vent,1,
2026-09-04 23:51:57.588577+00,sw_mister_closes_vent,0,
2026-09-04 23:51:57.588577+00,sw_occupancy_inhibit,1,
2026-09-04 23:51:57.588577+00,temp_high,95,
2026-09-04 23:51:57.588577+00,vpd_high,2.799999952316284,
2026-09-04 23:52:59.568621+00,fog_rh_ceiling_pct,90,
2026-09-04 23:52:59.568621+00,mister_max_runtime_min,120,
2026-09-04 23:52:59.568621+00,mister_water_budget_gal,300,
2026-09-04 23:52:59.568621+00,safety_max,95,
2026-09-04 23:52:59.568621+00,safety_max_seal_margin_f,5,
2026-09-04 23:52:59.568621+00,safety_vpd_max,2.5,
2026-09-04 23:52:59.568621+00,sw_direct_wet_stress_override_enabled,1,
2026-09-04 23:52:59.568621+00,sw_fog_closes_vent,1,
2026-09-04 23:52:59.568621+00,sw_mister_closes_vent,0,
2026-09-04 23:52:59.568621+00,sw_occupancy_inhibit,1,
2026-09-04 23:52:59.568621+00,temp_high,95,
2026-09-04 23:52:59.568621+00,vpd_high,2.799999952316284,
2026-09-04 23:54:00.711158+00,fog_rh_ceiling_pct,90,
2026-09-04 23:54:00.711158+00,mister_max_runtime_min,120,
2026-09-04 23:54:00.711158+00,mister_water_budget_gal,300,
2026-09-04 23:54:00.711158+00,safety_max,95,
2026-09-04 23:54:00.711158+00,safety_max_seal_margin_f,5,
2026-09-04 23:54:00.711158+00,safety_vpd_max,2.5,
2026-09-04 23:54:00.711158+00,sw_direct_wet_stress_override_enabled,1,
2026-09-04 23:54:00.711158+00,sw_fog_closes_vent,1,
2026-09-04 23:54:00.711158+00,sw_mister_closes_vent,0,
2026-09-04 23:54:00.711158+00,sw_occupancy_inhibit,1,
2026-09-04 23:54:00.711158+00,temp_high,95,
2026-09-04 23:54:00.711158+00,vpd_high,2.799999952316284,
2026-09-04 23:55:01.765203+00,fog_rh_ceiling_pct,90,
2026-09-04 23:55:01.765203+00,mister_max_runtime_min,120,
2026-09-04 23:55:01.765203+00,mister_water_budget_gal,300,
2026-09-04 23:55:01.765203+00,safety_max,95,
2026-09-04 23:55:01.765203+00,safety_max_seal_margin_f,5,
2026-09-04 23:55:01.765203+00,safety_vpd_max,2.5,
2026-09-04 23:55:01.765203+00,sw_direct_wet_stress_override_enabled,1,
2026-09-04 23:55:01.765203+00,sw_fog_closes_vent,1,
2026-09-04 23:55:01.765203+00,sw_mister_closes_vent,0,
2026-09-04 23:55:01.765203+00,sw_occupancy_inhibit,1,
2026-09-04 23:55:01.765203+00,temp_high,95,
2026-09-04 23:55:01.765203+00,vpd_high,2.799999952316284,
2026-09-04 23:56:02.998048+00,fog_rh_ceiling_pct,90,
2026-09-04 23:56:02.998048+00,mister_max_runtime_min,120,
2026-09-04 23:56:02.998048+00,mister_water_budget_gal,300,
2026-09-04 23:56:02.998048+00,safety_max,95,
2026-09-04 23:56:02.998048+00,safety_max_seal_margin_f,5,
2026-09-04 23:56:02.998048+00,safety_vpd_max,2.5,
2026-09-04 23:56:02.998048+00,sw_direct_wet_stress_override_enabled,1,
2026-09-04 23:56:02.998048+00,sw_fog_closes_vent,1,
2026-09-04 23:56:02.998048+00,sw_mister_closes_vent,0,
2026-09-04 23:56:02.998048+00,sw_occupancy_inhibit,1,
2026-09-04 23:56:02.998048+00,temp_high,95,
2026-09-04 23:56:02.998048+00,vpd_high,2.799999952316284,
2026-09-04 23:57:04.225148+00,fog_rh_ceiling_pct,90,
2026-09-04 23:57:04.225148+00,mister_max_runtime_min,120,
2026-09-04 23:57:04.225148+00,mister_water_budget_gal,300,
2026-09-04 23:57:04.225148+00,safety_max,95,
2026-09-04 23:57:04.225148+00,safety_max_seal_margin_f,5,
2026-09-04 23:57:04.225148+00,safety_vpd_max,2.5,
2026-09-04 23:57:04.225148+00,sw_direct_wet_stress_override_enabled,1,
2026-09-04 23:57:04.225148+00,sw_fog_closes_vent,1,
2026-09-04 23:57:04.225148+00,sw_mister_closes_vent,0,
2026-09-04 23:57:04.225148+00,sw_occupancy_inhibit,1,
2026-09-04 23:57:04.225148+00,temp_high,95,
2026-09-04 23:57:04.225148+00,vpd_high,2.799999952316284,
2026-09-04 23:58:05.323441+00,fog_rh_ceiling_pct,90,
2026-09-04 23:58:05.323441+00,mister_max_runtime_min,120,
2026-09-04 23:58:05.323441+00,mister_water_budget_gal,300,
2026-09-04 23:58:05.323441+00,safety_max,95,
2026-09-04 23:58:05.323441+00,safety_max_seal_margin_f,5,
2026-09-04 23:58:05.323441+00,safety_vpd_max,2.5,
2026-09-04 23:58:05.323441+00,sw_direct_wet_stress_override_enabled,1,
2026-09-04 23:58:05.323441+00,sw_fog_closes_vent,1,
2026-09-04 23:58:05.323441+00,sw_mister_closes_vent,0,
2026-09-04 23:58:05.323441+00,sw_occupancy_inhibit,1,
2026-09-04 23:58:05.323441+00,temp_high,95,
2026-09-04 23:58:05.323441+00,vpd_high,2.799999952316284,
2026-09-04 23:59:06.742195+00,fog_rh_ceiling_pct,90,
2026-09-04 23:59:06.742195+00,mister_max_runtime_min,120,
2026-09-04 23:59:06.742195+00,mister_water_budget_gal,300,
2026-09-04 23:59:06.742195+00,safety_max,95,
2026-09-04 23:59:06.742195+00,safety_max_seal_margin_f,5,
2026-09-04 23:59:06.742195+00,safety_vpd_max,2.5,
2026-09-04 23:59:06.742195+00,sw_direct_wet_stress_override_enabled,1,
2026-09-04 23:59:06.742195+00,sw_fog_closes_vent,1,
2026-09-04 23:59:06.742195+00,sw_mister_closes_vent,0,
2026-09-04 23:59:06.742195+00,sw_occupancy_inhibit,1,
2026-09-04 23:59:06.742195+00,temp_high,95,
2026-09-04 23:59:06.742195+00,vpd_high,2.799999952316284,
2026-09-05 00:00:07.827394+00,fog_rh_ceiling_pct,90,
2026-09-05 00:00:07.827394+00,mister_max_runtime_min,120,
2026-09-05 00:00:07.827394+00,mister_water_budget_gal,300,
2026-09-05 00:00:07.827394+00,safety_max,95,
2026-09-05 00:00:07.827394+00,safety_max_seal_margin_f,5,
2026-09-05 00:00:07.827394+00,safety_vpd_max,2.5,
2026-09-05 00:00:07.827394+00,sw_direct_wet_stress_override_enabled,1,
2026-09-05 00:00:07.827394+00,sw_fog_closes_vent,1,
2026-09-05 00:00:07.827394+00,sw_mister_closes_vent,0,
2026-09-05 00:00:07.827394+00,sw_occupancy_inhibit,1,
2026-09-05 00:00:07.827394+00,temp_high,95,
2026-09-05 00:00:07.827394+00,vpd_high,2.799999952316284,
2026-09-05 00:01:09.051671+00,fog_rh_ceiling_pct,90,
2026-09-05 00:01:09.051671+00,mister_max_runtime_min,120,
2026-09-05 00:01:09.051671+00,mister_water_budget_gal,300,
2026-09-05 00:01:09.051671+00,safety_max,95,
2026-09-05 00:01:09.051671+00,safety_max_seal_margin_f,5,
2026-09-05 00:01:09.051671+00,safety_vpd_max,2.5,
2026-09-05 00:01:09.051671+00,sw_direct_wet_stress_override_enabled,1,
2026-09-05 00:01:09.051671+00,sw_fog_closes_vent,1,
2026-09-05 00:01:09.051671+00,sw_mister_closes_vent,0,
2026-09-05 00:01:09.051671+00,sw_occupancy_inhibit,1,
2026-09-05 00:01:09.051671+00,temp_high,95,
2026-09-05 00:01:09.051671+00,vpd_high,2.799999952316284,
2026-09-05 00:02:10.259536+00,fog_rh_ceiling_pct,90,
2026-09-05 00:02:10.259536+00,mister_max_runtime_min,120,
2026-09-05 00:02:10.259536+00,mister_water_budget_gal,300,
2026-09-05 00:02:10.259536+00,safety_max,95,
2026-09-05 00:02:10.259536+00,safety_max_seal_margin_f,5,
2026-09-05 00:02:10.259536+00,safety_vpd_max,2.5,
2026-09-05 00:02:10.259536+00,sw_direct_wet_stress_override_enabled,1,
2026-09-05 00:02:10.259536+00,sw_fog_closes_vent,1,
2026-09-05 00:02:10.259536+00,sw_mister_closes_vent,0,
2026-09-05 00:02:10.259536+00,sw_occupancy_inhibit,1,
2026-09-05 00:02:10.259536+00,temp_high,95,
2026-09-05 00:02:10.259536+00,vpd_high,2.799999952316284,
2026-09-05 00:03:11.542339+00,fog_rh_ceiling_pct,90,
2026-09-05 00:03:11.542339+00,mister_max_runtime_min,120,
2026-09-05 00:03:11.542339+00,mister_water_budget_gal,300,
2026-09-05 00:03:11.542339+00,safety_max,95,
2026-09-05 00:03:11.542339+00,safety_max_seal_margin_f,5,
2026-09-05 00:03:11.542339+00,safety_vpd_max,2.5,
2026-09-05 00:03:11.542339+00,sw_direct_wet_stress_override_enabled,1,
2026-09-05 00:03:11.542339+00,sw_fog_closes_vent,1,
2026-09-05 00:03:11.542339+00,sw_mister_closes_vent,0,
2026-09-05 00:03:11.542339+00,sw_occupancy_inhibit,1,
2026-09-05 00:03:11.542339+00,temp_high,95,
2026-09-05 00:03:11.542339+00,vpd_high,2.799999952316284,
2026-09-05 00:04:12.712752+00,fog_rh_ceiling_pct,90,
2026-09-05 00:04:12.712752+00,mister_max_runtime_min,120,
2026-09-05 00:04:12.712752+00,mister_water_budget_gal,300,
2026-09-05 00:04:12.712752+00,safety_max,95,
2026-09-05 00:04:12.712752+00,safety_max_seal_margin_f,5,
2026-09-05 00:04:12.712752+00,safety_vpd_max,2.5,
2026-09-05 00:04:12.712752+00,sw_direct_wet_stress_override_enabled,1,
2026-09-05 00:04:12.712752+00,sw_fog_closes_vent,1,
2026-09-05 00:04:12.712752+00,sw_mister_closes_vent,0,
2026-09-05 00:04:12.712752+00,sw_occupancy_inhibit,1,
2026-09-05 00:04:12.712752+00,temp_high,95,
2026-09-05 00:04:12.712752+00,vpd_high,2.799999952316284,
2026-09-05 00:05:13.803712+00,fog_rh_ceiling_pct,90,
2026-09-05 00:05:13.803712+00,mister_max_runtime_min,120,
2026-09-05 00:05:13.803712+00,mister_water_budget_gal,300,
2026-09-05 00:05:13.803712+00,safety_max,95,
2026-09-05 00:05:13.803712+00,safety_max_seal_margin_f,5,
2026-09-05 00:05:13.803712+00,safety_vpd_max,2.5,
2026-09-05 00:05:13.803712+00,sw_direct_wet_stress_override_enabled,1,
2026-09-05 00:05:13.803712+00,sw_fog_closes_vent,1,
2026-09-05 00:05:13.803712+00,sw_mister_closes_vent,0,
2026-09-05 00:05:13.803712+00,sw_occupancy_inhibit,1,
2026-09-05 00:05:13.803712+00,temp_high,95,
2026-09-05 00:05:13.803712+00,vpd_high,2.799999952316284,
2026-09-05 00:06:14.908642+00,fog_rh_ceiling_pct,90,
2026-09-05 00:06:14.908642+00,mister_max_runtime_min,120,
2026-09-05 00:06:14.908642+00,mister_water_budget_gal,300,
2026-09-05 00:06:14.908642+00,safety_max,95,
2026-09-05 00:06:14.908642+00,safety_max_seal_margin_f,5,
2026-09-05 00:06:14.908642+00,safety_vpd_max,2.5,
2026-09-05 00:06:14.908642+00,sw_direct_wet_stress_override_enabled,1,
2026-09-05 00:06:14.908642+00,sw_fog_closes_vent,1,
2026-09-05 00:06:14.908642+00,sw_mister_closes_vent,0,
2026-09-05 00:06:14.908642+00,sw_occupancy_inhibit,1,
2026-09-05 00:06:14.908642+00,temp_high,95,
2026-09-05 00:06:14.908642+00,vpd_high,2.799999952316284,
2026-09-05 00:07:16.376965+00,fog_rh_ceiling_pct,90,
2026-09-05 00:07:16.376965+00,mister_max_runtime_min,120,
2026-09-05 00:07:16.376965+00,mister_water_budget_gal,300,
2026-09-05 00:07:16.376965+00,safety_max,95,
2026-09-05 00:07:16.376965+00,safety_max_seal_margin_f,5,
2026-09-05 00:07:16.376965+00,safety_vpd_max,2.5,
2026-09-05 00:07:16.376965+00,sw_direct_wet_stress_override_enabled,1,
2026-09-05 00:07:16.376965+00,sw_fog_closes_vent,1,
2026-09-05 00:07:16.376965+00,sw_mister_closes_vent,0,
2026-09-05 00:07:16.376965+00,sw_occupancy_inhibit,1,
2026-09-05 00:07:16.376965+00,temp_high,95,
2026-09-05 00:07:16.376965+00,vpd_high,2.799999952316284,
2026-09-05 00:08:17.413272+00,fog_rh_ceiling_pct,90,
2026-09-05 00:08:17.413272+00,mister_max_runtime_min,120,
2026-09-05 00:08:17.413272+00,mister_water_budget_gal,300,
2026-09-05 00:08:17.413272+00,safety_max,95,
2026-09-05 00:08:17.413272+00,safety_max_seal_margin_f,5,
2026-09-05 00:08:17.413272+00,safety_vpd_max,2.5,
2026-09-05 00:08:17.413272+00,sw_direct_wet_stress_override_enabled,1,
2026-09-05 00:08:17.413272+00,sw_fog_closes_vent,1,
2026-09-05 00:08:17.413272+00,sw_mister_closes_vent,0,
2026-09-05 00:08:17.413272+00,sw_occupancy_inhibit,1,
2026-09-05 00:08:17.413272+00,temp_high,95,
2026-09-05 00:08:17.413272+00,vpd_high,2.799999952316284,
2026-09-05 00:09:18.394694+00,fog_rh_ceiling_pct,90,
2026-09-05 00:09:18.394694+00,mister_water_budget_gal,300,
2026-09-05 00:09:18.394694+00,safety_max,95,
2026-09-05 00:09:18.394694+00,safety_max_seal_margin_f,5,
2026-09-05 00:09:18.394694+00,safety_vpd_max,2.5,
2026-09-05 00:09:18.394694+00,sw_direct_wet_stress_override_enabled,1,
2026-09-05 00:09:18.394694+00,sw_fog_closes_vent,1,
2026-09-05 00:09:18.394694+00,sw_mister_closes_vent,0,
2026-09-05 00:09:18.394694+00,sw_occupancy_inhibit,1,
2026-09-05 00:09:18.394694+00,temp_high,95,
2026-09-05 00:09:18.394694+00,vpd_high,2.799999952316284,
2026-09-05 00:10:19.600656+00,fog_rh_ceiling_pct,90,
2026-09-05 00:10:19.600656+00,mister_max_runtime_min,120,
2026-09-05 00:10:19.600656+00,mister_water_budget_gal,300,
2026-09-05 00:10:19.600656+00,safety_max,95,
2026-09-05 00:10:19.600656+00,safety_max_seal_margin_f,5,
2026-09-05 00:10:19.600656+00,safety_vpd_max,2.5,
2026-09-05 00:10:19.600656+00,sw_direct_wet_stress_override_enabled,1,
2026-09-05 00:10:19.600656+00,sw_fog_closes_vent,1,
2026-09-05 00:10:19.600656+00,sw_mister_closes_vent,0,
2026-09-05 00:10:19.600656+00,sw_occupancy_inhibit,1,
2026-09-05 00:10:19.600656+00,temp_high,95,
2026-09-05 00:10:19.600656+00,vpd_high,2.799999952316284,
2026-09-05 00:11:20.486279+00,fog_rh_ceiling_pct,90,
2026-09-05 00:11:20.486279+00,mister_max_runtime_min,120,
2026-09-05 00:11:20.486279+00,mister_water_budget_gal,300,
2026-09-05 00:11:20.486279+00,safety_max,95,
2026-09-05 00:11:20.486279+00,safety_max_seal_margin_f,5,
2026-09-05 00:11:20.486279+00,safety_vpd_max,2.5,
2026-09-05 00:11:20.486279+00,sw_direct_wet_stress_override_enabled,1,
2026-09-05 00:11:20.486279+00,sw_fog_closes_vent,1,
2026-09-05 00:11:20.486279+00,sw_mister_closes_vent,0,
2026-09-05 00:11:20.486279+00,sw_occupancy_inhibit,1,
2026-09-05 00:11:20.486279+00,temp_high,95,
2026-09-05 00:11:20.486279+00,vpd_high,2.799999952316284,
2026-09-05 00:12:21.820326+00,fog_rh_ceiling_pct,90,
2026-09-05 00:12:21.820326+00,mister_max_runtime_min,120,
2026-09-05 00:12:21.820326+00,mister_water_budget_gal,300,
2026-09-05 00:12:21.820326+00,safety_max,95,
2026-09-05 00:12:21.820326+00,safety_max_seal_margin_f,5,
2026-09-05 00:12:21.820326+00,safety_vpd_max,2.5,
2026-09-05 00:12:21.820326+00,sw_direct_wet_stress_override_enabled,1,
2026-09-05 00:12:21.820326+00,sw_fog_closes_vent,1,
2026-09-05 00:12:21.820326+00,sw_mister_closes_vent,0,
2026-09-05 00:12:21.820326+00,sw_occupancy_inhibit,1,
2026-09-05 00:12:21.820326+00,temp_high,95,
2026-09-05 00:12:21.820326+00,vpd_high,2.799999952316284,
2026-09-05 00:13:23.554552+00,fog_rh_ceiling_pct,90,
2026-09-05 00:13:23.554552+00,mister_max_runtime_min,120,
2026-09-05 00:13:23.554552+00,mister_water_budget_gal,300,
2026-09-05 00:13:23.554552+00,safety_max,95,
2026-09-05 00:13:23.554552+00,safety_max_seal_margin_f,5,
2026-09-05 00:13:23.554552+00,safety_vpd_max,2.5,
2026-09-05 00:13:23.554552+00,sw_direct_wet_stress_override_enabled,1,
2026-09-05 00:13:23.554552+00,sw_fog_closes_vent,1,
2026-09-05 00:13:23.554552+00,sw_mister_closes_vent,0,
2026-09-05 00:13:23.554552+00,sw_occupancy_inhibit,1,
2026-09-05 00:13:23.554552+00,temp_high,95,
2026-09-05 00:13:23.554552+00,vpd_high,2.799999952316284,
2026-09-05 00:14:24.57613+00,fog_rh_ceiling_pct,90,
2026-09-05 00:14:24.57613+00,mister_max_runtime_min,120,
2026-09-05 00:14:24.57613+00,mister_water_budget_gal,300,
2026-09-05 00:14:24.57613+00,safety_max,95,
2026-09-05 00:14:24.57613+00,safety_max_seal_margin_f,5,
2026-09-05 00:14:24.57613+00,safety_vpd_max,2.5,
2026-09-05 00:14:24.57613+00,sw_direct_wet_stress_override_enabled,1,
2026-09-05 00:14:24.57613+00,sw_fog_closes_vent,1,
2026-09-05 00:14:24.57613+00,sw_mister_closes_vent,0,
2026-09-05 00:14:24.57613+00,sw_occupancy_inhibit,1,
2026-09-05 00:14:24.57613+00,temp_high,95,
2026-09-05 00:14:24.57613+00,vpd_high,2.799999952316284,
2026-09-05 00:15:25.755806+00,fog_rh_ceiling_pct,90,
2026-09-05 00:15:25.755806+00,mister_max_runtime_min,120,
2026-09-05 00:15:25.755806+00,mister_water_budget_gal,300,
2026-09-05 00:15:25.755806+00,safety_max,95,
2026-09-05 00:15:25.755806+00,safety_max_seal_margin_f,5,
2026-09-05 00:15:25.755806+00,safety_vpd_max,2.5,
2026-09-05 00:15:25.755806+00,sw_direct_wet_stress_override_enabled,1,
2026-09-05 00:15:25.755806+00,sw_fog_closes_vent,1,
2026-09-05 00:15:25.755806+00,sw_mister_closes_vent,0,
2026-09-05 00:15:25.755806+00,sw_occupancy_inhibit,1,
2026-09-05 00:15:25.755806+00,temp_high,95,
2026-09-05 00:15:25.755806+00,vpd_high,2.799999952316284,
2026-09-05 00:16:27.556125+00,fog_rh_ceiling_pct,90,
2026-09-05 00:16:27.556125+00,mister_max_runtime_min,120,
2026-09-05 00:16:27.556125+00,mister_water_budget_gal,300,
2026-09-05 00:16:27.556125+00,safety_max,95,
2026-09-05 00:16:27.556125+00,safety_max_seal_margin_f,5,
2026-09-05 00:16:27.556125+00,safety_vpd_max,2.5,
2026-09-05 00:16:27.556125+00,sw_direct_wet_stress_override_enabled,1,
2026-09-05 00:16:27.556125+00,sw_fog_closes_vent,1,
2026-09-05 00:16:27.556125+00,sw_mister_closes_vent,0,
2026-09-05 00:16:27.556125+00,sw_occupancy_inhibit,1,
2026-09-05 00:16:27.556125+00,temp_high,95,
2026-09-05 00:16:27.556125+00,vpd_high,2.799999952316284,
2026-09-05 00:17:28.906702+00,fog_rh_ceiling_pct,90,
2026-09-05 00:17:28.906702+00,mister_max_runtime_min,120,
2026-09-05 00:17:28.906702+00,mister_water_budget_gal,300,
2026-09-05 00:17:28.906702+00,safety_max,95,
2026-09-05 00:17:28.906702+00,safety_max_seal_margin_f,5,
2026-09-05 00:17:28.906702+00,safety_vpd_max,2.5,
2026-09-05 00:17:28.906702+00,sw_direct_wet_stress_override_enabled,1,
2026-09-05 00:17:28.906702+00,sw_fog_closes_vent,1,
2026-09-05 00:17:28.906702+00,sw_mister_closes_vent,0,
2026-09-05 00:17:28.906702+00,sw_occupancy_inhibit,1,
2026-09-05 00:17:28.906702+00,temp_high,95,
2026-09-05 00:17:28.906702+00,vpd_high,2.799999952316284,
2026-09-05 00:18:30.067722+00,fog_rh_ceiling_pct,90,
2026-09-05 00:18:30.067722+00,mister_max_runtime_min,120,
2026-09-05 00:18:30.067722+00,mister_water_budget_gal,300,
2026-09-05 00:18:30.067722+00,safety_max,95,
2026-09-05 00:18:30.067722+00,safety_max_seal_margin_f,5,
2026-09-05 00:18:30.067722+00,safety_vpd_max,2.5,
2026-09-05 00:18:30.067722+00,sw_direct_wet_stress_override_enabled,1,
2026-09-05 00:18:30.067722+00,sw_fog_closes_vent,1,
2026-09-05 00:18:30.067722+00,sw_mister_closes_vent,0,
2026-09-05 00:18:30.067722+00,sw_occupancy_inhibit,1,
2026-09-05 00:18:30.067722+00,temp_high,95,
2026-09-05 00:18:30.067722+00,vpd_high,2.799999952316284,
2026-09-05 00:19:30.814738+00,fog_rh_ceiling_pct,90,
2026-09-05 00:19:30.814738+00,mister_max_runtime_min,120,
2026-09-05 00:19:30.814738+00,mister_water_budget_gal,300,
2026-09-05 00:19:30.814738+00,safety_max,95,
2026-09-05 00:19:30.814738+00,safety_max_seal_margin_f,5,
2026-09-05 00:19:30.814738+00,safety_vpd_max,2.5,
2026-09-05 00:19:30.814738+00,sw_direct_wet_stress_override_enabled,1,
2026-09-05 00:19:30.814738+00,sw_fog_closes_vent,1,
2026-09-05 00:19:30.814738+00,sw_mister_closes_vent,0,
2026-09-05 00:19:30.814738+00,sw_occupancy_inhibit,1,
2026-09-05 00:19:30.814738+00,temp_high,95,
2026-09-05 00:19:30.814738+00,vpd_high,2.799999952316284,
2026-09-05 00:20:31.877661+00,fog_rh_ceiling_pct,90,
2026-09-05 00:20:31.877661+00,mister_max_runtime_min,120,
2026-09-05 00:20:31.877661+00,mister_water_budget_gal,300,
2026-09-05 00:20:31.877661+00,safety_max,95,
2026-09-05 00:20:31.877661+00,safety_max_seal_margin_f,5,
2026-09-05 00:20:31.877661+00,safety_vpd_max,2.5,
2026-09-05 00:20:31.877661+00,sw_direct_wet_stress_override_enabled,1,
2026-09-05 00:20:31.877661+00,sw_fog_closes_vent,1,
2026-09-05 00:20:31.877661+00,sw_mister_closes_vent,0,
2026-09-05 00:20:31.877661+00,sw_occupancy_inhibit,1,
2026-09-05 00:20:31.877661+00,temp_high,95,
2026-09-05 00:20:31.877661+00,vpd_high,2.799999952316284,
2026-09-05 00:21:32.999095+00,fog_rh_ceiling_pct,90,
2026-09-05 00:21:32.999095+00,mister_max_runtime_min,120,
2026-09-05 00:21:32.999095+00,mister_water_budget_gal,300,
2026-09-05 00:21:32.999095+00,safety_max,95,
2026-09-05 00:21:32.999095+00,safety_max_seal_margin_f,5,
2026-09-05 00:21:32.999095+00,safety_vpd_max,2.5,
2026-09-05 00:21:32.999095+00,sw_direct_wet_stress_override_enabled,1,
2026-09-05 00:21:32.999095+00,sw_fog_closes_vent,1,
2026-09-05 00:21:32.999095+00,sw_mister_closes_vent,0,
2026-09-05 00:21:32.999095+00,sw_occupancy_inhibit,1,
2026-09-05 00:21:32.999095+00,temp_high,95,
2026-09-05 00:21:32.999095+00,vpd_high,2.799999952316284,
2026-09-05 00:22:34.449221+00,fog_rh_ceiling_pct,90,
2026-09-05 00:22:34.449221+00,mister_max_runtime_min,120,
2026-09-05 00:22:34.449221+00,mister_water_budget_gal,300,
2026-09-05 00:22:34.449221+00,safety_max,95,
2026-09-05 00:22:34.449221+00,safety_max_seal_margin_f,5,
2026-09-05 00:22:34.449221+00,safety_vpd_max,2.5,
2026-09-05 00:22:34.449221+00,sw_direct_wet_stress_override_enabled,1,
2026-09-05 00:22:34.449221+00,sw_fog_closes_vent,1,
2026-09-05 00:22:34.449221+00,sw_mister_closes_vent,0,
2026-09-05 00:22:34.449221+00,sw_occupancy_inhibit,1,
2026-09-05 00:22:34.449221+00,temp_high,95,
2026-09-05 00:22:34.449221+00,vpd_high,2.799999952316284,
2026-09-05 00:23:35.603784+00,fog_rh_ceiling_pct,90,
2026-09-05 00:23:35.603784+00,mister_max_runtime_min,120,
2026-09-05 00:23:35.603784+00,mister_water_budget_gal,300,
2026-09-05 00:23:35.603784+00,safety_max,95,
2026-09-05 00:23:35.603784+00,safety_max_seal_margin_f,5,
2026-09-05 00:23:35.603784+00,safety_vpd_max,2.5,
2026-09-05 00:23:35.603784+00,sw_direct_wet_stress_override_enabled,1,
2026-09-05 00:23:35.603784+00,sw_fog_closes_vent,1,
2026-09-05 00:23:35.603784+00,sw_mister_closes_vent,0,
2026-09-05 00:23:35.603784+00,sw_occupancy_inhibit,1,
2026-09-05 00:23:35.603784+00,temp_high,95,
2026-09-05 00:23:35.603784+00,vpd_high,2.799999952316284,
2026-09-05 00:24:36.970717+00,fog_rh_ceiling_pct,90,
2026-09-05 00:24:36.970717+00,mister_max_runtime_min,120,
2026-09-05 00:24:36.970717+00,mister_water_budget_gal,300,
2026-09-05 00:24:36.970717+00,safety_max,95,
2026-09-05 00:24:36.970717+00,safety_max_seal_margin_f,5,
2026-09-05 00:24:36.970717+00,safety_vpd_max,2.5,
2026-09-05 00:24:36.970717+00,sw_direct_wet_stress_override_enabled,1,
2026-09-05 00:24:36.970717+00,sw_fog_closes_vent,1,
2026-09-05 00:24:36.970717+00,sw_mister_closes_vent,0,
2026-09-05 00:24:36.970717+00,sw_occupancy_inhibit,1,
2026-09-05 00:24:36.970717+00,temp_high,95,
2026-09-05 00:24:36.970717+00,vpd_high,2.799999952316284,
2026-09-05 00:25:38.139851+00,fog_rh_ceiling_pct,90,
2026-09-05 00:25:38.139851+00,mister_max_runtime_min,120,
2026-09-05 00:25:38.139851+00,mister_water_budget_gal,300,
2026-09-05 00:25:38.139851+00,safety_max,95,
2026-09-05 00:25:38.139851+00,safety_max_seal_margin_f,5,
2026-09-05 00:25:38.139851+00,safety_vpd_max,2.5,
2026-09-05 00:25:38.139851+00,sw_direct_wet_stress_override_enabled,1,
2026-09-05 00:25:38.139851+00,sw_fog_closes_vent,1,
2026-09-05 00:25:38.139851+00,sw_mister_closes_vent,0,
2026-09-05 00:25:38.139851+00,sw_occupancy_inhibit,1,
2026-09-05 00:25:38.139851+00,temp_high,95,
2026-09-05 00:25:38.139851+00,vpd_high,2.799999952316284,
2026-09-05 00:26:39.846701+00,fog_rh_ceiling_pct,90,
2026-09-05 00:26:39.846701+00,mister_water_budget_gal,300,
2026-09-05 00:26:39.846701+00,safety_max,95,
2026-09-05 00:26:39.846701+00,safety_max_seal_margin_f,5,
2026-09-05 00:26:39.846701+00,safety_vpd_max,2.5,
2026-09-05 00:26:39.846701+00,sw_direct_wet_stress_override_enabled,1,
2026-09-05 00:26:39.846701+00,sw_fog_closes_vent,1,
2026-09-05 00:26:39.846701+00,sw_mister_closes_vent,0,
2026-09-05 00:26:39.846701+00,sw_occupancy_inhibit,1,
2026-09-05 00:26:39.846701+00,temp_high,95,
2026-09-05 00:26:39.846701+00,vpd_high,2.799999952316284,
2026-09-05 00:27:40.838602+00,fog_rh_ceiling_pct,90,
2026-09-05 00:27:40.838602+00,mister_water_budget_gal,300,
2026-09-05 00:27:40.838602+00,safety_max,95,
2026-09-05 00:27:40.838602+00,safety_max_seal_margin_f,5,
2026-09-05 00:27:40.838602+00,safety_vpd_max,2.5,
2026-09-05 00:27:40.838602+00,sw_direct_wet_stress_override_enabled,1,
2026-09-05 00:27:40.838602+00,sw_fog_closes_vent,1,
2026-09-05 00:27:40.838602+00,sw_mister_closes_vent,0,
2026-09-05 00:27:40.838602+00,sw_occupancy_inhibit,1,
2026-09-05 00:27:40.838602+00,temp_high,95,
2026-09-05 00:27:40.838602+00,vpd_high,2.799999952316284,
2026-09-05 00:28:41.987272+00,fog_rh_ceiling_pct,90,
2026-09-05 00:28:41.987272+00,mister_max_runtime_min,120,
2026-09-05 00:28:41.987272+00,mister_water_budget_gal,300,
2026-09-05 00:28:41.987272+00,safety_max,95,
2026-09-05 00:28:41.987272+00,safety_max_seal_margin_f,5,
2026-09-05 00:28:41.987272+00,safety_vpd_max,2.5,
2026-09-05 00:28:41.987272+00,sw_direct_wet_stress_override_enabled,1,
2026-09-05 00:28:41.987272+00,sw_fog_closes_vent,1,
2026-09-05 00:28:41.987272+00,sw_mister_closes_vent,0,
2026-09-05 00:28:41.987272+00,sw_occupancy_inhibit,1,
2026-09-05 00:28:41.987272+00,temp_high,95,
2026-09-05 00:28:41.987272+00,vpd_high,2.799999952316284,
2026-09-05 00:29:43.355257+00,fog_rh_ceiling_pct,90,
2026-09-05 00:29:43.355257+00,mister_max_runtime_min,120,
2026-09-05 00:29:43.355257+00,mister_water_budget_gal,300,
2026-09-05 00:29:43.355257+00,safety_max,95,
2026-09-05 00:29:43.355257+00,safety_max_seal_margin_f,5,
2026-09-05 00:29:43.355257+00,safety_vpd_max,2.5,
2026-09-05 00:29:43.355257+00,sw_direct_wet_stress_override_enabled,1,
2026-09-05 00:29:43.355257+00,sw_fog_closes_vent,1,
2026-09-05 00:29:43.355257+00,sw_mister_closes_vent,0,
2026-09-05 00:29:43.355257+00,sw_occupancy_inhibit,1,
2026-09-05 00:29:43.355257+00,temp_high,95,
2026-09-05 00:29:43.355257+00,vpd_high,2.799999952316284,
2026-09-05 00:30:44.338745+00,fog_rh_ceiling_pct,90,
2026-09-05 00:30:44.338745+00,mister_max_runtime_min,120,
2026-09-05 00:30:44.338745+00,mister_water_budget_gal,300,
2026-09-05 00:30:44.338745+00,safety_max,95,
2026-09-05 00:30:44.338745+00,safety_max_seal_margin_f,5,
2026-09-05 00:30:44.338745+00,safety_vpd_max,2.5,
2026-09-05 00:30:44.338745+00,sw_direct_wet_stress_override_enabled,1,
2026-09-05 00:30:44.338745+00,sw_fog_closes_vent,1,
2026-09-05 00:30:44.338745+00,sw_mister_closes_vent,0,
2026-09-05 00:30:44.338745+00,sw_occupancy_inhibit,1,
2026-09-05 00:30:44.338745+00,temp_high,95,
2026-09-05 00:30:44.338745+00,vpd_high,2.799999952316284,
2026-09-05 00:31:46.058579+00,fog_rh_ceiling_pct,90,
2026-09-05 00:31:46.058579+00,mister_max_runtime_min,120,
2026-09-05 00:31:46.058579+00,mister_water_budget_gal,300,
2026-09-05 00:31:46.058579+00,safety_max,95,
2026-09-05 00:31:46.058579+00,safety_max_seal_margin_f,5,
2026-09-05 00:31:46.058579+00,safety_vpd_max,2.5,
2026-09-05 00:31:46.058579+00,sw_direct_wet_stress_override_enabled,1,
2026-09-05 00:31:46.058579+00,sw_fog_closes_vent,1,
2026-09-05 00:31:46.058579+00,sw_mister_closes_vent,0,
2026-09-05 00:31:46.058579+00,sw_occupancy_inhibit,1,
2026-09-05 00:31:46.058579+00,temp_high,95,
2026-09-05 00:31:46.058579+00,vpd_high,2.8,
2026-09-05 00:32:48.210053+00,fog_rh_ceiling_pct,90,
2026-09-05 00:32:48.210053+00,mister_max_runtime_min,120,
2026-09-05 00:32:48.210053+00,mister_water_budget_gal,300,
2026-09-05 00:32:48.210053+00,safety_max,95,
2026-09-05 00:32:48.210053+00,safety_max_seal_margin_f,5,
2026-09-05 00:32:48.210053+00,safety_vpd_max,2.5,
2026-09-05 00:32:48.210053+00,sw_direct_wet_stress_override_enabled,1,
2026-09-05 00:32:48.210053+00,sw_fog_closes_vent,1,
2026-09-05 00:32:48.210053+00,sw_mister_closes_vent,0,
2026-09-05 00:32:48.210053+00,sw_occupancy_inhibit,1,
2026-09-05 00:32:48.210053+00,temp_high,95,
2026-09-05 00:32:48.210053+00,vpd_high,2.799999952316284,
2026-09-05 00:33:49.858094+00,fog_rh_ceiling_pct,90,
2026-09-05 00:33:49.858094+00,mister_max_runtime_min,120,
2026-09-05 00:33:49.858094+00,mister_water_budget_gal,300,
2026-09-05 00:33:49.858094+00,safety_max,95,
2026-09-05 00:33:49.858094+00,safety_max_seal_margin_f,5,
2026-09-05 00:33:49.858094+00,safety_vpd_max,2.5,
2026-09-05 00:33:49.858094+00,sw_direct_wet_stress_override_enabled,1,
2026-09-05 00:33:49.858094+00,sw_fog_closes_vent,1,
2026-09-05 00:33:49.858094+00,sw_mister_closes_vent,0,
2026-09-05 00:33:49.858094+00,sw_occupancy_inhibit,1,
2026-09-05 00:33:49.858094+00,temp_high,95,
2026-09-05 00:33:49.858094+00,vpd_high,2.799999952316284,
2026-09-05 00:34:51.001461+00,fog_rh_ceiling_pct,90,
2026-09-05 00:34:51.001461+00,mister_max_runtime_min,120,
2026-09-05 00:34:51.001461+00,mister_water_budget_gal,300,
2026-09-05 00:34:51.001461+00,safety_max,95,
2026-09-05 00:34:51.001461+00,safety_max_seal_margin_f,5,
2026-09-05 00:34:51.001461+00,safety_vpd_max,2.5,
2026-09-05 00:34:51.001461+00,sw_direct_wet_stress_override_enabled,1,
2026-09-05 00:34:51.001461+00,sw_fog_closes_vent,1,
2026-09-05 00:34:51.001461+00,sw_mister_closes_vent,0,
2026-09-05 00:34:51.001461+00,sw_occupancy_inhibit,1,
2026-09-05 00:34:51.001461+00,temp_high,95,
2026-09-05 00:34:51.001461+00,vpd_high,2.799999952316284,
2026-09-05 00:35:52.125664+00,fog_rh_ceiling_pct,90,
2026-09-05 00:35:52.125664+00,mister_max_runtime_min,120,
2026-09-05 00:35:52.125664+00,mister_water_budget_gal,300,
2026-09-05 00:35:52.125664+00,safety_max,95,
2026-09-05 00:35:52.125664+00,safety_max_seal_margin_f,5,
2026-09-05 00:35:52.125664+00,safety_vpd_max,2.5,
2026-09-05 00:35:52.125664+00,sw_direct_wet_stress_override_enabled,1,
2026-09-05 00:35:52.125664+00,sw_fog_closes_vent,1,
2026-09-05 00:35:52.125664+00,sw_mister_closes_vent,0,
2026-09-05 00:35:52.125664+00,sw_occupancy_inhibit,1,
2026-09-05 00:35:52.125664+00,temp_high,95,
2026-09-05 00:35:52.125664+00,vpd_high,2.799999952316284,
2026-09-05 00:36:53.359428+00,fog_rh_ceiling_pct,90,
2026-09-05 00:36:53.359428+00,mister_max_runtime_min,120,
2026-09-05 00:36:53.359428+00,mister_water_budget_gal,300,
2026-09-05 00:36:53.359428+00,safety_max,95,
2026-09-05 00:36:53.359428+00,safety_max_seal_margin_f,5,
2026-09-05 00:36:53.359428+00,safety_vpd_max,2.5,
2026-09-05 00:36:53.359428+00,sw_direct_wet_stress_override_enabled,1,
2026-09-05 00:36:53.359428+00,sw_fog_closes_vent,1,
2026-09-05 00:36:53.359428+00,sw_mister_closes_vent,0,
2026-09-05 00:36:53.359428+00,sw_occupancy_inhibit,1,
2026-09-05 00:36:53.359428+00,temp_high,95,
2026-09-05 00:36:53.359428+00,vpd_high,2.799999952316284,
2026-09-05 00:37:54.909246+00,fog_rh_ceiling_pct,90,
2026-09-05 00:37:54.909246+00,mister_max_runtime_min,120,
2026-09-05 00:37:54.909246+00,mister_water_budget_gal,300,
2026-09-05 00:37:54.909246+00,safety_max,95,
2026-09-05 00:37:54.909246+00,safety_max_seal_margin_f,5,
2026-09-05 00:37:54.909246+00,safety_vpd_max,2.5,
2026-09-05 00:37:54.909246+00,sw_direct_wet_stress_override_enabled,1,
2026-09-05 00:37:54.909246+00,sw_fog_closes_vent,1,
2026-09-05 00:37:54.909246+00,sw_mister_closes_vent,0,
2026-09-05 00:37:54.909246+00,sw_occupancy_inhibit,1,
2026-09-05 00:37:54.909246+00,temp_high,95,
2026-09-05 00:37:54.909246+00,vpd_high,2.799999952316284,
2026-09-05 00:38:56.576285+00,fog_rh_ceiling_pct,90,
2026-09-05 00:38:56.576285+00,mister_max_runtime_min,120,
2026-09-05 00:38:56.576285+00,mister_water_budget_gal,300,
2026-09-05 00:38:56.576285+00,safety_max,95,
2026-09-05 00:38:56.576285+00,safety_max_seal_margin_f,5,
2026-09-05 00:38:56.576285+00,safety_vpd_max,2.5,
2026-09-05 00:38:56.576285+00,sw_direct_wet_stress_override_enabled,1,
2026-09-05 00:38:56.576285+00,sw_fog_closes_vent,1,
2026-09-05 00:38:56.576285+00,sw_mister_closes_vent,0,
2026-09-05 00:38:56.576285+00,sw_occupancy_inhibit,1,
2026-09-05 00:38:56.576285+00,temp_high,95,
2026-09-05 00:38:56.576285+00,vpd_high,2.799999952316284,
2026-09-05 00:39:58.279946+00,fog_rh_ceiling_pct,90,
2026-09-05 00:39:58.279946+00,mister_max_runtime_min,120,
2026-09-05 00:39:58.279946+00,mister_water_budget_gal,300,
2026-09-05 00:39:58.279946+00,safety_max,95,
2026-09-05 00:39:58.279946+00,safety_max_seal_margin_f,5,
2026-09-05 00:39:58.279946+00,safety_vpd_max,2.5,
2026-09-05 00:39:58.279946+00,sw_direct_wet_stress_override_enabled,1,
2026-09-05 00:39:58.279946+00,sw_fog_closes_vent,1,
2026-09-05 00:39:58.279946+00,sw_mister_closes_vent,0,
2026-09-05 00:39:58.279946+00,sw_occupancy_inhibit,1,
2026-09-05 00:39:58.279946+00,temp_high,95,
2026-09-05 00:39:58.279946+00,vpd_high,2.799999952316284,
2026-09-05 00:40:59.413071+00,fog_rh_ceiling_pct,90,
2026-09-05 00:40:59.413071+00,mister_max_runtime_min,120,
2026-09-05 00:40:59.413071+00,mister_water_budget_gal,300,
2026-09-05 00:40:59.413071+00,safety_max,95,
2026-09-05 00:40:59.413071+00,safety_max_seal_margin_f,5,
2026-09-05 00:40:59.413071+00,safety_vpd_max,2.5,
2026-09-05 00:40:59.413071+00,sw_direct_wet_stress_override_enabled,1,
2026-09-05 00:40:59.413071+00,sw_fog_closes_vent,1,
2026-09-05 00:40:59.413071+00,sw_mister_closes_vent,0,
2026-09-05 00:40:59.413071+00,sw_occupancy_inhibit,1,
2026-09-05 00:40:59.413071+00,temp_high,95,
2026-09-05 00:40:59.413071+00,vpd_high,2.799999952316284,
2026-09-05 00:42:00.950009+00,fog_rh_ceiling_pct,90,
2026-09-05 00:42:00.950009+00,mister_max_runtime_min,120,
2026-09-05 00:42:00.950009+00,mister_water_budget_gal,300,
2026-09-05 00:42:00.950009+00,safety_max,95,
2026-09-05 00:42:00.950009+00,safety_max_seal_margin_f,5,
2026-09-05 00:42:00.950009+00,safety_vpd_max,2.5,
2026-09-05 00:42:00.950009+00,sw_direct_wet_stress_override_enabled,1,
2026-09-05 00:42:00.950009+00,sw_fog_closes_vent,1,
2026-09-05 00:42:00.950009+00,sw_mister_closes_vent,0,
2026-09-05 00:42:00.950009+00,sw_occupancy_inhibit,1,
2026-09-05 00:42:00.950009+00,temp_high,95,
2026-09-05 00:42:00.950009+00,vpd_high,2.799999952316284,
2026-09-05 00:43:02.630748+00,fog_rh_ceiling_pct,90,
2026-09-05 00:43:02.630748+00,mister_max_runtime_min,120,
2026-09-05 00:43:02.630748+00,mister_water_budget_gal,300,
2026-09-05 00:43:02.630748+00,safety_max,95,
2026-09-05 00:43:02.630748+00,safety_max_seal_margin_f,5,
2026-09-05 00:43:02.630748+00,safety_vpd_max,2.5,
2026-09-05 00:43:02.630748+00,sw_direct_wet_stress_override_enabled,1,
2026-09-05 00:43:02.630748+00,sw_fog_closes_vent,1,
2026-09-05 00:43:02.630748+00,sw_mister_closes_vent,0,
2026-09-05 00:43:02.630748+00,sw_occupancy_inhibit,1,
2026-09-05 00:43:02.630748+00,temp_high,95,
2026-09-05 00:43:02.630748+00,vpd_high,2.799999952316284,
2026-09-05 00:44:04.553764+00,fog_rh_ceiling_pct,90,
2026-09-05 00:44:04.553764+00,mister_max_runtime_min,120,
2026-09-05 00:44:04.553764+00,mister_water_budget_gal,300,
2026-09-05 00:44:04.553764+00,safety_max,95,
2026-09-05 00:44:04.553764+00,safety_max_seal_margin_f,5,
2026-09-05 00:44:04.553764+00,safety_vpd_max,2.5,
2026-09-05 00:44:04.553764+00,sw_direct_wet_stress_override_enabled,1,
2026-09-05 00:44:04.553764+00,sw_fog_closes_vent,1,
2026-09-05 00:44:04.553764+00,sw_mister_closes_vent,0,
2026-09-05 00:44:04.553764+00,sw_occupancy_inhibit,1,
2026-09-05 00:44:04.553764+00,temp_high,95,
2026-09-05 00:44:04.553764+00,vpd_high,2.799999952316284,
