2025-08-05 18:02:00+00	OLD	SEALED_MIST	1	0	0	0	0	0	3
2025-08-05 18:02:00+00	NEW	IDLE	0	0	0	0	0	0	0
2025-08-05 18:04:00+00	OLD	SEALED_MIST	1	0	0	0	0	0	3
2025-08-05 18:04:00+00	NEW	IDLE	0	0	0	0	0	0	0
2025-08-05 18:06:00+00	OLD	SEALED_MIST	1	0	0	0	0	0	3
2025-08-05 18:06:00+00	NEW	IDLE	0	0	0	0	0	0	0
2025-08-05 18:08:00+00	OLD	SEALED_MIST	1	0	0	0	0	0	3
2025-08-05 18:08:00+00	NEW	IDLE	0	0	0	0	0	0	0
2025-08-05 18:20:00+00	OLD	SEALED_MIST	1	0	0	0	0	0	3
2025-08-05 18:20:00+00	NEW	IDLE	0	0	0	0	0	0	0
2025-08-05 18:22:00+00	OLD	SEALED_MIST	1	0	0	0	0	0	3
2025-08-05 18:22:00+00	NEW	IDLE	0	0	0	0	0	0	0
2025-08-05 18:24:00+00	OLD	SEALED_MIST	1	0	0	0	0	0	3
2025-08-05 18:24:00+00	NEW	IDLE	0	0	0	0	0	0	0
2025-08-05 18:26:00+00	OLD	SEALED_MIST	0	0	0	0	0	0	2
2025-08-05 18:26:00+00	NEW	IDLE	0	0	0	0	0	0	0
2025-08-05 18:38:00+00	OLD	SEALED_MIST	1	0	0	0	0	0	3
2025-08-05 18:38:00+00	NEW	IDLE	0	0	0	0	0	0	0
2025-08-05 18:40:00+00	OLD	SEALED_MIST	1	0	0	0	0	0	3
2025-08-05 18:40:00+00	NEW	IDLE	0	0	0	0	0	0	0
2025-08-05 18:42:00+00	OLD	SEALED_MIST	1	0	0	0	0	0	3
2025-08-05 18:42:00+00	NEW	IDLE	0	0	0	0	0	0	0
2025-08-05 18:44:00+00	OLD	SEALED_MIST	1	0	0	0	0	0	3
2025-08-05 18:44:00+00	NEW	IDLE	0	0	0	0	0	0	0
2025-08-05 18:56:00+00	OLD	SEALED_MIST	1	0	0	0	0	0	3
2025-08-05 18:56:00+00	NEW	IDLE	0	0	0	0	0	0	0
2025-08-05 18:58:00+00	OLD	SEALED_MIST	1	0	0	0	0	0	3
2025-08-05 18:58:00+00	NEW	IDLE	0	0	0	0	0	0	0
2025-08-05 19:00:00+00	OLD	SEALED_MIST	0	0	0	0	0	0	2
2025-08-05 19:00:00+00	NEW	IDLE	0	0	0	0	0	0	0
2025-08-05 19:02:00+00	OLD	SEALED_MIST	0	0	0	0	0	0	2
2025-08-05 19:02:00+00	NEW	IDLE	0	0	0	0	0	0	0
2025-08-05 19:14:00+00	OLD	SEALED_MIST	0	0	0	0	0	0	0
2025-08-05 19:14:00+00	NEW	IDLE	0	0	0	0	0	0	0
2025-08-05 19:16:00+00	OLD	SEALED_MIST	0	0	0	0	0	0	1
2025-08-05 19:16:00+00	NEW	IDLE	0	0	0	0	0	0	0
2025-08-05 19:18:00+00	OLD	SEALED_MIST	0	0	0	0	0	0	1
2025-08-05 19:18:00+00	NEW	IDLE	0	0	0	0	0	0	0
2025-08-05 19:30:00+00	OLD	SEALED_MIST	0	0	0	0	0	0	0
2025-08-05 19:30:00+00	NEW	IDLE	0	0	0	0	0	0	0
2025-08-05 19:32:00+00	OLD	SEALED_MIST	0	0	0	0	0	0	1
2025-08-05 19:32:00+00	NEW	IDLE	0	0	0	0	0	0	0
2025-08-05 19:34:00+00	OLD	SEALED_MIST	0	0	0	0	0	0	1
2025-08-05 19:34:00+00	NEW	IDLE	0	0	0	0	0	0	0
2025-08-05 19:36:00+00	OLD	SEALED_MIST	0	0	0	0	0	0	1
2025-08-05 19:36:00+00	NEW	IDLE	0	0	0	0	0	0	0
2025-08-05 19:48:00+00	OLD	SEALED_MIST	0	0	0	0	0	0	0
2025-08-05 19:48:00+00	NEW	IDLE	0	0	0	0	0	0	0
2025-08-05 19:50:00+00	OLD	SEALED_MIST	0	0	0	0	0	0	1
2025-08-05 19:50:00+00	NEW	IDLE	0	0	0	0	0	0	0
2025-08-05 19:52:00+00	OLD	SEALED_MIST	0	0	0	0	0	0	1
2025-08-05 19:52:00+00	NEW	IDLE	0	0	0	0	0	0	0
2025-08-05 19:54:00+00	OLD	SEALED_MIST	0	0	0	0	0	0	1
2025-08-05 19:54:00+00	NEW	IDLE	0	0	0	0	0	0	0
2025-08-06 00:00:00+00	OLD	SEALED_MIST	1	0	0	0	0	0	3
2025-08-06 00:00:00+00	NEW	IDLE	0	0	0	0	0	0	0
2025-08-06 00:02:00+00	OLD	SEALED_MIST	1	0	0	0	0	0	3
2025-08-06 00:02:00+00	NEW	IDLE	0	0	0	0	0	0	0
2025-08-06 00:04:00+00	OLD	SEALED_MIST	1	0	0	0	0	0	3
2025-08-06 00:04:00+00	NEW	IDLE	0	0	0	0	0	0	0
2025-08-06 00:16:00+00	OLD	SEALED_MIST	1	0	0	0	0	0	3
2025-08-06 00:16:00+00	NEW	IDLE	0	0	0	0	0	0	0
2025-08-06 00:18:00+00	OLD	SEALED_MIST	1	0	0	0	0	0	3
2025-08-06 00:18:00+00	NEW	IDLE	0	0	0	0	0	0	0
2025-08-06 00:20:00+00	OLD	SEALED_MIST	1	0	0	0	0	0	3
2025-08-06 00:20:00+00	NEW	IDLE	0	0	0	0	0	0	0
2025-08-06 00:22:00+00	OLD	SEALED_MIST	1	0	0	0	0	0	3
2025-08-06 00:22:00+00	NEW	IDLE	0	0	0	0	0	0	0
2025-08-06 00:34:00+00	OLD	SEALED_MIST	1	0	0	0	0	0	3
2025-08-06 00:34:00+00	NEW	IDLE	0	0	0	0	0	0	0
2025-08-06 00:36:00+00	OLD	SEALED_MIST	1	0	0	0	0	0	3
2025-08-06 00:36:00+00	NEW	IDLE	0	0	0	0	0	0	0
2025-08-06 00:38:00+00	OLD	SEALED_MIST	1	0	0	0	0	0	3
2025-08-06 00:38:00+00	NEW	IDLE	0	0	0	0	0	0	0
2025-08-06 00:40:00+00	OLD	SEALED_MIST	1	0	0	0	0	0	3
2025-08-06 00:40:00+00	NEW	IDLE	0	0	0	0	0	0	0
2025-08-06 00:52:00+00	OLD	SEALED_MIST	1	0	0	0	0	0	3
2025-08-06 00:52:00+00	NEW	IDLE	0	0	0	0	0	0	0
2025-08-06 00:54:00+00	OLD	SEALED_MIST	1	0	0	0	0	0	3
2025-08-06 00:54:00+00	NEW	IDLE	0	0	0	0	0	0	0
2025-08-06 00:56:00+00	OLD	SEALED_MIST	1	0	0	0	0	0	3
2025-08-06 00:56:00+00	NEW	IDLE	0	0	0	0	0	0	0
2025-08-06 00:58:00+00	OLD	SEALED_MIST	1	0	0	0	0	0	3
2025-08-06 00:58:00+00	NEW	IDLE	0	0	0	0	0	0	0
2025-08-06 01:10:00+00	OLD	SEALED_MIST	1	0	0	0	0	0	3
2025-08-06 01:10:00+00	NEW	IDLE	0	0	0	0	0	0	0
2025-08-06 01:12:00+00	OLD	SEALED_MIST	1	0	0	0	0	0	3
2025-08-06 01:12:00+00	NEW	IDLE	0	0	0	0	0	0	0
2025-08-06 01:14:00+00	OLD	SEALED_MIST	1	0	0	0	0	0	3
2025-08-06 01:14:00+00	NEW	IDLE	0	0	0	0	0	0	0
2025-08-06 01:16:00+00	OLD	SEALED_MIST	1	0	0	0	0	0	3
2025-08-06 01:16:00+00	NEW	IDLE	0	0	0	0	0	0	0
2025-08-06 01:28:00+00	OLD	SEALED_MIST	1	0	0	0	0	0	3
2025-08-06 01:28:00+00	NEW	IDLE	0	0	0	0	0	0	0
2025-08-06 01:30:00+00	OLD	SEALED_MIST	1	0	0	0	0	0	3
2025-08-06 01:30:00+00	NEW	IDLE	0	0	0	0	0	0	0
2025-08-06 01:32:00+00	OLD	SEALED_MIST	1	0	0	0	0	0	3
2025-08-06 01:32:00+00	NEW	IDLE	0	0	0	0	0	0	0
2025-08-06 01:34:00+00	OLD	SEALED_MIST	1	0	0	0	0	0	3
2025-08-06 01:34:00+00	NEW	IDLE	0	0	0	0	0	0	0
2025-08-06 01:48:00+00	OLD	SEALED_MIST	1	0	0	0	0	0	3
2025-08-06 01:48:00+00	NEW	IDLE	0	0	0	0	0	0	0
2025-08-06 01:50:00+00	OLD	SEALED_MIST	1	0	0	0	0	0	3
2025-08-06 01:50:00+00	NEW	IDLE	0	0	0	0	0	0	0
2025-08-06 01:52:00+00	OLD	SEALED_MIST	1	0	0	0	0	0	3
2025-08-06 01:52:00+00	NEW	IDLE	0	0	0	0	0	0	0
2025-08-06 01:54:00+00	OLD	SEALED_MIST	1	0	0	0	0	0	3
2025-08-06 01:54:00+00	NEW	IDLE	0	0	0	0	0	0	0
2025-08-06 02:06:00+00	OLD	SEALED_MIST	0	0	0	0	0	0	0
2025-08-06 02:06:00+00	NEW	IDLE	0	0	0	0	0	0	0
2025-08-06 02:08:00+00	OLD	SEALED_MIST	0	0	0	0	0	0	1
2025-08-06 02:08:00+00	NEW	IDLE	0	0	0	0	0	0	0
2025-08-06 02:10:00+00	OLD	SEALED_MIST	0	0	0	0	0	0	1
2025-08-06 02:10:00+00	NEW	IDLE	0	0	0	0	0	0	0
2025-08-06 02:12:00+00	OLD	SEALED_MIST	0	0	0	0	0	0	1
2025-08-06 02:12:00+00	NEW	IDLE	0	0	0	0	0	0	0
2025-08-06 18:00:00+00	OLD	SEALED_MIST	1	0	0	0	0	0	3
2025-08-06 18:00:00+00	NEW	IDLE	0	0	0	0	0	0	0
2025-08-07 00:00:00+00	OLD	SEALED_MIST	1	0	0	0	0	0	3
2025-08-07 00:00:00+00	NEW	IDLE	0	0	0	0	0	0	0
2025-08-07 18:00:00+00	OLD	SEALED_MIST	1	0	0	0	0	0	3
2025-08-07 18:00:00+00	NEW	IDLE	0	0	0	0	0	0	0
2025-08-07 18:12:00+00	OLD	SEALED_MIST	0	0	0	0	0	0	0
2025-08-07 18:12:00+00	NEW	IDLE	0	0	0	0	0	0	0
2025-08-07 18:16:00+00	OLD	SEALED_MIST	0	0	0	0	0	0	0
2025-08-07 18:16:00+00	NEW	IDLE	0	0	0	0	0	0	0
2025-08-07 18:18:00+00	OLD	SEALED_MIST	1	0	0	0	0	0	3
2025-08-07 18:18:00+00	NEW	IDLE	0	0	0	0	0	0	0
2025-08-07 18:20:00+00	OLD	SEALED_MIST	1	0	0	0	0	0	3
2025-08-07 18:20:00+00	NEW	IDLE	0	0	0	0	0	0	0
2025-08-07 18:22:00+00	OLD	SEALED_MIST	0	0	0	0	0	0	2
2025-08-07 18:22:00+00	NEW	IDLE	0	0	0	0	0	0	0
2025-08-07 18:34:00+00	OLD	SEALED_MIST	0	0	0	0	0	0	0
2025-08-07 18:34:00+00	NEW	IDLE	0	0	0	0	0	0	0
2025-08-07 18:36:00+00	OLD	SEALED_MIST	0	0	0	0	0	0	1
2025-08-07 18:36:00+00	NEW	IDLE	0	0	0	0	0	0	0
2025-08-07 18:38:00+00	OLD	SEALED_MIST	0	0	0	0	0	0	1
2025-08-07 18:38:00+00	NEW	IDLE	0	0	0	0	0	0	0
2025-08-07 18:44:00+00	OLD	SEALED_MIST	1	0	0	0	0	0	3
2025-08-07 18:44:00+00	NEW	IDLE	0	0	0	0	0	0	0
2025-08-07 18:46:00+00	OLD	SEALED_MIST	1	0	0	0	0	0	3
2025-08-07 18:46:00+00	NEW	IDLE	0	0	0	0	0	0	0
2025-08-07 18:48:00+00	OLD	SEALED_MIST	1	0	0	0	0	0	3
2025-08-07 18:48:00+00	NEW	IDLE	0	0	0	0	0	0	0
2025-08-07 18:50:00+00	OLD	SEALED_MIST	0	0	0	0	0	0	2
2025-08-07 18:50:00+00	NEW	IDLE	0	0	0	0	0	0	0
2025-08-07 18:54:00+00	OLD	SEALED_MIST	0	0	0	0	0	0	0
2025-08-07 18:54:00+00	NEW	IDLE	0	0	0	0	0	0	0
2025-08-07 18:56:00+00	OLD	SEALED_MIST	1	0	0	0	0	0	3
2025-08-07 18:56:00+00	NEW	IDLE	0	0	0	0	0	0	0
2025-08-07 18:58:00+00	OLD	SEALED_MIST	1	0	0	0	0	0	3
2025-08-07 18:58:00+00	NEW	IDLE	0	0	0	0	0	0	0
2025-08-07 19:00:00+00	OLD	SEALED_MIST	0	0	0	0	0	0	3
2025-08-07 19:00:00+00	NEW	IDLE	0	0	0	0	0	0	0
2025-08-07 19:12:00+00	OLD	SEALED_MIST	0	0	0	0	0	0	0
2025-08-07 19:12:00+00	NEW	IDLE	0	0	0	0	0	0	0
2025-08-07 19:14:00+00	OLD	SEALED_MIST	0	0	0	0	0	0	1
2025-08-07 19:14:00+00	NEW	IDLE	0	0	0	0	0	0	0
2025-08-07 19:16:00+00	OLD	SEALED_MIST	0	0	0	0	0	0	1
2025-08-07 19:16:00+00	NEW	IDLE	0	0	0	0	0	0	0
2025-08-07 19:18:00+00	OLD	SEALED_MIST	0	0	0	0	0	0	1
2025-08-07 19:18:00+00	NEW	IDLE	0	0	0	0	0	0	0
2025-08-07 19:22:00+00	OLD	SEALED_MIST	0	0	0	0	0	0	0
2025-08-07 19:22:00+00	NEW	IDLE	0	0	0	0	0	0	0
2025-08-07 19:24:00+00	OLD	SEALED_MIST	0	0	0	0	0	0	1
2025-08-07 19:24:00+00	NEW	IDLE	0	0	0	0	0	0	0
2025-08-07 19:26:00+00	OLD	SEALED_MIST	0	0	0	0	0	0	1
2025-08-07 19:26:00+00	NEW	IDLE	0	0	0	0	0	0	0
2025-08-07 19:28:00+00	OLD	SEALED_MIST	0	0	0	0	0	0	1
2025-08-07 19:28:00+00	NEW	IDLE	0	0	0	0	0	0	0
2025-08-07 19:34:00+00	OLD	SEALED_MIST	0	0	0	0	0	0	0
2025-08-07 19:34:00+00	NEW	IDLE	0	0	0	0	0	0	0
2025-08-07 19:36:00+00	OLD	SEALED_MIST	0	0	0	0	0	0	1
2025-08-07 19:36:00+00	NEW	IDLE	0	0	0	0	0	0	0
2025-08-07 19:38:00+00	OLD	SEALED_MIST	0	0	0	0	0	0	1
2025-08-07 19:38:00+00	NEW	IDLE	0	0	0	0	0	0	0
2025-08-07 19:40:00+00	OLD	SEALED_MIST	0	0	0	0	0	0	1
2025-08-07 19:40:00+00	NEW	IDLE	0	0	0	0	0	0	0
2025-08-07 19:48:00+00	OLD	SEALED_MIST	0	0	0	0	0	0	0
2025-08-07 19:48:00+00	NEW	IDLE	0	0	0	0	0	0	0
2025-08-07 19:50:00+00	OLD	SEALED_MIST	0	0	0	0	0	0	1
2025-08-07 19:50:00+00	NEW	IDLE	0	0	0	0	0	0	0
2025-08-07 19:52:00+00	OLD	SEALED_MIST	0	0	0	0	0	0	1
2025-08-07 19:52:00+00	NEW	IDLE	0	0	0	0	0	0	0
2025-08-07 19:54:00+00	OLD	SEALED_MIST	0	0	0	0	0	0	1
2025-08-07 19:54:00+00	NEW	IDLE	0	0	0	0	0	0	0
2025-08-07 20:00:00+00	OLD	SEALED_MIST	0	0	0	0	0	0	0
2025-08-07 20:00:00+00	NEW	IDLE	0	0	0	0	0	0	0
2025-08-07 20:02:00+00	OLD	SEALED_MIST	0	0	0	0	0	0	1
2025-08-07 20:02:00+00	NEW	IDLE	0	0	0	0	0	0	0
2025-08-07 20:04:00+00	OLD	SEALED_MIST	0	0	0	0	0	0	1
2025-08-07 20:04:00+00	NEW	IDLE	0	0	0	0	0	0	0
2025-08-07 20:06:00+00	OLD	SEALED_MIST	0	0	0	0	0	0	1
2025-08-07 20:06:00+00	NEW	IDLE	0	0	0	0	0	0	0
2025-08-07 20:12:00+00	OLD	SEALED_MIST	0	0	0	0	0	0	0
2025-08-07 20:12:00+00	NEW	IDLE	0	0	0	0	0	0	0
2025-08-07 20:14:00+00	OLD	SEALED_MIST	0	0	0	0	0	0	1
2025-08-07 20:14:00+00	NEW	IDLE	0	0	0	0	0	0	0
2025-08-07 20:16:00+00	OLD	SEALED_MIST	0	0	0	0	0	0	1
2025-08-07 20:16:00+00	NEW	IDLE	0	0	0	0	0	0	0
2025-08-07 20:18:00+00	OLD	SEALED_MIST	0	0	0	0	0	0	1
2025-08-07 20:18:00+00	NEW	IDLE	0	0	0	0	0	0	0
2025-08-07 20:24:00+00	OLD	SEALED_MIST	0	0	0	0	0	0	0
2025-08-07 20:24:00+00	NEW	IDLE	0	0	0	0	0	0	0
2025-08-07 20:26:00+00	OLD	SEALED_MIST	0	0	0	0	0	0	1
2025-08-07 20:26:00+00	NEW	IDLE	0	0	0	0	0	0	0
2025-08-07 20:28:00+00	OLD	SEALED_MIST	0	0	0	0	0	0	1
2025-08-07 20:28:00+00	NEW	IDLE	0	0	0	0	0	0	0
2025-08-07 20:30:00+00	OLD	SEALED_MIST	0	0	0	0	0	0	1
2025-08-07 20:30:00+00	NEW	IDLE	0	0	0	0	0	0	0
2025-08-07 20:42:00+00	OLD	SEALED_MIST	0	0	0	0	0	0	0
2025-08-07 20:42:00+00	NEW	IDLE	0	0	0	0	0	0	0
2025-08-07 20:44:00+00	OLD	SEALED_MIST	0	0	0	0	0	0	1
2025-08-07 20:44:00+00	NEW	IDLE	0	0	0	0	0	0	0
2025-08-07 20:46:00+00	OLD	SEALED_MIST	0	0	0	0	0	0	1
2025-08-07 20:46:00+00	NEW	IDLE	0	0	0	0	0	0	0
2025-08-07 20:48:00+00	OLD	SEALED_MIST	0	0	0	0	0	0	1
2025-08-07 20:48:00+00	NEW	IDLE	0	0	0	0	0	0	0
2025-08-07 21:00:00+00	OLD	SEALED_MIST	0	0	0	0	0	0	0
2025-08-07 21:00:00+00	NEW	IDLE	0	0	0	0	0	0	0
2025-08-07 21:04:00+00	OLD	SEALED_MIST	0	0	0	0	0	0	0
2025-08-07 21:04:00+00	NEW	IDLE	0	0	0	0	0	0	0
2025-08-07 21:06:00+00	OLD	SEALED_MIST	0	0	0	0	0	0	1
2025-08-07 21:06:00+00	NEW	IDLE	0	0	0	0	0	0	0
2025-08-07 21:08:00+00	OLD	SEALED_MIST	0	0	0	0	0	0	1
2025-08-07 21:08:00+00	NEW	IDLE	0	0	0	0	0	0	0
2025-08-07 21:10:00+00	OLD	SEALED_MIST	0	0	0	0	0	0	1
2025-08-07 21:10:00+00	NEW	IDLE	0	0	0	0	0	0	0
2025-08-07 21:22:00+00	OLD	SEALED_MIST	0	0	0	0	0	0	0
2025-08-07 21:22:00+00	NEW	IDLE	0	0	0	0	0	0	0
2025-08-07 21:24:00+00	OLD	SEALED_MIST	0	0	0	0	0	0	1
2025-08-07 21:24:00+00	NEW	IDLE	0	0	0	0	0	0	0
2025-08-07 21:26:00+00	OLD	SEALED_MIST	0	0	0	0	0	0	1
2025-08-07 21:26:00+00	NEW	IDLE	0	0	0	0	0	0	0
2025-08-07 21:28:00+00	OLD	SEALED_MIST	0	0	0	0	0	0	1
2025-08-07 21:28:00+00	NEW	IDLE	0	0	0	0	0	0	0
2025-08-07 21:40:00+00	OLD	SEALED_MIST	0	0	0	0	0	0	0
2025-08-07 21:40:00+00	NEW	IDLE	0	0	0	0	0	0	0
2025-08-07 21:42:00+00	OLD	SEALED_MIST	0	0	0	0	0	0	1
2025-08-07 21:42:00+00	NEW	IDLE	0	0	0	0	0	0	0
2025-08-07 21:44:00+00	OLD	SEALED_MIST	0	0	0	0	0	0	1
2025-08-07 21:44:00+00	NEW	IDLE	0	0	0	0	0	0	0
2025-08-07 21:46:00+00	OLD	SEALED_MIST	0	0	0	0	0	0	1
2025-08-07 21:46:00+00	NEW	IDLE	0	0	0	0	0	0	0
2025-08-07 21:58:00+00	OLD	SEALED_MIST	0	0	0	0	0	0	0
2025-08-07 21:58:00+00	NEW	IDLE	0	0	0	0	0	0	0
2025-08-08 00:00:00+00	OLD	SEALED_MIST	1	0	0	0	0	0	3
2025-08-08 00:00:00+00	NEW	IDLE	0	0	0	0	0	0	0
2025-08-08 00:04:00+00	OLD	SEALED_MIST	1	0	0	0	0	0	3
2025-08-08 00:04:00+00	NEW	IDLE	0	0	0	0	0	0	0
2025-08-08 00:06:00+00	OLD	SEALED_MIST	1	0	0	0	0	0	3
2025-08-08 00:06:00+00	NEW	IDLE	0	0	0	0	0	0	0
2025-08-08 00:22:00+00	OLD	SEALED_MIST	1	0	0	0	0	0	3
2025-08-08 00:22:00+00	NEW	IDLE	0	0	0	0	0	0	0
2025-08-08 00:24:00+00	OLD	SEALED_MIST	1	0	0	0	0	0	3
2025-08-08 00:24:00+00	NEW	IDLE	0	0	0	0	0	0	0
2025-08-08 00:26:00+00	OLD	SEALED_MIST	1	0	0	0	0	0	3
2025-08-08 00:26:00+00	NEW	IDLE	0	0	0	0	0	0	0
2025-08-08 00:28:00+00	OLD	SEALED_MIST	1	0	0	0	0	0	3
2025-08-08 00:28:00+00	NEW	IDLE	0	0	0	0	0	0	0
2025-08-08 00:40:00+00	OLD	SEALED_MIST	1	0	0	0	0	0	3
2025-08-08 00:40:00+00	NEW	IDLE	0	0	0	0	0	0	0
2025-08-08 00:42:00+00	OLD	SEALED_MIST	1	0	0	0	0	0	3
2025-08-08 00:42:00+00	NEW	IDLE	0	0	0	0	0	0	0
2025-08-08 00:44:00+00	OLD	SEALED_MIST	1	0	0	0	0	0	3
2025-08-08 00:44:00+00	NEW	IDLE	0	0	0	0	0	0	0
2025-08-08 00:46:00+00	OLD	SEALED_MIST	1	0	0	0	0	0	3
2025-08-08 00:46:00+00	NEW	IDLE	0	0	0	0	0	0	0
2025-08-08 00:58:00+00	OLD	SEALED_MIST	1	0	0	0	0	0	3
2025-08-08 00:58:00+00	NEW	IDLE	0	0	0	0	0	0	0
2025-08-08 01:00:00+00	OLD	SEALED_MIST	1	0	0	0	0	0	3
2025-08-08 01:00:00+00	NEW	IDLE	0	0	0	0	0	0	0
2025-08-08 01:02:00+00	OLD	SEALED_MIST	1	0	0	0	0	0	3
2025-08-08 01:02:00+00	NEW	IDLE	0	0	0	0	0	0	0
2025-08-08 01:04:00+00	OLD	SEALED_MIST	1	0	0	0	0	0	3
2025-08-08 01:04:00+00	NEW	IDLE	0	0	0	0	0	0	0
2025-08-08 01:16:00+00	OLD	SEALED_MIST	1	0	0	0	0	0	3
2025-08-08 01:16:00+00	NEW	IDLE	0	0	0	0	0	0	0
2025-08-08 01:18:00+00	OLD	SEALED_MIST	1	0	0	0	0	0	3
2025-08-08 01:18:00+00	NEW	IDLE	0	0	0	0	0	0	0
2025-08-08 01:20:00+00	OLD	SEALED_MIST	1	0	0	0	0	0	3
2025-08-08 01:20:00+00	NEW	IDLE	0	0	0	0	0	0	0
2025-08-08 01:22:00+00	OLD	SEALED_MIST	1	0	0	0	0	0	3
2025-08-08 01:22:00+00	NEW	IDLE	0	0	0	0	0	0	0
2025-08-08 01:36:00+00	OLD	SEALED_MIST	1	0	0	0	0	0	3
2025-08-08 01:36:00+00	NEW	IDLE	0	0	0	0	0	0	0
2025-08-08 01:38:00+00	OLD	SEALED_MIST	1	0	0	0	0	0	3
2025-08-08 01:38:00+00	NEW	IDLE	0	0	0	0	0	0	0
2025-08-08 01:40:00+00	OLD	SEALED_MIST	1	0	0	0	0	0	3
2025-08-08 01:40:00+00	NEW	IDLE	0	0	0	0	0	0	0
2025-08-08 01:42:00+00	OLD	SEALED_MIST	1	0	0	0	0	0	3
2025-08-08 01:42:00+00	NEW	IDLE	0	0	0	0	0	0	0
2025-08-08 01:54:00+00	OLD	SEALED_MIST	1	0	0	0	0	0	3
2025-08-08 01:54:00+00	NEW	IDLE	0	0	0	0	0	0	0
2025-08-08 01:56:00+00	OLD	SEALED_MIST	1	0	0	0	0	0	3
2025-08-08 01:56:00+00	NEW	IDLE	0	0	0	0	0	0	0
2025-08-08 01:58:00+00	OLD	SEALED_MIST	1	0	0	0	0	0	3
2025-08-08 01:58:00+00	NEW	IDLE	0	0	0	0	0	0	0
2025-08-08 02:00:00+00	OLD	SEALED_MIST	1	0	0	0	0	0	3
2025-08-08 02:00:00+00	NEW	IDLE	0	0	0	0	0	0	0
2025-08-08 02:12:00+00	OLD	SEALED_MIST	1	0	0	0	0	0	3
2025-08-08 02:12:00+00	NEW	IDLE	0	0	0	0	0	0	0
2025-08-08 02:14:00+00	OLD	SEALED_MIST	1	0	0	0	0	0	3
2025-08-08 02:14:00+00	NEW	IDLE	0	0	0	0	0	0	0
2025-08-08 02:16:00+00	OLD	SEALED_MIST	1	0	0	0	0	0	3
2025-08-08 02:16:00+00	NEW	IDLE	0	0	0	0	0	0	0
2025-08-08 02:18:00+00	OLD	SEALED_MIST	1	0	0	0	0	0	3
2025-08-08 02:18:00+00	NEW	IDLE	0	0	0	0	0	0	0
2025-08-08 02:30:00+00	OLD	SEALED_MIST	0	0	0	0	0	0	0
2025-08-08 02:30:00+00	NEW	IDLE	0	0	0	0	0	0	0
2025-08-08 02:32:00+00	OLD	SEALED_MIST	0	0	0	0	0	0	1
2025-08-08 02:32:00+00	NEW	IDLE	0	0	0	0	0	0	0
2025-08-08 02:34:00+00	OLD	SEALED_MIST	0	0	0	0	0	0	1
2025-08-08 02:34:00+00	NEW	IDLE	0	0	0	0	0	0	0
2025-08-08 02:36:00+00	OLD	SEALED_MIST	0	0	0	0	0	0	1
2025-08-08 02:36:00+00	NEW	IDLE	0	0	0	0	0	0	0
2025-08-08 02:48:00+00	OLD	SEALED_MIST	0	0	0	0	0	0	0
2025-08-08 02:48:00+00	NEW	IDLE	0	0	0	0	0	0	0
2025-08-08 02:50:00+00	OLD	SEALED_MIST	0	0	0	0	0	0	1
2025-08-08 02:50:00+00	NEW	IDLE	0	0	0	0	0	0	0
2025-08-08 02:54:00+00	OLD	SEALED_MIST	0	0	0	0	0	0	1
2025-08-08 02:54:00+00	NEW	IDLE	0	0	0	0	0	0	0
2025-08-08 03:06:00+00	OLD	SEALED_MIST	0	0	0	0	0	0	0
2025-08-08 03:06:00+00	NEW	IDLE	0	0	0	0	0	0	0
2025-08-08 03:08:00+00	OLD	SEALED_MIST	0	0	0	0	0	0	1
2025-08-08 03:08:00+00	NEW	IDLE	0	0	0	0	0	0	0
2025-08-08 03:12:00+00	OLD	SEALED_MIST	0	0	0	0	0	0	1
2025-08-08 03:12:00+00	NEW	IDLE	0	0	0	0	0	0	0
2025-08-08 18:06:00+00	OLD	SEALED_MIST	1	0	0	0	0	0	3
2025-08-08 18:06:00+00	NEW	IDLE	0	0	0	0	0	0	0
2025-08-08 18:08:00+00	OLD	SEALED_MIST	1	0	0	0	0	0	3
2025-08-08 18:08:00+00	NEW	IDLE	0	0	0	0	0	0	0
2025-08-08 18:10:00+00	OLD	SEALED_MIST	0	0	0	0	0	0	2
2025-08-08 18:10:00+00	NEW	IDLE	0	0	0	0	0	0	0
2025-08-08 18:12:00+00	OLD	SEALED_MIST	0	0	0	0	0	0	2
2025-08-08 18:12:00+00	NEW	IDLE	0	0	0	0	0	0	0
2025-08-08 18:24:00+00	OLD	SEALED_MIST	0	0	0	0	0	0	0
2025-08-08 18:24:00+00	NEW	IDLE	0	0	0	0	0	0	0
2025-08-08 18:26:00+00	OLD	SEALED_MIST	1	0	0	0	0	0	3
2025-08-08 18:26:00+00	NEW	IDLE	0	0	0	0	0	0	0
2025-08-08 18:28:00+00	OLD	SEALED_MIST	1	0	0	0	0	0	3
2025-08-08 18:28:00+00	NEW	IDLE	0	0	0	0	0	0	0
2025-08-08 18:30:00+00	OLD	SEALED_MIST	1	0	0	0	0	0	3
2025-08-08 18:30:00+00	NEW	IDLE	0	0	0	0	0	0	0
2025-08-08 18:42:00+00	OLD	SEALED_MIST	1	0	0	0	0	0	3
2025-08-08 18:42:00+00	NEW	IDLE	0	0	0	0	0	0	0
2025-08-08 18:44:00+00	OLD	SEALED_MIST	1	0	0	0	0	0	3
2025-08-08 18:44:00+00	NEW	IDLE	0	0	0	0	0	0	0
2025-08-08 18:46:00+00	OLD	SEALED_MIST	1	0	0	0	0	0	3
2025-08-08 18:46:00+00	NEW	IDLE	0	0	0	0	0	0	0
2025-08-08 18:48:00+00	OLD	SEALED_MIST	1	0	0	0	0	0	3
2025-08-08 18:48:00+00	NEW	IDLE	0	0	0	0	0	0	0
2025-08-08 19:00:00+00	OLD	SEALED_MIST	0	0	0	0	0	0	0
2025-08-08 19:00:00+00	NEW	IDLE	0	0	0	0	0	0	0
2025-08-08 19:02:00+00	OLD	SEALED_MIST	0	0	0	0	0	0	1
2025-08-08 19:02:00+00	NEW	IDLE	0	0	0	0	0	0	0
2025-08-08 19:04:00+00	OLD	SEALED_MIST	0	0	0	0	0	0	1
2025-08-08 19:04:00+00	NEW	IDLE	0	0	0	0	0	0	0
2025-08-08 19:06:00+00	OLD	SEALED_MIST	0	0	0	0	0	0	1
2025-08-08 19:06:00+00	NEW	IDLE	0	0	0	0	0	0	0
2025-08-08 19:18:00+00	OLD	SEALED_MIST	0	0	0	0	0	0	0
2025-08-08 19:18:00+00	NEW	IDLE	0	0	0	0	0	0	0
2025-08-08 19:20:00+00	OLD	SEALED_MIST	0	0	0	0	0	0	1
2025-08-08 19:20:00+00	NEW	IDLE	0	0	0	0	0	0	0
2025-08-08 19:22:00+00	OLD	SEALED_MIST	0	0	0	0	0	0	1
2025-08-08 19:22:00+00	NEW	IDLE	0	0	0	0	0	0	0
2025-08-08 19:24:00+00	OLD	SEALED_MIST	0	0	0	0	0	0	1
2025-08-08 19:24:00+00	NEW	IDLE	0	0	0	0	0	0	0
2025-08-08 19:46:00+00	OLD	SEALED_MIST	0	0	0	0	0	0	0
2025-08-08 19:46:00+00	NEW	IDLE	0	0	0	0	0	0	0
2025-08-08 19:48:00+00	OLD	SEALED_MIST	0	0	0	0	0	0	1
2025-08-08 19:48:00+00	NEW	IDLE	0	0	0	0	0	0	0
2025-08-08 19:50:00+00	OLD	SEALED_MIST	0	0	0	0	0	0	1
2025-08-08 19:50:00+00	NEW	IDLE	0	0	0	0	0	0	0
2025-08-08 19:52:00+00	OLD	SEALED_MIST	0	0	0	0	0	0	1
2025-08-08 19:52:00+00	NEW	IDLE	0	0	0	0	0	0	0
2025-08-08 20:04:00+00	OLD	SEALED_MIST	0	0	0	0	0	0	0
2025-08-08 20:04:00+00	NEW	IDLE	0	0	0	0	0	0	0
2025-08-08 20:06:00+00	OLD	SEALED_MIST	0	0	0	0	0	0	1
2025-08-08 20:06:00+00	NEW	IDLE	0	0	0	0	0	0	0
2025-08-08 20:08:00+00	OLD	SEALED_MIST	0	0	0	0	0	0	1
2025-08-08 20:08:00+00	NEW	IDLE	0	0	0	0	0	0	0
2025-08-08 20:10:00+00	OLD	SEALED_MIST	0	0	0	0	0	0	1
2025-08-08 20:10:00+00	NEW	IDLE	0	0	0	0	0	0	0
2025-08-08 20:22:00+00	OLD	SEALED_MIST	0	0	0	0	0	0	0
2025-08-08 20:22:00+00	NEW	IDLE	0	0	0	0	0	0	0
2025-08-08 20:24:00+00	OLD	SEALED_MIST	0	0	0	0	0	0	1
2025-08-08 20:24:00+00	NEW	IDLE	0	0	0	0	0	0	0
2025-08-08 20:26:00+00	OLD	SEALED_MIST	0	0	0	0	0	0	1
2025-08-08 20:26:00+00	NEW	IDLE	0	0	0	0	0	0	0
2025-08-08 20:28:00+00	OLD	SEALED_MIST	0	0	0	0	0	0	1
2025-08-08 20:28:00+00	NEW	IDLE	0	0	0	0	0	0	0
2025-08-08 20:40:00+00	OLD	SEALED_MIST	0	0	0	0	0	0	0
2025-08-08 20:40:00+00	NEW	IDLE	0	0	0	0	0	0	0
2025-08-08 20:42:00+00	OLD	SEALED_MIST	0	0	0	0	0	0	1
2025-08-08 20:42:00+00	NEW	IDLE	0	0	0	0	0	0	0
2025-08-08 20:44:00+00	OLD	SEALED_MIST	0	0	0	0	0	0	1
2025-08-08 20:44:00+00	NEW	IDLE	0	0	0	0	0	0	0
2025-08-08 20:46:00+00	OLD	SEALED_MIST	0	0	0	0	0	0	1
2025-08-08 20:46:00+00	NEW	IDLE	0	0	0	0	0	0	0
2025-08-08 20:58:00+00	OLD	SEALED_MIST	0	0	0	0	0	0	0
2025-08-08 20:58:00+00	NEW	IDLE	0	0	0	0	0	0	0
2025-08-08 21:00:00+00	OLD	SEALED_MIST	0	0	0	0	0	0	1
2025-08-08 21:00:00+00	NEW	IDLE	0	0	0	0	0	0	0
2025-08-08 21:02:00+00	OLD	SEALED_MIST	0	0	0	0	0	0	1
2025-08-08 21:02:00+00	NEW	IDLE	0	0	0	0	0	0	0
2025-08-08 21:04:00+00	OLD	SEALED_MIST	0	0	0	0	0	0	1
2025-08-08 21:04:00+00	NEW	IDLE	0	0	0	0	0	0	0
2025-08-08 21:16:00+00	OLD	SEALED_MIST	0	0	0	0	0	0	0
2025-08-08 21:16:00+00	NEW	IDLE	0	0	0	0	0	0	0
2025-08-08 21:18:00+00	OLD	SEALED_MIST	0	0	0	0	0	0	1
2025-08-08 21:18:00+00	NEW	IDLE	0	0	0	0	0	0	0
2025-08-08 21:22:00+00	OLD	SEALED_MIST	0	0	0	0	0	0	0
2025-08-08 21:22:00+00	NEW	IDLE	0	0	0	0	0	0	0
2025-08-08 21:24:00+00	OLD	SEALED_MIST	0	0	0	0	0	0	1
2025-08-08 21:24:00+00	NEW	IDLE	0	0	0	0	0	0	0
2025-08-08 21:26:00+00	OLD	SEALED_MIST	0	0	0	0	0	0	1
2025-08-08 21:26:00+00	NEW	IDLE	0	0	0	0	0	0	0
2025-08-08 21:28:00+00	OLD	SEALED_MIST	0	0	0	0	0	0	1
2025-08-08 21:28:00+00	NEW	IDLE	0	0	0	0	0	0	0
2025-08-08 21:36:00+00	OLD	SEALED_MIST	0	0	0	0	0	0	0
2025-08-08 21:36:00+00	NEW	IDLE	0	0	0	0	0	0	0
2025-08-08 21:38:00+00	OLD	SEALED_MIST	0	0	0	0	0	0	1
2025-08-08 21:38:00+00	NEW	IDLE	0	0	0	0	0	0	0
2025-08-08 21:40:00+00	OLD	SEALED_MIST	0	0	0	0	0	0	1
2025-08-08 21:40:00+00	NEW	IDLE	0	0	0	0	0	0	0
2025-08-08 21:42:00+00	OLD	SEALED_MIST	0	0	0	0	0	0	1
2025-08-08 21:42:00+00	NEW	IDLE	0	0	0	0	0	0	0
2025-08-08 21:56:00+00	OLD	SEALED_MIST	0	0	0	0	0	0	0
2025-08-08 21:56:00+00	NEW	IDLE	0	0	0	0	0	0	0
2025-08-09 00:00:00+00	OLD	SEALED_MIST	0	0	0	0	0	0	0
2025-08-09 00:00:00+00	NEW	IDLE	0	0	0	0	0	0	0
2025-08-09 00:02:00+00	OLD	SEALED_MIST	0	0	0	0	0	0	1
2025-08-09 00:02:00+00	NEW	IDLE	0	0	0	0	0	0	0
2025-08-09 00:04:00+00	OLD	SEALED_MIST	0	0	0	0	0	0	1
2025-08-09 00:04:00+00	NEW	IDLE	0	0	0	0	0	0	0
2025-08-09 00:06:00+00	OLD	SEALED_MIST	0	0	0	0	0	0	1
2025-08-09 00:06:00+00	NEW	IDLE	0	0	0	0	0	0	0
2025-08-09 18:08:00+00	OLD	SEALED_MIST	0	0	0	0	0	0	0
2025-08-09 18:08:00+00	NEW	IDLE	0	0	0	0	0	0	0
2025-08-09 18:10:00+00	OLD	SEALED_MIST	0	0	0	0	0	0	1
2025-08-09 18:10:00+00	NEW	IDLE	0	0	0	0	0	0	0
2025-08-09 18:12:00+00	OLD	SEALED_MIST	0	0	0	0	0	0	1
2025-08-09 18:12:00+00	NEW	IDLE	0	0	0	0	0	0	0
2025-08-09 18:14:00+00	OLD	SEALED_MIST	0	0	0	0	0	0	1
2025-08-09 18:14:00+00	NEW	IDLE	0	0	0	0	0	0	0
2025-08-09 18:26:00+00	OLD	SEALED_MIST	1	0	0	0	0	0	3
2025-08-09 18:26:00+00	NEW	IDLE	0	0	0	0	0	0	0
2025-08-09 18:28:00+00	OLD	SEALED_MIST	1	0	0	0	0	0	3
2025-08-09 18:28:00+00	NEW	IDLE	0	0	0	0	0	0	0
2025-08-09 18:30:00+00	OLD	SEALED_MIST	1	0	0	0	0	0	3
2025-08-09 18:30:00+00	NEW	IDLE	0	0	0	0	0	0	0
2025-08-09 18:32:00+00	OLD	SEALED_MIST	1	0	0	0	0	0	3
2025-08-09 18:32:00+00	NEW	IDLE	0	0	0	0	0	0	0
2025-08-09 18:48:00+00	OLD	SEALED_MIST	0	0	0	0	0	0	0
2025-08-09 18:48:00+00	NEW	IDLE	0	0	0	0	0	0	0
2025-08-09 18:50:00+00	OLD	SEALED_MIST	1	0	0	0	0	0	3
2025-08-09 18:50:00+00	NEW	IDLE	0	0	0	0	0	0	0
2025-08-09 18:52:00+00	OLD	SEALED_MIST	1	0	0	0	0	0	3
2025-08-09 18:52:00+00	NEW	IDLE	0	0	0	0	0	0	0
2025-08-09 18:54:00+00	OLD	SEALED_MIST	1	0	0	0	0	0	3
2025-08-09 18:54:00+00	NEW	IDLE	0	0	0	0	0	0	0
2025-08-09 19:02:00+00	OLD	SEALED_MIST	0	0	0	0	0	0	0
2025-08-09 19:02:00+00	NEW	IDLE	0	0	0	0	0	0	0
2025-08-09 19:04:00+00	OLD	SEALED_MIST	0	0	0	0	0	0	1
2025-08-09 19:04:00+00	NEW	IDLE	0	0	0	0	0	0	0
2025-08-09 19:06:00+00	OLD	SEALED_MIST	0	0	0	0	0	0	1
2025-08-09 19:06:00+00	NEW	IDLE	0	0	0	0	0	0	0
2025-08-09 19:14:00+00	OLD	SEALED_MIST	0	0	0	0	0	0	0
2025-08-09 19:14:00+00	NEW	IDLE	0	0	0	0	0	0	0
2025-08-09 19:16:00+00	OLD	SEALED_MIST	0	0	0	0	0	0	1
2025-08-09 19:16:00+00	NEW	IDLE	0	0	0	0	0	0	0
2025-08-09 19:18:00+00	OLD	SEALED_MIST	0	0	0	0	0	0	1
2025-08-09 19:18:00+00	NEW	IDLE	0	0	0	0	0	0	0
2025-08-09 19:30:00+00	OLD	SEALED_MIST	0	0	0	0	0	0	0
2025-08-09 19:30:00+00	NEW	IDLE	0	0	0	0	0	0	0
2025-08-09 19:32:00+00	OLD	SEALED_MIST	0	0	0	0	0	0	1
2025-08-09 19:32:00+00	NEW	IDLE	0	0	0	0	0	0	0
2025-08-09 19:34:00+00	OLD	SEALED_MIST	0	0	0	0	0	0	1
2025-08-09 19:34:00+00	NEW	IDLE	0	0	0	0	0	0	0
2025-08-09 19:42:00+00	OLD	SEALED_MIST	0	0	0	0	0	0	0
2025-08-09 19:42:00+00	NEW	IDLE	0	0	0	0	0	0	0
2025-08-09 19:44:00+00	OLD	SEALED_MIST	0	0	0	0	0	0	1
2025-08-09 19:44:00+00	NEW	IDLE	0	0	0	0	0	0	0
2025-08-09 19:46:00+00	OLD	SEALED_MIST	0	0	0	0	0	0	1
2025-08-09 19:46:00+00	NEW	IDLE	0	0	0	0	0	0	0
2025-08-09 19:54:00+00	OLD	SEALED_MIST	0	0	0	0	0	0	0
2025-08-09 19:54:00+00	NEW	IDLE	0	0	0	0	0	0	0
2025-08-09 19:56:00+00	OLD	SEALED_MIST	0	0	0	0	0	0	1
2025-08-09 19:56:00+00	NEW	IDLE	0	0	0	0	0	0	0
2025-08-09 19:58:00+00	OLD	SEALED_MIST	0	0	0	0	0	0	1
2025-08-09 19:58:00+00	NEW	IDLE	0	0	0	0	0	0	0
2025-08-09 20:00:00+00	OLD	SEALED_MIST	0	0	0	0	0	0	1
2025-08-09 20:00:00+00	NEW	IDLE	0	0	0	0	0	0	0
2025-08-09 20:08:00+00	OLD	SEALED_MIST	0	0	0	0	0	0	0
2025-08-09 20:08:00+00	NEW	IDLE	0	0	0	0	0	0	0
2025-08-09 20:10:00+00	OLD	SEALED_MIST	0	0	0	0	0	0	1
2025-08-09 20:10:00+00	NEW	IDLE	0	0	0	0	0	0	0
2025-08-09 20:12:00+00	OLD	SEALED_MIST	0	0	0	0	0	0	1
2025-08-09 20:12:00+00	NEW	IDLE	0	0	0	0	0	0	0
2025-08-09 20:22:00+00	OLD	SEALED_MIST	0	0	0	0	0	0	0
2025-08-09 20:22:00+00	NEW	IDLE	0	0	0	0	0	0	0
2025-08-09 20:24:00+00	OLD	SEALED_MIST	0	0	0	0	0	0	1
2025-08-09 20:24:00+00	NEW	IDLE	0	0	0	0	0	0	0
2025-08-09 20:26:00+00	OLD	SEALED_MIST	0	0	0	0	0	0	1
2025-08-09 20:26:00+00	NEW	IDLE	0	0	0	0	0	0	0
2025-08-09 20:28:00+00	OLD	SEALED_MIST	0	0	0	0	0	0	1
2025-08-09 20:28:00+00	NEW	IDLE	0	0	0	0	0	0	0
2025-08-09 20:40:00+00	OLD	SEALED_MIST	0	0	0	0	0	0	0
2025-08-09 20:40:00+00	NEW	IDLE	0	0	0	0	0	0	0
2025-08-09 20:42:00+00	OLD	SEALED_MIST	0	0	0	0	0	0	1
2025-08-09 20:42:00+00	NEW	IDLE	0	0	0	0	0	0	0
2025-08-09 20:44:00+00	OLD	SEALED_MIST	0	0	0	0	0	0	1
2025-08-09 20:44:00+00	NEW	IDLE	0	0	0	0	0	0	0
2025-08-09 20:58:00+00	OLD	SEALED_MIST	0	0	0	0	0	0	0
2025-08-09 20:58:00+00	NEW	IDLE	0	0	0	0	0	0	0
2025-08-09 21:00:00+00	OLD	SEALED_MIST	0	0	0	0	0	0	1
2025-08-09 21:00:00+00	NEW	IDLE	0	0	0	0	0	0	0
2025-08-09 21:02:00+00	OLD	SEALED_MIST	0	0	0	0	0	0	1
2025-08-09 21:02:00+00	NEW	IDLE	0	0	0	0	0	0	0
2025-08-09 21:04:00+00	OLD	SEALED_MIST	0	0	0	0	0	0	1
2025-08-09 21:04:00+00	NEW	IDLE	0	0	0	0	0	0	0
2025-08-09 21:16:00+00	OLD	SEALED_MIST	0	0	0	0	0	0	0
2025-08-09 21:16:00+00	NEW	IDLE	0	0	0	0	0	0	0
2025-08-09 21:18:00+00	OLD	SEALED_MIST	0	0	0	0	0	0	1
2025-08-09 21:18:00+00	NEW	IDLE	0	0	0	0	0	0	0
2025-08-09 21:20:00+00	OLD	SEALED_MIST	0	0	0	0	0	0	1
2025-08-09 21:20:00+00	NEW	IDLE	0	0	0	0	0	0	0
2025-08-09 21:22:00+00	OLD	SEALED_MIST	0	0	0	0	0	0	1
2025-08-09 21:22:00+00	NEW	IDLE	0	0	0	0	0	0	0
2025-08-09 21:34:00+00	OLD	SEALED_MIST	0	0	0	0	0	0	0
2025-08-09 21:34:00+00	NEW	IDLE	0	0	0	0	0	0	0
2025-08-09 21:36:00+00	OLD	SEALED_MIST	0	0	0	0	0	0	1
2025-08-09 21:36:00+00	NEW	IDLE	0	0	0	0	0	0	0
2025-08-09 21:38:00+00	OLD	SEALED_MIST	0	0	0	0	0	0	1
2025-08-09 21:38:00+00	NEW	IDLE	0	0	0	0	0	0	0
2025-08-09 21:40:00+00	OLD	SEALED_MIST	0	0	0	0	0	0	1
2025-08-09 21:40:00+00	NEW	IDLE	0	0	0	0	0	0	0
2025-08-09 21:44:00+00	OLD	SEALED_MIST	0	0	0	0	0	0	0
2025-08-09 21:44:00+00	NEW	IDLE	0	0	0	0	0	0	0
2025-08-09 21:46:00+00	OLD	SEALED_MIST	0	0	0	0	0	0	1
2025-08-09 21:46:00+00	NEW	IDLE	0	0	0	0	0	0	0
2025-08-09 21:48:00+00	OLD	SEALED_MIST	0	0	0	0	0	0	1
2025-08-09 21:48:00+00	NEW	IDLE	0	0	0	0	0	0	0
2025-08-09 21:50:00+00	OLD	SEALED_MIST	0	0	0	0	0	0	1
2025-08-09 21:50:00+00	NEW	IDLE	0	0	0	0	0	0	0
2025-08-10 00:00:00+00	OLD	SEALED_MIST	1	0	0	0	0	0	3
2025-08-10 00:00:00+00	NEW	IDLE	0	0	0	0	0	0	0
2025-08-10 00:02:00+00	OLD	SEALED_MIST	1	0	0	0	0	0	3
2025-08-10 00:02:00+00	NEW	IDLE	0	0	0	0	0	0	0
2025-08-10 00:04:00+00	OLD	SEALED_MIST	1	0	0	0	0	0	3
2025-08-10 00:04:00+00	NEW	IDLE	0	0	0	0	0	0	0
2025-08-10 00:06:00+00	OLD	SEALED_MIST	1	0	0	0	0	0	3
2025-08-10 00:06:00+00	NEW	IDLE	0	0	0	0	0	0	0
2025-08-10 00:18:00+00	OLD	SEALED_MIST	0	0	0	0	0	0	0
2025-08-10 00:18:00+00	NEW	IDLE	0	0	0	0	0	0	0
2025-08-10 00:20:00+00	OLD	SEALED_MIST	0	0	0	0	0	0	1
2025-08-10 00:20:00+00	NEW	IDLE	0	0	0	0	0	0	0
2025-08-10 00:22:00+00	OLD	SEALED_MIST	0	0	0	0	0	0	1
2025-08-10 00:22:00+00	NEW	IDLE	0	0	0	0	0	0	0
2025-08-10 00:24:00+00	OLD	SEALED_MIST	0	0	0	0	0	0	1
2025-08-10 00:24:00+00	NEW	IDLE	0	0	0	0	0	0	0
2025-08-10 18:34:00+00	OLD	SEALED_MIST	0	0	0	0	0	0	0
2025-08-10 18:34:00+00	NEW	IDLE	0	0	0	0	0	0	0
2025-08-10 18:36:00+00	OLD	SEALED_MIST	0	0	0	0	0	0	1
2025-08-10 18:36:00+00	NEW	IDLE	0	0	0	0	0	0	0
2025-08-10 18:38:00+00	OLD	SEALED_MIST	0	0	0	0	0	0	1
2025-08-10 18:38:00+00	NEW	IDLE	0	0	0	0	0	0	0
2025-08-10 18:40:00+00	OLD	SEALED_MIST	0	0	0	0	0	0	1
2025-08-10 18:40:00+00	NEW	IDLE	0	0	0	0	0	0	0
2025-08-10 18:52:00+00	OLD	SEALED_MIST	0	0	0	0	0	0	0
2025-08-10 18:52:00+00	NEW	IDLE	0	0	0	0	0	0	0
2025-08-10 18:54:00+00	OLD	SEALED_MIST	0	0	0	0	0	0	1
2025-08-10 18:54:00+00	NEW	IDLE	0	0	0	0	0	0	0
2025-08-10 18:56:00+00	OLD	SEALED_MIST	0	0	0	0	0	0	1
2025-08-10 18:56:00+00	NEW	IDLE	0	0	0	0	0	0	0
2025-08-10 18:58:00+00	OLD	SEALED_MIST	0	0	0	0	0	0	1
2025-08-10 18:58:00+00	NEW	IDLE	0	0	0	0	0	0	0
2025-08-10 19:10:00+00	OLD	SEALED_MIST	0	0	0	0	0	0	0
2025-08-10 19:10:00+00	NEW	IDLE	0	0	0	0	0	0	0
2025-08-10 19:12:00+00	OLD	SEALED_MIST	0	0	0	0	0	0	1
2025-08-10 19:12:00+00	NEW	IDLE	0	0	0	0	0	0	0
2025-08-10 19:14:00+00	OLD	SEALED_MIST	0	0	0	0	0	0	1
2025-08-10 19:14:00+00	NEW	IDLE	0	0	0	0	0	0	0
2025-08-10 19:56:00+00	OLD	SEALED_MIST	0	0	0	0	0	0	0
2025-08-10 19:56:00+00	NEW	IDLE	0	0	0	0	0	0	0
2025-08-10 19:58:00+00	OLD	SEALED_MIST	0	0	0	0	0	0	1
2025-08-10 19:58:00+00	NEW	IDLE	0	0	0	0	0	0	0
2025-08-10 20:00:00+00	OLD	SEALED_MIST	0	0	0	0	0	0	1
2025-08-10 20:00:00+00	NEW	IDLE	0	0	0	0	0	0	0
2025-08-10 20:02:00+00	OLD	SEALED_MIST	0	0	0	0	0	0	1
2025-08-10 20:02:00+00	NEW	IDLE	0	0	0	0	0	0	0
2025-08-10 20:14:00+00	OLD	SEALED_MIST	0	0	0	0	0	0	0
2025-08-10 20:14:00+00	NEW	IDLE	0	0	0	0	0	0	0
2025-08-10 20:16:00+00	OLD	SEALED_MIST	0	0	0	0	0	0	1
2025-08-10 20:16:00+00	NEW	IDLE	0	0	0	0	0	0	0
2025-08-10 20:18:00+00	OLD	SEALED_MIST	0	0	0	0	0	0	1
2025-08-10 20:18:00+00	NEW	IDLE	0	0	0	0	0	0	0
2025-08-10 20:20:00+00	OLD	SEALED_MIST	0	0	0	0	0	0	1
2025-08-10 20:20:00+00	NEW	IDLE	0	0	0	0	0	0	0
2025-08-10 20:40:00+00	OLD	SEALED_MIST	0	0	0	0	0	0	0
2025-08-10 20:40:00+00	NEW	IDLE	0	0	0	0	0	0	0
2025-08-10 20:42:00+00	OLD	SEALED_MIST	0	0	0	0	0	0	1
2025-08-10 20:42:00+00	NEW	IDLE	0	0	0	0	0	0	0
2025-08-10 20:44:00+00	OLD	SEALED_MIST	0	0	0	0	0	0	1
2025-08-10 20:44:00+00	NEW	IDLE	0	0	0	0	0	0	0
2025-08-10 20:46:00+00	OLD	SEALED_MIST	0	0	0	0	0	0	1
2025-08-10 20:46:00+00	NEW	IDLE	0	0	0	0	0	0	0
2025-08-10 20:52:00+00	OLD	SEALED_MIST	0	0	0	0	0	0	0
2025-08-10 20:52:00+00	NEW	IDLE	0	0	0	0	0	0	0
2025-08-10 20:54:00+00	OLD	SEALED_MIST	0	0	0	0	0	0	1
2025-08-10 20:54:00+00	NEW	IDLE	0	0	0	0	0	0	0
2025-08-10 20:56:00+00	OLD	SEALED_MIST	0	0	0	0	0	0	1
2025-08-10 20:56:00+00	NEW	IDLE	0	0	0	0	0	0	0
2025-08-10 21:08:00+00	OLD	SEALED_MIST	0	0	0	0	0	0	0
2025-08-10 21:08:00+00	NEW	IDLE	0	0	0	0	0	0	0
2025-08-10 21:10:00+00	OLD	SEALED_MIST	0	0	0	0	0	0	1
2025-08-10 21:10:00+00	NEW	IDLE	0	0	0	0	0	0	0
2025-08-10 21:12:00+00	OLD	SEALED_MIST	0	0	0	0	0	0	1
2025-08-10 21:12:00+00	NEW	IDLE	0	0	0	0	0	0	0
2025-08-10 21:14:00+00	OLD	SEALED_MIST	0	0	0	0	0	0	1
2025-08-10 21:14:00+00	NEW	IDLE	0	0	0	0	0	0	0
2025-08-10 21:22:00+00	OLD	SEALED_MIST	0	0	0	0	0	0	0
2025-08-10 21:22:00+00	NEW	IDLE	0	0	0	0	0	0	0
2025-08-10 21:24:00+00	OLD	SEALED_MIST	0	0	0	0	0	0	1
2025-08-10 21:24:00+00	NEW	IDLE	0	0	0	0	0	0	0
2025-08-10 21:26:00+00	OLD	SEALED_MIST	0	0	0	0	0	0	1
2025-08-10 21:26:00+00	NEW	IDLE	0	0	0	0	0	0	0
2025-08-10 21:28:00+00	OLD	SEALED_MIST	0	0	0	0	0	0	1
2025-08-10 21:28:00+00	NEW	IDLE	0	0	0	0	0	0	0
2025-08-10 21:40:00+00	OLD	SEALED_MIST	0	0	0	0	0	0	0
2025-08-10 21:40:00+00	NEW	IDLE	0	0	0	0	0	0	0
2025-08-10 21:42:00+00	OLD	SEALED_MIST	0	0	0	0	0	0	1
2025-08-10 21:42:00+00	NEW	IDLE	0	0	0	0	0	0	0
2025-08-10 21:44:00+00	OLD	SEALED_MIST	0	0	0	0	0	0	1
2025-08-10 21:44:00+00	NEW	IDLE	0	0	0	0	0	0	0
2025-08-10 21:46:00+00	OLD	SEALED_MIST	0	0	0	0	0	0	1
2025-08-10 21:46:00+00	NEW	IDLE	0	0	0	0	0	0	0
2025-08-10 21:58:00+00	OLD	SEALED_MIST	0	0	0	0	0	0	0
2025-08-10 21:58:00+00	NEW	IDLE	0	0	0	0	0	0	0
2025-08-11 18:36:00+00	OLD	SEALED_MIST	0	0	0	0	0	0	0
2025-08-11 18:36:00+00	NEW	IDLE	0	0	0	0	0	0	0
2025-08-11 18:38:00+00	OLD	SEALED_MIST	0	0	0	0	0	0	1
2025-08-11 18:38:00+00	NEW	IDLE	0	0	0	0	0	0	0
2025-08-11 18:40:00+00	OLD	SEALED_MIST	0	0	0	0	0	0	1
2025-08-11 18:40:00+00	NEW	IDLE	0	0	0	0	0	0	0
2025-08-11 18:42:00+00	OLD	SEALED_MIST	0	0	0	0	0	0	1
2025-08-11 18:42:00+00	NEW	IDLE	0	0	0	0	0	0	0
2025-08-11 18:54:00+00	OLD	SEALED_MIST	0	0	0	0	0	0	0
2025-08-11 18:54:00+00	NEW	IDLE	0	0	0	0	0	0	0
2025-08-11 18:56:00+00	OLD	SEALED_MIST	1	0	0	0	0	0	3
2025-08-11 18:56:00+00	NEW	IDLE	0	0	0	0	0	0	0
2025-08-11 18:58:00+00	OLD	SEALED_MIST	1	0	0	0	0	0	3
2025-08-11 18:58:00+00	NEW	IDLE	0	0	0	0	0	0	0
2025-08-11 19:00:00+00	OLD	SEALED_MIST	0	0	0	0	0	0	3
2025-08-11 19:00:00+00	NEW	IDLE	0	0	0	0	0	0	0
2025-08-11 19:14:00+00	OLD	SEALED_MIST	0	0	0	0	0	0	0
2025-08-11 19:14:00+00	NEW	IDLE	0	0	0	0	0	0	0
2025-08-11 19:16:00+00	OLD	SEALED_MIST	0	0	0	0	0	0	1
2025-08-11 19:16:00+00	NEW	IDLE	0	0	0	0	0	0	0
2025-08-11 19:18:00+00	OLD	SEALED_MIST	0	0	0	0	0	0	1
2025-08-11 19:18:00+00	NEW	IDLE	0	0	0	0	0	0	0
2025-08-11 19:20:00+00	OLD	SEALED_MIST	0	0	0	0	0	0	1
2025-08-11 19:20:00+00	NEW	IDLE	0	0	0	0	0	0	0
2025-08-11 19:26:00+00	OLD	SEALED_MIST	0	0	0	0	0	0	0
2025-08-11 19:26:00+00	NEW	IDLE	0	0	0	0	0	0	0
2025-08-11 19:28:00+00	OLD	SEALED_MIST	0	0	0	0	0	0	1
2025-08-11 19:28:00+00	NEW	IDLE	0	0	0	0	0	0	0
2025-08-11 19:30:00+00	OLD	SEALED_MIST	0	0	0	0	0	0	1
2025-08-11 19:30:00+00	NEW	IDLE	0	0	0	0	0	0	0
2025-08-11 19:32:00+00	OLD	SEALED_MIST	0	0	0	0	0	0	1
2025-08-11 19:32:00+00	NEW	IDLE	0	0	0	0	0	0	0
2025-08-11 19:38:00+00	OLD	SEALED_MIST	0	0	0	0	0	0	0
2025-08-11 19:38:00+00	NEW	IDLE	0	0	0	0	0	0	0
2025-08-11 19:40:00+00	OLD	SEALED_MIST	0	0	0	0	0	0	1
2025-08-11 19:40:00+00	NEW	IDLE	0	0	0	0	0	0	0
2025-08-11 19:42:00+00	OLD	SEALED_MIST	0	0	0	0	0	0	1
2025-08-11 19:42:00+00	NEW	IDLE	0	0	0	0	0	0	0
2025-08-11 19:44:00+00	OLD	SEALED_MIST	0	0	0	0	0	0	1
2025-08-11 19:44:00+00	NEW	IDLE	0	0	0	0	0	0	0
2025-08-11 19:52:00+00	OLD	SEALED_MIST	0	0	0	0	0	0	0
2025-08-11 19:52:00+00	NEW	IDLE	0	0	0	0	0	0	0
2025-08-11 19:54:00+00	OLD	SEALED_MIST	0	0	0	0	0	0	1
2025-08-11 19:54:00+00	NEW	IDLE	0	0	0	0	0	0	0
2025-08-11 19:56:00+00	OLD	SEALED_MIST	0	0	0	0	0	0	1
2025-08-11 19:56:00+00	NEW	IDLE	0	0	0	0	0	0	0
2025-08-11 19:58:00+00	OLD	SEALED_MIST	0	0	0	0	0	0	1
2025-08-11 19:58:00+00	NEW	IDLE	0	0	0	0	0	0	0
2025-08-11 20:08:00+00	OLD	SEALED_MIST	0	0	0	0	0	0	0
2025-08-11 20:08:00+00	NEW	IDLE	0	0	0	0	0	0	0
2025-08-11 20:10:00+00	OLD	SEALED_MIST	0	0	0	0	0	0	1
2025-08-11 20:10:00+00	NEW	IDLE	0	0	0	0	0	0	0
2025-08-11 20:12:00+00	OLD	SEALED_MIST	0	0	0	0	0	0	1
2025-08-11 20:12:00+00	NEW	IDLE	0	0	0	0	0	0	0
2025-08-11 20:14:00+00	OLD	SEALED_MIST	0	0	0	0	0	0	1
2025-08-11 20:14:00+00	NEW	IDLE	0	0	0	0	0	0	0
2025-08-11 20:30:00+00	OLD	SEALED_MIST	0	0	0	0	0	0	0
2025-08-11 20:30:00+00	NEW	IDLE	0	0	0	0	0	0	0
2025-08-11 20:32:00+00	OLD	SEALED_MIST	0	0	0	0	0	0	1
2025-08-11 20:32:00+00	NEW	IDLE	0	0	0	0	0	0	0
2025-08-11 20:34:00+00	OLD	SEALED_MIST	0	0	0	0	0	0	1
2025-08-11 20:34:00+00	NEW	IDLE	0	0	0	0	0	0	0
2025-08-11 20:36:00+00	OLD	SEALED_MIST	0	0	0	0	0	0	1
2025-08-11 20:36:00+00	NEW	IDLE	0	0	0	0	0	0	0
2025-08-20 00:50:00+00	OLD	SEALED_MIST	1	0	0	0	0	0	3
2025-08-20 00:50:00+00	NEW	IDLE	0	0	0	0	0	0	0
2025-08-20 00:52:00+00	OLD	SEALED_MIST	1	0	0	0	0	0	3
2025-08-20 00:52:00+00	NEW	IDLE	0	0	0	0	0	0	0
2025-08-20 00:54:00+00	OLD	SEALED_MIST	1	0	0	0	0	0	3
2025-08-20 00:54:00+00	NEW	IDLE	0	0	0	0	0	0	0
2025-08-20 00:56:00+00	OLD	SEALED_MIST	1	0	0	0	0	0	3
2025-08-20 00:56:00+00	NEW	IDLE	0	0	0	0	0	0	0
2025-08-20 00:58:00+00	OLD	SEALED_MIST	1	0	0	0	0	0	3
2025-08-20 00:58:00+00	NEW	IDLE	0	0	0	0	0	0	0
2025-08-20 01:10:00+00	OLD	SEALED_MIST	0	0	0	0	0	0	0
2025-08-20 01:10:00+00	NEW	IDLE	0	0	0	0	0	0	0
2025-08-20 01:12:00+00	OLD	SEALED_MIST	0	0	0	0	0	0	1
2025-08-20 01:12:00+00	NEW	IDLE	0	0	0	0	0	0	0
2025-08-20 01:14:00+00	OLD	SEALED_MIST	0	0	0	0	0	0	1
2025-08-20 01:14:00+00	NEW	IDLE	0	0	0	0	0	0	0
2025-08-20 01:16:00+00	OLD	SEALED_MIST	0	0	0	0	0	0	1
2025-08-20 01:16:00+00	NEW	IDLE	0	0	0	0	0	0	0
2025-08-20 01:28:00+00	OLD	SEALED_MIST	0	0	0	0	0	0	0
2025-08-20 01:28:00+00	NEW	IDLE	0	0	0	0	0	0	0
2025-08-20 01:30:00+00	OLD	SEALED_MIST	0	0	0	0	0	0	1
2025-08-20 01:30:00+00	NEW	IDLE	0	0	0	0	0	0	0
2025-08-20 01:32:00+00	OLD	SEALED_MIST	0	0	0	0	0	0	1
2025-08-20 01:32:00+00	NEW	IDLE	0	0	0	0	0	0	0
2025-08-20 01:34:00+00	OLD	SEALED_MIST	0	0	0	0	0	0	1
2025-08-20 01:34:00+00	NEW	IDLE	0	0	0	0	0	0	0
2025-08-20 18:08:00+00	OLD	SEALED_MIST	1	0	0	0	0	0	3
2025-08-20 18:08:00+00	NEW	IDLE	0	0	0	0	0	0	0
2025-08-20 18:10:00+00	OLD	SEALED_MIST	1	0	0	0	0	0	3
2025-08-20 18:10:00+00	NEW	IDLE	0	0	0	0	0	0	0
2025-08-20 18:12:00+00	OLD	SEALED_MIST	1	0	0	0	0	0	3
2025-08-20 18:12:00+00	NEW	IDLE	0	0	0	0	0	0	0
2025-08-20 18:14:00+00	OLD	SEALED_MIST	1	0	0	0	0	0	3
2025-08-20 18:14:00+00	NEW	IDLE	0	0	0	0	0	0	0
2025-08-20 18:26:00+00	OLD	SEALED_MIST	0	0	0	0	0	0	0
2025-08-20 18:26:00+00	NEW	IDLE	0	0	0	0	0	0	0
2025-08-20 18:28:00+00	OLD	SEALED_MIST	0	0	0	0	0	0	1
2025-08-20 18:28:00+00	NEW	IDLE	0	0	0	0	0	0	0
2025-08-20 18:30:00+00	OLD	SEALED_MIST	1	0	0	0	0	0	3
2025-08-20 18:30:00+00	NEW	IDLE	0	0	0	0	0	0	0
2025-08-20 18:32:00+00	OLD	SEALED_MIST	1	0	0	0	0	0	3
2025-08-20 18:32:00+00	NEW	IDLE	0	0	0	0	0	0	0
2025-08-20 18:40:00+00	OLD	SEALED_MIST	0	0	0	0	0	0	0
2025-08-20 18:40:00+00	NEW	IDLE	0	0	0	0	0	0	0
2025-08-20 18:42:00+00	OLD	SEALED_MIST	1	0	0	0	0	0	3
2025-08-20 18:42:00+00	NEW	IDLE	0	0	0	0	0	0	0
2025-08-20 18:44:00+00	OLD	SEALED_MIST	1	0	0	0	0	0	3
2025-08-20 18:44:00+00	NEW	IDLE	0	0	0	0	0	0	0
2025-08-20 18:52:00+00	OLD	SEALED_MIST	0	0	0	0	0	0	0
2025-08-20 18:52:00+00	NEW	IDLE	0	0	0	0	0	0	0
2025-08-20 18:54:00+00	OLD	SEALED_MIST	1	0	0	0	0	0	3
2025-08-20 18:54:00+00	NEW	IDLE	0	0	0	0	0	0	0
2025-08-20 18:56:00+00	OLD	SEALED_MIST	0	0	0	0	0	0	2
2025-08-20 18:56:00+00	NEW	IDLE	0	0	0	0	0	0	0
2025-08-20 19:06:00+00	OLD	SEALED_MIST	0	0	0	0	0	0	0
2025-08-20 19:06:00+00	NEW	IDLE	0	0	0	0	0	0	0
2025-08-20 19:08:00+00	OLD	SEALED_MIST	0	0	0	0	0	0	1
2025-08-20 19:08:00+00	NEW	IDLE	0	0	0	0	0	0	0
2025-08-20 20:24:00+00	OLD	SEALED_MIST	0	0	0	0	0	0	0
2025-08-20 20:24:00+00	NEW	IDLE	0	0	0	0	0	0	0
2025-08-20 20:26:00+00	OLD	SEALED_MIST	0	0	0	0	0	0	1
2025-08-20 20:26:00+00	NEW	IDLE	0	0	0	0	0	0	0
2025-08-20 20:28:00+00	OLD	SEALED_MIST	0	0	0	0	0	0	1
2025-08-20 20:28:00+00	NEW	IDLE	0	0	0	0	0	0	0
2025-08-20 20:30:00+00	OLD	SEALED_MIST	0	0	0	0	0	0	1
2025-08-20 20:30:00+00	NEW	IDLE	0	0	0	0	0	0	0
2025-08-21 00:02:00+00	OLD	SEALED_MIST	0	0	0	0	0	0	0
2025-08-21 00:02:00+00	NEW	IDLE	0	0	0	0	0	0	0
2025-08-21 00:04:00+00	OLD	SEALED_MIST	0	0	0	0	0	0	1
2025-08-21 00:04:00+00	NEW	IDLE	0	0	0	0	0	0	0
2025-08-21 00:06:00+00	OLD	SEALED_MIST	0	0	0	0	0	0	1
2025-08-21 00:06:00+00	NEW	IDLE	0	0	0	0	0	0	0
2025-08-21 00:08:00+00	OLD	SEALED_MIST	0	0	0	0	0	0	1
2025-08-21 00:08:00+00	NEW	IDLE	0	0	0	0	0	0	0
2025-08-21 00:20:00+00	OLD	SEALED_MIST	1	0	0	0	0	0	3
2025-08-21 00:20:00+00	NEW	IDLE	0	0	0	0	0	0	0
2025-08-21 00:22:00+00	OLD	SEALED_MIST	1	0	0	0	0	0	3
2025-08-21 00:22:00+00	NEW	IDLE	0	0	0	0	0	0	0
2025-08-21 00:24:00+00	OLD	SEALED_MIST	0	0	0	0	0	0	2
2025-08-21 00:24:00+00	NEW	IDLE	0	0	0	0	0	0	0
2025-08-21 00:30:00+00	OLD	SEALED_MIST	0	0	0	0	0	0	0
2025-08-21 00:30:00+00	NEW	IDLE	0	0	0	0	0	0	0
2025-08-21 00:32:00+00	OLD	SEALED_MIST	0	0	0	0	0	0	1
2025-08-21 00:32:00+00	NEW	IDLE	0	0	0	0	0	0	0
2025-08-21 00:34:00+00	OLD	SEALED_MIST	0	0	0	0	0	0	1
2025-08-21 00:34:00+00	NEW	IDLE	0	0	0	0	0	0	0
2025-08-21 00:36:00+00	OLD	SEALED_MIST	1	0	0	0	0	0	3
2025-08-21 00:36:00+00	NEW	IDLE	0	0	0	0	0	0	0
2025-08-21 00:48:00+00	OLD	SEALED_MIST	1	0	0	0	0	0	3
2025-08-21 00:48:00+00	NEW	IDLE	0	0	0	0	0	0	0
2025-08-21 00:50:00+00	OLD	SEALED_MIST	1	0	0	0	0	0	3
2025-08-21 00:50:00+00	NEW	IDLE	0	0	0	0	0	0	0
2025-08-21 00:52:00+00	OLD	SEALED_MIST	1	0	0	0	0	0	3
2025-08-21 00:52:00+00	NEW	IDLE	0	0	0	0	0	0	0
2025-08-21 00:54:00+00	OLD	SEALED_MIST	1	0	0	0	0	0	3
2025-08-21 00:54:00+00	NEW	IDLE	0	0	0	0	0	0	0
2025-08-21 01:06:00+00	OLD	SEALED_MIST	0	0	0	0	0	0	0
2025-08-21 01:06:00+00	NEW	IDLE	0	0	0	0	0	0	0
2025-08-21 01:08:00+00	OLD	SEALED_MIST	0	0	0	0	0	0	1
2025-08-21 01:08:00+00	NEW	IDLE	0	0	0	0	0	0	0
2025-08-21 01:10:00+00	OLD	SEALED_MIST	0	0	0	0	0	0	1
2025-08-21 01:10:00+00	NEW	IDLE	0	0	0	0	0	0	0
2025-08-21 01:12:00+00	OLD	SEALED_MIST	0	0	0	0	0	0	1
2025-08-21 01:12:00+00	NEW	IDLE	0	0	0	0	0	0	0
2025-08-21 01:24:00+00	OLD	SEALED_MIST	0	0	0	0	0	0	0
2025-08-21 01:24:00+00	NEW	IDLE	0	0	0	0	0	0	0
2025-08-21 01:26:00+00	OLD	SEALED_MIST	0	0	0	0	0	0	1
2025-08-21 01:26:00+00	NEW	IDLE	0	0	0	0	0	0	0
2025-08-21 01:28:00+00	OLD	SEALED_MIST	0	0	0	0	0	0	1
2025-08-21 01:28:00+00	NEW	IDLE	0	0	0	0	0	0	0
2025-08-21 01:30:00+00	OLD	SEALED_MIST	0	0	0	0	0	0	1
2025-08-21 01:30:00+00	NEW	IDLE	0	0	0	0	0	0	0
2025-08-21 01:42:00+00	OLD	SEALED_MIST	0	0	0	0	0	0	0
2025-08-21 01:42:00+00	NEW	IDLE	0	0	0	0	0	0	0
2025-08-21 01:44:00+00	OLD	SEALED_MIST	0	0	0	0	0	0	1
2025-08-21 01:44:00+00	NEW	IDLE	0	0	0	0	0	0	0
2025-08-21 01:46:00+00	OLD	SEALED_MIST	0	0	0	0	0	0	1
2025-08-21 01:46:00+00	NEW	IDLE	0	0	0	0	0	0	0
2025-08-21 18:02:00+00	OLD	SEALED_MIST	1	0	0	0	0	0	3
2025-08-21 18:02:00+00	NEW	IDLE	0	0	0	0	0	0	0
2025-08-21 18:04:00+00	OLD	SEALED_MIST	1	0	0	0	0	0	3
2025-08-21 18:04:00+00	NEW	IDLE	0	0	0	0	0	0	0
2025-08-21 18:10:00+00	OLD	SEALED_MIST	0	0	0	0	0	0	0
2025-08-21 18:10:00+00	NEW	IDLE	0	0	0	0	0	0	0
2025-08-21 18:12:00+00	OLD	SEALED_MIST	0	0	0	0	0	0	1
2025-08-21 18:12:00+00	NEW	IDLE	0	0	0	0	0	0	0
2025-08-21 18:14:00+00	OLD	SEALED_MIST	1	0	0	0	0	0	3
2025-08-21 18:14:00+00	NEW	IDLE	0	0	0	0	0	0	0
2025-08-21 18:16:00+00	OLD	SEALED_MIST	1	0	0	0	0	0	3
2025-08-21 18:16:00+00	NEW	IDLE	0	0	0	0	0	0	0
2025-08-21 18:24:00+00	OLD	SEALED_MIST	0	0	0	0	0	0	0
2025-08-21 18:24:00+00	NEW	IDLE	0	0	0	0	0	0	0
2025-08-21 18:26:00+00	OLD	SEALED_MIST	1	0	0	0	0	0	3
2025-08-21 18:26:00+00	NEW	IDLE	0	0	0	0	0	0	0
2025-08-21 18:28:00+00	OLD	SEALED_MIST	1	0	0	0	0	0	3
2025-08-21 18:28:00+00	NEW	IDLE	0	0	0	0	0	0	0
2025-08-21 18:36:00+00	OLD	SEALED_MIST	0	0	0	0	0	0	0
2025-08-21 18:36:00+00	NEW	IDLE	0	0	0	0	0	0	0
2025-08-21 18:38:00+00	OLD	SEALED_MIST	1	0	0	0	0	0	3
2025-08-21 18:38:00+00	NEW	IDLE	0	0	0	0	0	0	0
2025-08-21 18:40:00+00	OLD	SEALED_MIST	0	0	0	0	0	0	2
2025-08-21 18:40:00+00	NEW	IDLE	0	0	0	0	0	0	0
2025-08-21 18:48:00+00	OLD	SEALED_MIST	0	0	0	0	0	0	0
2025-08-21 18:48:00+00	NEW	IDLE	0	0	0	0	0	0	0
2025-08-21 18:50:00+00	OLD	SEALED_MIST	1	0	0	0	0	0	3
2025-08-21 18:50:00+00	NEW	IDLE	0	0	0	0	0	0	0
2025-08-21 18:52:00+00	OLD	SEALED_MIST	0	0	0	0	0	0	2
2025-08-21 18:52:00+00	NEW	IDLE	0	0	0	0	0	0	0
2025-08-21 19:08:00+00	OLD	SEALED_MIST	0	0	0	0	0	0	0
2025-08-21 19:08:00+00	NEW	IDLE	0	0	0	0	0	0	0
2025-08-21 19:10:00+00	OLD	SEALED_MIST	0	0	0	0	0	0	1
2025-08-21 19:10:00+00	NEW	IDLE	0	0	0	0	0	0	0
2025-08-21 19:12:00+00	OLD	SEALED_MIST	0	0	0	0	0	0	1
2025-08-21 19:12:00+00	NEW	IDLE	0	0	0	0	0	0	0
2025-08-21 19:54:00+00	OLD	SEALED_MIST	0	0	0	0	0	0	0
2025-08-21 19:54:00+00	NEW	IDLE	0	0	0	0	0	0	0
2025-08-21 19:56:00+00	OLD	SEALED_MIST	0	0	0	0	0	0	1
2025-08-21 19:56:00+00	NEW	IDLE	0	0	0	0	0	0	0
2025-08-21 19:58:00+00	OLD	SEALED_MIST	0	0	0	0	0	0	1
2025-08-21 19:58:00+00	NEW	IDLE	0	0	0	0	0	0	0
2025-08-21 20:00:00+00	OLD	SEALED_MIST	0	0	0	0	0	0	1
2025-08-21 20:00:00+00	NEW	IDLE	0	0	0	0	0	0	0
2025-08-21 20:12:00+00	OLD	SEALED_MIST	0	0	0	0	0	0	0
2025-08-21 20:12:00+00	NEW	IDLE	0	0	0	0	0	0	0
2025-08-22 00:04:00+00	OLD	SEALED_MIST	0	0	0	0	0	0	0
2025-08-22 00:04:00+00	NEW	IDLE	0	0	0	0	0	0	0
2025-08-22 00:06:00+00	OLD	SEALED_MIST	1	0	0	0	0	0	3
2025-08-22 00:06:00+00	NEW	IDLE	0	0	0	0	0	0	0
2025-08-22 00:08:00+00	OLD	SEALED_MIST	1	0	0	0	0	0	3
2025-08-22 00:08:00+00	NEW	IDLE	0	0	0	0	0	0	0
2025-08-22 00:10:00+00	OLD	SEALED_MIST	1	0	0	0	0	0	3
2025-08-22 00:10:00+00	NEW	IDLE	0	0	0	0	0	0	0
2025-08-22 00:20:00+00	OLD	SEALED_MIST	0	0	0	0	0	0	0
2025-08-22 00:20:00+00	NEW	IDLE	0	0	0	0	0	0	0
2025-08-22 00:22:00+00	OLD	SEALED_MIST	0	0	0	0	0	0	1
2025-08-22 00:22:00+00	NEW	IDLE	0	0	0	0	0	0	0
2025-08-22 00:24:00+00	OLD	SEALED_MIST	1	0	0	0	0	0	3
2025-08-22 00:24:00+00	NEW	IDLE	0	0	0	0	0	0	0
2025-08-22 00:26:00+00	OLD	SEALED_MIST	1	0	0	0	0	0	3
2025-08-22 00:26:00+00	NEW	IDLE	0	0	0	0	0	0	0
2025-08-22 00:38:00+00	OLD	SEALED_MIST	1	0	0	0	0	0	3
2025-08-22 00:38:00+00	NEW	IDLE	0	0	0	0	0	0	0
2025-08-22 00:40:00+00	OLD	SEALED_MIST	1	0	0	0	0	0	3
2025-08-22 00:40:00+00	NEW	IDLE	0	0	0	0	0	0	0
2025-08-22 00:42:00+00	OLD	SEALED_MIST	1	0	0	0	0	0	3
2025-08-22 00:42:00+00	NEW	IDLE	0	0	0	0	0	0	0
2025-08-22 00:44:00+00	OLD	SEALED_MIST	1	0	0	0	0	0	3
2025-08-22 00:44:00+00	NEW	IDLE	0	0	0	0	0	0	0
2025-08-22 00:56:00+00	OLD	SEALED_MIST	1	0	0	0	0	0	3
2025-08-22 00:56:00+00	NEW	IDLE	0	0	0	0	0	0	0
2025-08-22 00:58:00+00	OLD	SEALED_MIST	1	0	0	0	0	0	3
2025-08-22 00:58:00+00	NEW	IDLE	0	0	0	0	0	0	0
2025-08-22 01:00:00+00	OLD	SEALED_MIST	1	0	0	0	0	0	3
2025-08-22 01:00:00+00	NEW	IDLE	0	0	0	0	0	0	0
2025-08-22 01:02:00+00	OLD	SEALED_MIST	1	0	0	0	0	0	3
2025-08-22 01:02:00+00	NEW	IDLE	0	0	0	0	0	0	0
2025-08-22 01:14:00+00	OLD	SEALED_MIST	0	0	0	0	0	0	0
2025-08-22 01:14:00+00	NEW	IDLE	0	0	0	0	0	0	0
2025-08-22 01:16:00+00	OLD	SEALED_MIST	0	0	0	0	0	0	1
2025-08-22 01:16:00+00	NEW	IDLE	0	0	0	0	0	0	0
2025-08-22 01:18:00+00	OLD	SEALED_MIST	0	0	0	0	0	0	1
2025-08-22 01:18:00+00	NEW	IDLE	0	0	0	0	0	0	0
2025-08-22 01:20:00+00	OLD	SEALED_MIST	0	0	0	0	0	0	1
2025-08-22 01:20:00+00	NEW	IDLE	0	0	0	0	0	0	0
2025-08-22 01:32:00+00	OLD	SEALED_MIST	0	0	0	0	0	0	0
2025-08-22 01:32:00+00	NEW	IDLE	0	0	0	0	0	0	0
2025-08-22 01:34:00+00	OLD	SEALED_MIST	0	0	0	0	0	0	1
2025-08-22 01:34:00+00	NEW	IDLE	0	0	0	0	0	0	0
2025-08-22 01:36:00+00	OLD	SEALED_MIST	0	0	0	0	0	0	1
2025-08-22 01:36:00+00	NEW	IDLE	0	0	0	0	0	0	0
2025-08-22 01:38:00+00	OLD	SEALED_MIST	0	0	0	0	0	0	1
2025-08-22 01:38:00+00	NEW	IDLE	0	0	0	0	0	0	0
2025-08-22 01:50:00+00	OLD	SEALED_MIST	0	0	0	0	0	0	0
2025-08-22 01:50:00+00	NEW	IDLE	0	0	0	0	0	0	0
2025-08-22 01:56:00+00	OLD	SEALED_MIST	0	0	0	0	0	0	1
2025-08-22 01:56:00+00	NEW	IDLE	0	0	0	0	0	0	0
2025-08-22 02:14:00+00	OLD	SEALED_MIST	0	0	0	0	0	0	0
2025-08-22 02:14:00+00	NEW	IDLE	0	0	0	0	0	0	0
2025-08-22 18:06:00+00	OLD	SEALED_MIST	0	0	0	0	0	0	0
2025-08-22 18:06:00+00	NEW	IDLE	0	0	0	0	0	0	0
2025-08-22 18:08:00+00	OLD	SEALED_MIST	0	0	0	0	0	0	1
2025-08-22 18:08:00+00	NEW	IDLE	0	0	0	0	0	0	0
2025-08-22 18:10:00+00	OLD	SEALED_MIST	0	0	0	0	0	0	1
2025-08-22 18:10:00+00	NEW	IDLE	0	0	0	0	0	0	0
2025-08-22 18:12:00+00	OLD	SEALED_MIST	0	0	0	0	0	0	1
2025-08-22 18:12:00+00	NEW	IDLE	0	0	0	0	0	0	0
2025-08-22 18:24:00+00	OLD	SEALED_MIST	0	0	0	0	0	0	0
2025-08-22 18:24:00+00	NEW	IDLE	0	0	0	0	0	0	0
2025-08-22 18:26:00+00	OLD	SEALED_MIST	0	0	0	0	0	0	1
2025-08-22 18:26:00+00	NEW	IDLE	0	0	0	0	0	0	0
2025-08-23 18:46:00+00	OLD	SEALED_MIST	0	0	0	0	0	0	0
2025-08-23 18:46:00+00	NEW	IDLE	0	0	0	0	0	0	0
2025-08-23 18:48:00+00	OLD	SEALED_MIST	0	0	0	0	0	0	1
2025-08-23 18:48:00+00	NEW	IDLE	0	0	0	0	0	0	0
2025-08-23 18:50:00+00	OLD	SEALED_MIST	0	0	0	0	0	0	1
2025-08-23 18:50:00+00	NEW	IDLE	0	0	0	0	0	0	0
2025-08-23 18:52:00+00	OLD	SEALED_MIST	0	0	0	0	0	0	1
2025-08-23 18:52:00+00	NEW	IDLE	0	0	0	0	0	0	0
2025-08-23 19:06:00+00	OLD	SEALED_MIST	0	0	0	0	0	0	0
2025-08-23 19:06:00+00	NEW	IDLE	0	0	0	0	0	0	0
2025-08-23 19:08:00+00	OLD	SEALED_MIST	0	0	0	0	0	0	1
2025-08-23 19:08:00+00	NEW	IDLE	0	0	0	0	0	0	0
2025-08-23 19:22:00+00	OLD	SEALED_MIST	0	0	0	0	0	0	0
2025-08-23 19:22:00+00	NEW	IDLE	0	0	0	0	0	0	0
2025-08-23 19:24:00+00	OLD	SEALED_MIST	0	0	0	0	0	0	1
2025-08-23 19:24:00+00	NEW	IDLE	0	0	0	0	0	0	0
2025-08-23 19:36:00+00	OLD	SEALED_MIST	0	0	0	0	0	0	0
2025-08-23 19:36:00+00	NEW	IDLE	0	0	0	0	0	0	0
2025-08-23 19:38:00+00	OLD	SEALED_MIST	0	0	0	0	0	0	1
2025-08-23 19:38:00+00	NEW	IDLE	0	0	0	0	0	0	0
2025-08-23 20:10:00+00	OLD	SEALED_MIST	0	0	0	0	0	0	0
2025-08-23 20:10:00+00	NEW	IDLE	0	0	0	0	0	0	0
2025-08-23 20:12:00+00	OLD	SEALED_MIST	0	0	0	0	0	0	1
2025-08-23 20:12:00+00	NEW	IDLE	0	0	0	0	0	0	0
2025-08-23 20:14:00+00	OLD	SEALED_MIST	0	0	0	0	0	0	1
2025-08-23 20:14:00+00	NEW	IDLE	0	0	0	0	0	0	0
2025-08-23 20:16:00+00	OLD	SEALED_MIST	0	0	0	0	0	0	1
2025-08-23 20:16:00+00	NEW	IDLE	0	0	0	0	0	0	0
2025-08-23 20:26:00+00	OLD	SEALED_MIST	0	0	0	0	0	0	0
2025-08-23 20:26:00+00	NEW	IDLE	0	0	0	0	0	0	0
2025-08-23 20:28:00+00	OLD	SEALED_MIST	0	0	0	0	0	0	1
2025-08-23 20:28:00+00	NEW	IDLE	0	0	0	0	0	0	0
2025-08-23 20:30:00+00	OLD	SEALED_MIST	0	0	0	0	0	0	1
2025-08-23 20:30:00+00	NEW	IDLE	0	0	0	0	0	0	0
2025-08-23 20:32:00+00	OLD	SEALED_MIST	0	0	0	0	0	0	1
2025-08-23 20:32:00+00	NEW	IDLE	0	0	0	0	0	0	0
2025-08-23 20:46:00+00	OLD	SEALED_MIST	0	0	0	0	0	0	0
2025-08-23 20:46:00+00	NEW	IDLE	0	0	0	0	0	0	0
2025-08-23 20:48:00+00	OLD	SEALED_MIST	0	0	0	0	0	0	1
2025-08-23 20:48:00+00	NEW	IDLE	0	0	0	0	0	0	0
2025-08-23 20:50:00+00	OLD	SEALED_MIST	0	0	0	0	0	0	1
2025-08-23 20:50:00+00	NEW	IDLE	0	0	0	0	0	0	0
2025-08-23 20:52:00+00	OLD	SEALED_MIST	0	0	0	0	0	0	1
2025-08-23 20:52:00+00	NEW	IDLE	0	0	0	0	0	0	0
2025-08-24 19:12:00+00	OLD	SEALED_MIST	0	0	0	0	0	0	0
2025-08-24 19:12:00+00	NEW	IDLE	0	0	0	0	0	0	0
2025-08-24 19:14:00+00	OLD	SEALED_MIST	0	0	0	0	0	0	1
2025-08-24 19:14:00+00	NEW	IDLE	0	0	0	0	0	0	0
2025-08-24 19:38:00+00	OLD	SEALED_MIST	0	0	0	0	0	0	0
2025-08-24 19:38:00+00	NEW	IDLE	0	0	0	0	0	0	0
2025-08-24 19:40:00+00	OLD	SEALED_MIST	0	0	0	0	0	0	1
2025-08-24 19:40:00+00	NEW	IDLE	0	0	0	0	0	0	0
2025-08-24 19:42:00+00	OLD	SEALED_MIST	0	0	0	0	0	0	1
2025-08-24 19:42:00+00	NEW	IDLE	0	0	0	0	0	0	0
2025-08-24 19:44:00+00	OLD	SEALED_MIST	0	0	0	0	0	0	1
2025-08-24 19:44:00+00	NEW	IDLE	0	0	0	0	0	0	0
2025-08-24 19:56:00+00	OLD	SEALED_MIST	0	0	0	0	0	0	0
2025-08-24 19:56:00+00	NEW	IDLE	0	0	0	0	0	0	0
2025-08-24 19:58:00+00	OLD	SEALED_MIST	0	0	0	0	0	0	1
2025-08-24 19:58:00+00	NEW	IDLE	0	0	0	0	0	0	0
2025-08-24 20:00:00+00	OLD	SEALED_MIST	0	0	0	0	0	0	1
2025-08-24 20:00:00+00	NEW	IDLE	0	0	0	0	0	0	0
2025-08-24 20:02:00+00	OLD	SEALED_MIST	0	0	0	0	0	0	1
2025-08-24 20:02:00+00	NEW	IDLE	0	0	0	0	0	0	0
2025-08-27 18:30:00+00	OLD	SEALED_MIST	0	0	0	0	0	0	0
2025-08-27 18:30:00+00	NEW	IDLE	0	0	0	0	0	0	0
2025-08-27 18:32:00+00	OLD	SEALED_MIST	0	0	0	0	0	0	1
2025-08-27 18:32:00+00	NEW	IDLE	0	0	0	0	0	0	0
2025-08-27 18:34:00+00	OLD	SEALED_MIST	0	0	0	0	0	0	1
2025-08-27 18:34:00+00	NEW	IDLE	0	0	0	0	0	0	0
2025-08-27 18:36:00+00	OLD	SEALED_MIST	0	0	0	0	0	0	1
2025-08-27 18:36:00+00	NEW	IDLE	0	0	0	0	0	0	0
2025-08-27 18:50:00+00	OLD	SEALED_MIST	0	0	0	0	0	0	0
2025-08-27 18:50:00+00	NEW	IDLE	0	0	0	0	0	0	0
2025-08-27 18:52:00+00	OLD	SEALED_MIST	0	0	0	0	0	0	1
2025-08-27 18:52:00+00	NEW	IDLE	0	0	0	0	0	0	0
2025-08-27 19:02:00+00	OLD	SEALED_MIST	0	0	0	0	0	0	0
2025-08-27 19:02:00+00	NEW	IDLE	0	0	0	0	0	0	0
2025-08-27 19:04:00+00	OLD	SEALED_MIST	0	0	0	0	0	0	1
2025-08-27 19:04:00+00	NEW	IDLE	0	0	0	0	0	0	0
2025-08-27 19:06:00+00	OLD	SEALED_MIST	0	0	0	0	0	0	1
2025-08-27 19:06:00+00	NEW	IDLE	0	0	0	0	0	0	0
2025-08-27 19:36:00+00	OLD	SEALED_MIST	0	0	0	0	0	0	0
2025-08-27 19:36:00+00	NEW	IDLE	0	0	0	0	0	0	0
2025-08-27 19:38:00+00	OLD	SEALED_MIST	0	0	0	0	0	0	1
2025-08-27 19:38:00+00	NEW	IDLE	0	0	0	0	0	0	0
2025-08-27 20:28:00+00	OLD	SEALED_MIST	0	0	0	0	0	0	0
2025-08-27 20:28:00+00	NEW	IDLE	0	0	0	0	0	0	0
2025-08-27 20:32:00+00	OLD	SEALED_MIST	0	0	0	0	0	0	0
2025-08-27 20:32:00+00	NEW	IDLE	0	0	0	0	0	0	0
2025-08-27 20:34:00+00	OLD	SEALED_MIST	0	0	0	0	0	0	1
2025-08-27 20:34:00+00	NEW	IDLE	0	0	0	0	0	0	0
2025-08-27 20:36:00+00	OLD	SEALED_MIST	0	0	0	0	0	0	1
2025-08-27 20:36:00+00	NEW	IDLE	0	0	0	0	0	0	0
2025-08-27 20:38:00+00	OLD	SEALED_MIST	0	0	0	0	0	0	1
2025-08-27 20:38:00+00	NEW	IDLE	0	0	0	0	0	0	0
2025-08-27 21:06:00+00	OLD	SEALED_MIST	0	0	0	0	0	0	0
2025-08-27 21:06:00+00	NEW	IDLE	0	0	0	0	0	0	0
2025-08-28 18:42:00+00	OLD	SEALED_MIST	0	0	0	0	0	0	0
2025-08-28 18:42:00+00	NEW	IDLE	0	0	0	0	0	0	0
2025-08-28 18:44:00+00	OLD	SEALED_MIST	0	0	0	0	0	0	1
2025-08-28 18:44:00+00	NEW	IDLE	0	0	0	0	0	0	0
2025-08-28 18:46:00+00	OLD	SEALED_MIST	0	0	0	0	0	0	1
2025-08-28 18:46:00+00	NEW	IDLE	0	0	0	0	0	0	0
2025-08-28 18:48:00+00	OLD	SEALED_MIST	1	0	0	0	0	0	3
2025-08-28 18:48:00+00	NEW	IDLE	0	0	0	0	0	0	0
2025-08-28 18:56:00+00	OLD	SEALED_MIST	0	0	0	0	0	0	0
2025-08-28 18:56:00+00	NEW	IDLE	0	0	0	0	0	0	0
2025-08-28 18:58:00+00	OLD	SEALED_MIST	1	0	0	0	0	0	3
2025-08-28 18:58:00+00	NEW	IDLE	0	0	0	0	0	0	0
2025-08-28 19:00:00+00	OLD	SEALED_MIST	0	0	0	0	0	0	3
2025-08-28 19:00:00+00	NEW	IDLE	0	0	0	0	0	0	0
2025-08-28 19:10:00+00	OLD	SEALED_MIST	0	0	0	0	0	0	0
2025-08-28 19:10:00+00	NEW	IDLE	0	0	0	0	0	0	0
2025-08-28 19:12:00+00	OLD	SEALED_MIST	0	0	0	0	0	0	1
2025-08-28 19:12:00+00	NEW	IDLE	0	0	0	0	0	0	0
2025-08-28 19:14:00+00	OLD	SEALED_MIST	0	0	0	0	0	0	1
2025-08-28 19:14:00+00	NEW	IDLE	0	0	0	0	0	0	0
2025-08-28 19:16:00+00	OLD	SEALED_MIST	0	0	0	0	0	0	1
2025-08-28 19:16:00+00	NEW	IDLE	0	0	0	0	0	0	0
2025-08-28 19:26:00+00	OLD	SEALED_MIST	0	0	0	0	0	0	0
2025-08-28 19:26:00+00	NEW	IDLE	0	0	0	0	0	0	0
2025-08-28 19:28:00+00	OLD	SEALED_MIST	0	0	0	0	0	0	1
2025-08-28 19:28:00+00	NEW	IDLE	0	0	0	0	0	0	0
2025-08-28 19:38:00+00	OLD	SEALED_MIST	0	0	0	0	0	0	0
2025-08-28 19:38:00+00	NEW	IDLE	0	0	0	0	0	0	0
2025-08-28 19:40:00+00	OLD	SEALED_MIST	0	0	0	0	0	0	1
2025-08-28 19:40:00+00	NEW	IDLE	0	0	0	0	0	0	0
2025-08-28 19:42:00+00	OLD	SEALED_MIST	0	0	0	0	0	0	1
2025-08-28 19:42:00+00	NEW	IDLE	0	0	0	0	0	0	0
2025-08-28 19:50:00+00	OLD	SEALED_MIST	0	0	0	0	0	0	0
2025-08-28 19:50:00+00	NEW	IDLE	0	0	0	0	0	0	0
2025-08-28 19:52:00+00	OLD	SEALED_MIST	0	0	0	0	0	0	1
2025-08-28 19:52:00+00	NEW	IDLE	0	0	0	0	0	0	0
2025-08-28 19:54:00+00	OLD	SEALED_MIST	0	0	0	0	0	0	1
2025-08-28 19:54:00+00	NEW	IDLE	0	0	0	0	0	0	0
2025-08-28 20:10:00+00	OLD	SEALED_MIST	0	0	0	0	0	0	0
2025-08-28 20:10:00+00	NEW	IDLE	0	0	0	0	0	0	0
2025-08-28 20:12:00+00	OLD	SEALED_MIST	0	0	0	0	0	0	1
2025-08-28 20:12:00+00	NEW	IDLE	0	0	0	0	0	0	0
2025-08-28 20:14:00+00	OLD	SEALED_MIST	0	0	0	0	0	0	1
2025-08-28 20:14:00+00	NEW	IDLE	0	0	0	0	0	0	0
2025-08-28 20:30:00+00	OLD	SEALED_MIST	0	0	0	0	0	0	0
2025-08-28 20:30:00+00	NEW	IDLE	0	0	0	0	0	0	0
2025-08-28 20:32:00+00	OLD	SEALED_MIST	0	0	0	0	0	0	1
2025-08-28 20:32:00+00	NEW	IDLE	0	0	0	0	0	0	0
2025-08-28 20:54:00+00	OLD	SEALED_MIST	0	0	0	0	0	0	0
2025-08-28 20:54:00+00	NEW	IDLE	0	0	0	0	0	0	0
2025-08-28 20:56:00+00	OLD	SEALED_MIST	0	0	0	0	0	0	1
2025-08-28 20:56:00+00	NEW	IDLE	0	0	0	0	0	0	0
2025-08-28 20:58:00+00	OLD	SEALED_MIST	0	0	0	0	0	0	1
2025-08-28 20:58:00+00	NEW	IDLE	0	0	0	0	0	0	0
2025-08-28 21:00:00+00	OLD	SEALED_MIST	0	0	0	0	0	0	1
2025-08-28 21:00:00+00	NEW	IDLE	0	0	0	0	0	0	0
2025-08-28 21:24:00+00	OLD	SEALED_MIST	0	0	0	0	0	0	0
2025-08-28 21:24:00+00	NEW	IDLE	0	0	0	0	0	0	0
2025-08-28 21:26:00+00	OLD	SEALED_MIST	0	0	0	0	0	0	1
2025-08-28 21:26:00+00	NEW	IDLE	0	0	0	0	0	0	0
2025-08-28 21:28:00+00	OLD	SEALED_MIST	0	0	0	0	0	0	1
2025-08-28 21:28:00+00	NEW	IDLE	0	0	0	0	0	0	0
2025-08-28 21:38:00+00	OLD	SEALED_MIST	0	0	0	0	0	0	0
2025-08-28 21:38:00+00	NEW	IDLE	0	0	0	0	0	0	0
2025-08-28 21:40:00+00	OLD	SEALED_MIST	0	0	0	0	0	0	1
2025-08-28 21:40:00+00	NEW	IDLE	0	0	0	0	0	0	0
2025-08-28 21:42:00+00	OLD	SEALED_MIST	0	0	0	0	0	0	1
2025-08-28 21:42:00+00	NEW	IDLE	0	0	0	0	0	0	0
2025-08-28 21:44:00+00	OLD	SEALED_MIST	0	0	0	0	0	0	1
2025-08-28 21:44:00+00	NEW	IDLE	0	0	0	0	0	0	0
2025-08-28 21:56:00+00	OLD	SEALED_MIST	0	0	0	0	0	0	0
2025-08-28 21:56:00+00	NEW	IDLE	0	0	0	0	0	0	0
2025-08-28 21:58:00+00	OLD	SEALED_MIST	0	0	0	0	0	0	1
2025-08-28 21:58:00+00	NEW	IDLE	0	0	0	0	0	0	0
2025-08-29 18:54:00+00	OLD	SEALED_MIST	0	0	0	0	0	0	0
2025-08-29 18:54:00+00	NEW	IDLE	0	0	0	0	0	0	0
2025-08-29 18:56:00+00	OLD	SEALED_MIST	0	0	0	0	0	0	1
2025-08-29 18:56:00+00	NEW	IDLE	0	0	0	0	0	0	0
2025-08-29 18:58:00+00	OLD	SEALED_MIST	0	0	0	0	0	0	1
2025-08-29 18:58:00+00	NEW	IDLE	0	0	0	0	0	0	0
2025-08-29 19:00:00+00	OLD	SEALED_MIST	0	0	0	0	0	0	1
2025-08-29 19:00:00+00	NEW	IDLE	0	0	0	0	0	0	0
2025-08-29 19:16:00+00	OLD	SEALED_MIST	0	0	0	0	0	0	0
2025-08-29 19:16:00+00	NEW	IDLE	0	0	0	0	0	0	0
2025-08-29 19:18:00+00	OLD	SEALED_MIST	0	0	0	0	0	0	1
2025-08-29 19:18:00+00	NEW	IDLE	0	0	0	0	0	0	0
2025-08-29 19:20:00+00	OLD	SEALED_MIST	0	0	0	0	0	0	1
2025-08-29 19:20:00+00	NEW	IDLE	0	0	0	0	0	0	0
2025-08-29 19:22:00+00	OLD	SEALED_MIST	0	0	0	0	0	0	1
2025-08-29 19:22:00+00	NEW	IDLE	0	0	0	0	0	0	0
2025-08-29 19:34:00+00	OLD	SEALED_MIST	0	0	0	0	0	0	0
2025-08-29 19:34:00+00	NEW	IDLE	0	0	0	0	0	0	0
2025-08-29 19:36:00+00	OLD	SEALED_MIST	0	0	0	0	0	0	1
2025-08-29 19:36:00+00	NEW	IDLE	0	0	0	0	0	0	0
2025-08-29 19:38:00+00	OLD	SEALED_MIST	0	0	0	0	0	0	1
2025-08-29 19:38:00+00	NEW	IDLE	0	0	0	0	0	0	0
2025-08-29 19:50:00+00	OLD	SEALED_MIST	0	0	0	0	0	0	0
2025-08-29 19:50:00+00	NEW	IDLE	0	0	0	0	0	0	0
2025-08-29 19:52:00+00	OLD	SEALED_MIST	0	0	0	0	0	0	1
2025-08-29 19:52:00+00	NEW	IDLE	0	0	0	0	0	0	0
2025-08-29 19:54:00+00	OLD	SEALED_MIST	0	0	0	0	0	0	1
2025-08-29 19:54:00+00	NEW	IDLE	0	0	0	0	0	0	0
2025-08-29 20:16:00+00	OLD	SEALED_MIST	0	0	0	0	0	0	0
2025-08-29 20:16:00+00	NEW	IDLE	0	0	0	0	0	0	0
2025-08-29 20:18:00+00	OLD	SEALED_MIST	0	0	0	0	0	0	1
2025-08-29 20:18:00+00	NEW	IDLE	0	0	0	0	0	0	0
2025-08-29 20:20:00+00	OLD	SEALED_MIST	0	0	0	0	0	0	1
2025-08-29 20:20:00+00	NEW	IDLE	0	0	0	0	0	0	0
2025-08-29 20:22:00+00	OLD	SEALED_MIST	0	0	0	0	0	0	1
2025-08-29 20:22:00+00	NEW	IDLE	0	0	0	0	0	0	0
2025-08-29 20:46:00+00	OLD	SEALED_MIST	0	0	0	0	0	0	0
2025-08-29 20:46:00+00	NEW	IDLE	0	0	0	0	0	0	0
2025-08-29 20:48:00+00	OLD	SEALED_MIST	0	0	0	0	0	0	1
2025-08-29 20:48:00+00	NEW	IDLE	0	0	0	0	0	0	0
2025-08-29 20:50:00+00	OLD	SEALED_MIST	0	0	0	0	0	0	1
2025-08-29 20:50:00+00	NEW	IDLE	0	0	0	0	0	0	0
2025-08-29 20:52:00+00	OLD	SEALED_MIST	0	0	0	0	0	0	1
2025-08-29 20:52:00+00	NEW	IDLE	0	0	0	0	0	0	0
2025-08-29 21:04:00+00	OLD	SEALED_MIST	0	0	0	0	0	0	0
2025-08-29 21:04:00+00	NEW	IDLE	0	0	0	0	0	0	0
2025-08-29 21:06:00+00	OLD	SEALED_MIST	0	0	0	0	0	0	1
2025-08-29 21:06:00+00	NEW	IDLE	0	0	0	0	0	0	0
2025-08-29 21:08:00+00	OLD	SEALED_MIST	0	0	0	0	0	0	1
2025-08-29 21:08:00+00	NEW	IDLE	0	0	0	0	0	0	0
2025-08-29 21:10:00+00	OLD	SEALED_MIST	0	0	0	0	0	0	1
2025-08-29 21:10:00+00	NEW	IDLE	0	0	0	0	0	0	0
2025-08-29 21:22:00+00	OLD	SEALED_MIST	0	0	0	0	0	0	0
2025-08-29 21:22:00+00	NEW	IDLE	0	0	0	0	0	0	0
2025-08-29 21:24:00+00	OLD	SEALED_MIST	0	0	0	0	0	0	1
2025-08-29 21:24:00+00	NEW	IDLE	0	0	0	0	0	0	0
2025-08-29 21:26:00+00	OLD	SEALED_MIST	0	0	0	0	0	0	1
2025-08-29 21:26:00+00	NEW	IDLE	0	0	0	0	0	0	0
2025-08-29 21:28:00+00	OLD	SEALED_MIST	0	0	0	0	0	0	1
2025-08-29 21:28:00+00	NEW	IDLE	0	0	0	0	0	0	0
2025-08-29 21:40:00+00	OLD	SEALED_MIST	0	0	0	0	0	0	0
2025-08-29 21:40:00+00	NEW	IDLE	0	0	0	0	0	0	0
2025-08-29 21:42:00+00	OLD	SEALED_MIST	0	0	0	0	0	0	1
2025-08-29 21:42:00+00	NEW	IDLE	0	0	0	0	0	0	0
2025-08-29 21:44:00+00	OLD	SEALED_MIST	0	0	0	0	0	0	1
2025-08-29 21:44:00+00	NEW	IDLE	0	0	0	0	0	0	0
2025-08-29 21:46:00+00	OLD	SEALED_MIST	0	0	0	0	0	0	1
2025-08-29 21:46:00+00	NEW	IDLE	0	0	0	0	0	0	0
2025-08-29 21:58:00+00	OLD	SEALED_MIST	0	0	0	0	0	0	0
2025-08-29 21:58:00+00	NEW	IDLE	0	0	0	0	0	0	0
2025-08-30 18:30:00+00	OLD	SEALED_MIST	0	0	0	0	0	0	0
2025-08-30 18:30:00+00	NEW	IDLE	0	0	0	0	0	0	0
2025-08-30 18:32:00+00	OLD	SEALED_MIST	0	0	0	0	0	0	1
2025-08-30 18:32:00+00	NEW	IDLE	0	0	0	0	0	0	0
2025-08-30 18:34:00+00	OLD	SEALED_MIST	0	0	0	0	0	0	1
2025-08-30 18:34:00+00	NEW	IDLE	0	0	0	0	0	0	0
2025-08-30 18:36:00+00	OLD	SEALED_MIST	0	0	0	0	0	0	1
2025-08-30 18:36:00+00	NEW	IDLE	0	0	0	0	0	0	0
2025-08-30 18:48:00+00	OLD	SEALED_MIST	1	0	0	0	0	0	3
2025-08-30 18:48:00+00	NEW	IDLE	0	0	0	0	0	0	0
2025-08-30 18:50:00+00	OLD	SEALED_MIST	1	0	0	0	0	0	3
2025-08-30 18:50:00+00	NEW	IDLE	0	0	0	0	0	0	0
2025-08-30 18:52:00+00	OLD	SEALED_MIST	1	0	0	0	0	0	3
2025-08-30 18:52:00+00	NEW	IDLE	0	0	0	0	0	0	0
2025-08-30 18:54:00+00	OLD	SEALED_MIST	0	0	0	0	0	0	2
2025-08-30 18:54:00+00	NEW	IDLE	0	0	0	0	0	0	0
2025-08-30 18:58:00+00	OLD	SEALED_MIST	0	0	0	0	0	0	0
2025-08-30 18:58:00+00	NEW	IDLE	0	0	0	0	0	0	0
2025-08-30 19:00:00+00	OLD	SEALED_MIST	0	0	0	0	0	0	1
2025-08-30 19:00:00+00	NEW	IDLE	0	0	0	0	0	0	0
2025-08-30 19:02:00+00	OLD	SEALED_MIST	0	0	0	0	0	0	1
2025-08-30 19:02:00+00	NEW	IDLE	0	0	0	0	0	0	0
2025-08-30 19:04:00+00	OLD	SEALED_MIST	0	0	0	0	0	0	1
2025-08-30 19:04:00+00	NEW	IDLE	0	0	0	0	0	0	0
2025-08-30 19:16:00+00	OLD	SEALED_MIST	0	0	0	0	0	0	0
2025-08-30 19:16:00+00	NEW	IDLE	0	0	0	0	0	0	0
2025-08-30 19:18:00+00	OLD	SEALED_MIST	0	0	0	0	0	0	1
2025-08-30 19:18:00+00	NEW	IDLE	0	0	0	0	0	0	0
2025-08-30 19:20:00+00	OLD	SEALED_MIST	0	0	0	0	0	0	1
2025-08-30 19:20:00+00	NEW	IDLE	0	0	0	0	0	0	0
2025-08-30 19:22:00+00	OLD	SEALED_MIST	0	0	0	0	0	0	1
2025-08-30 19:22:00+00	NEW	IDLE	0	0	0	0	0	0	0
2025-08-30 19:34:00+00	OLD	SEALED_MIST	0	0	0	0	0	0	0
2025-08-30 19:34:00+00	NEW	IDLE	0	0	0	0	0	0	0
2025-08-30 19:36:00+00	OLD	SEALED_MIST	0	0	0	0	0	0	1
2025-08-30 19:36:00+00	NEW	IDLE	0	0	0	0	0	0	0
2025-08-30 19:38:00+00	OLD	SEALED_MIST	0	0	0	0	0	0	1
2025-08-30 19:38:00+00	NEW	IDLE	0	0	0	0	0	0	0
2025-08-30 19:48:00+00	OLD	SEALED_MIST	0	0	0	0	0	0	0
2025-08-30 19:48:00+00	NEW	IDLE	0	0	0	0	0	0	0
2025-08-30 19:50:00+00	OLD	SEALED_MIST	0	0	0	0	0	0	1
2025-08-30 19:50:00+00	NEW	IDLE	0	0	0	0	0	0	0
2025-08-30 19:52:00+00	OLD	SEALED_MIST	0	0	0	0	0	0	1
2025-08-30 19:52:00+00	NEW	IDLE	0	0	0	0	0	0	0
2025-08-30 19:54:00+00	OLD	SEALED_MIST	0	0	0	0	0	0	1
2025-08-30 19:54:00+00	NEW	IDLE	0	0	0	0	0	0	0
2025-08-31 18:02:00+00	OLD	SEALED_MIST	0	0	0	0	0	0	0
2025-08-31 18:02:00+00	NEW	IDLE	0	0	0	0	0	0	0
2025-08-31 18:04:00+00	OLD	SEALED_MIST	0	0	0	0	0	0	1
2025-08-31 18:04:00+00	NEW	IDLE	0	0	0	0	0	0	0
2025-08-31 18:06:00+00	OLD	SEALED_MIST	0	0	0	0	0	0	1
2025-08-31 18:06:00+00	NEW	IDLE	0	0	0	0	0	0	0
2025-08-31 18:08:00+00	OLD	SEALED_MIST	0	0	0	0	0	0	1
2025-08-31 18:08:00+00	NEW	IDLE	0	0	0	0	0	0	0
2025-08-31 18:20:00+00	OLD	SEALED_MIST	1	0	0	0	0	0	3
2025-08-31 18:20:00+00	NEW	IDLE	0	0	0	0	0	0	0
2025-08-31 18:22:00+00	OLD	SEALED_MIST	1	0	0	0	0	0	3
2025-08-31 18:22:00+00	NEW	IDLE	0	0	0	0	0	0	0
2025-08-31 18:24:00+00	OLD	SEALED_MIST	1	0	0	0	0	0	3
2025-08-31 18:24:00+00	NEW	IDLE	0	0	0	0	0	0	0
2025-08-31 18:26:00+00	OLD	SEALED_MIST	1	0	0	0	0	0	3
2025-08-31 18:26:00+00	NEW	IDLE	0	0	0	0	0	0	0
2025-08-31 18:38:00+00	OLD	SEALED_MIST	1	0	0	0	0	0	3
2025-08-31 18:38:00+00	NEW	IDLE	0	0	0	0	0	0	0
2025-08-31 18:40:00+00	OLD	SEALED_MIST	1	0	0	0	0	0	3
2025-08-31 18:40:00+00	NEW	IDLE	0	0	0	0	0	0	0
2025-08-31 18:42:00+00	OLD	SEALED_MIST	1	0	0	0	0	0	3
2025-08-31 18:42:00+00	NEW	IDLE	0	0	0	0	0	0	0
2025-08-31 18:44:00+00	OLD	SEALED_MIST	1	0	0	0	0	0	3
2025-08-31 18:44:00+00	NEW	IDLE	0	0	0	0	0	0	0
2025-08-31 18:56:00+00	OLD	SEALED_MIST	1	0	0	0	0	0	3
2025-08-31 18:56:00+00	NEW	IDLE	0	0	0	0	0	0	0
2025-08-31 18:58:00+00	OLD	SEALED_MIST	1	0	0	0	0	0	3
2025-08-31 18:58:00+00	NEW	IDLE	0	0	0	0	0	0	0
2025-08-31 19:00:00+00	OLD	SEALED_MIST	0	0	0	0	0	0	3
2025-08-31 19:00:00+00	NEW	IDLE	0	0	0	0	0	0	0
2025-08-31 19:02:00+00	OLD	SEALED_MIST	0	0	0	0	0	0	3
2025-08-31 19:02:00+00	NEW	IDLE	0	0	0	0	0	0	0
2025-08-31 19:14:00+00	OLD	SEALED_MIST	0	0	0	0	0	0	0
2025-08-31 19:14:00+00	NEW	IDLE	0	0	0	0	0	0	0
2025-08-31 19:16:00+00	OLD	SEALED_MIST	0	0	0	0	0	0	1
2025-08-31 19:16:00+00	NEW	IDLE	0	0	0	0	0	0	0
2025-08-31 19:18:00+00	OLD	SEALED_MIST	0	0	0	0	0	0	1
2025-08-31 19:18:00+00	NEW	IDLE	0	0	0	0	0	0	0
2025-08-31 19:20:00+00	OLD	SEALED_MIST	0	0	0	0	0	0	1
2025-08-31 19:20:00+00	NEW	IDLE	0	0	0	0	0	0	0
2025-08-31 19:32:00+00	OLD	SEALED_MIST	0	0	0	0	0	0	0
2025-08-31 19:32:00+00	NEW	IDLE	0	0	0	0	0	0	0
2025-08-31 19:34:00+00	OLD	SEALED_MIST	0	0	0	0	0	0	1
2025-08-31 19:34:00+00	NEW	IDLE	0	0	0	0	0	0	0
2025-08-31 19:36:00+00	OLD	SEALED_MIST	0	0	0	0	0	0	1
2025-08-31 19:36:00+00	NEW	IDLE	0	0	0	0	0	0	0
2025-08-31 19:38:00+00	OLD	SEALED_MIST	0	0	0	0	0	0	1
2025-08-31 19:38:00+00	NEW	IDLE	0	0	0	0	0	0	0
2025-08-31 19:50:00+00	OLD	SEALED_MIST	0	0	0	0	0	0	0
2025-08-31 19:50:00+00	NEW	IDLE	0	0	0	0	0	0	0
2025-08-31 19:52:00+00	OLD	SEALED_MIST	0	0	0	0	0	0	1
2025-08-31 19:52:00+00	NEW	IDLE	0	0	0	0	0	0	0
2025-08-31 19:54:00+00	OLD	SEALED_MIST	0	0	0	0	0	0	1
2025-08-31 19:54:00+00	NEW	IDLE	0	0	0	0	0	0	0
2025-08-31 20:00:00+00	OLD	SEALED_MIST	0	0	0	0	0	0	0
2025-08-31 20:00:00+00	NEW	IDLE	0	0	0	0	0	0	0
2025-08-31 20:02:00+00	OLD	SEALED_MIST	0	0	0	0	0	0	1
2025-08-31 20:02:00+00	NEW	IDLE	0	0	0	0	0	0	0
2025-08-31 20:04:00+00	OLD	SEALED_MIST	0	0	0	0	0	0	1
2025-08-31 20:04:00+00	NEW	IDLE	0	0	0	0	0	0	0
2025-08-31 20:06:00+00	OLD	SEALED_MIST	0	0	0	0	0	0	1
2025-08-31 20:06:00+00	NEW	IDLE	0	0	0	0	0	0	0
2025-08-31 20:24:00+00	OLD	SEALED_MIST	0	0	0	0	0	0	0
2025-08-31 20:24:00+00	NEW	IDLE	0	0	0	0	0	0	0
2025-08-31 20:26:00+00	OLD	SEALED_MIST	0	0	0	0	0	0	1
2025-08-31 20:26:00+00	NEW	IDLE	0	0	0	0	0	0	0
2025-08-31 20:28:00+00	OLD	SEALED_MIST	0	0	0	0	0	0	1
2025-08-31 20:28:00+00	NEW	IDLE	0	0	0	0	0	0	0
2025-08-31 20:30:00+00	OLD	SEALED_MIST	0	0	0	0	0	0	1
2025-08-31 20:30:00+00	NEW	IDLE	0	0	0	0	0	0	0
2025-08-31 21:30:00+00	OLD	SEALED_MIST	0	0	0	0	0	0	0
2025-08-31 21:30:00+00	NEW	IDLE	0	0	0	0	0	0	0
2025-08-31 21:32:00+00	OLD	SEALED_MIST	0	0	0	0	0	0	1
2025-08-31 21:32:00+00	NEW	IDLE	0	0	0	0	0	0	0
2025-08-31 21:34:00+00	OLD	SEALED_MIST	0	0	0	0	0	0	1
2025-08-31 21:34:00+00	NEW	IDLE	0	0	0	0	0	0	0
2025-08-31 21:36:00+00	OLD	SEALED_MIST	0	0	0	0	0	0	1
2025-08-31 21:36:00+00	NEW	IDLE	0	0	0	0	0	0	0
2025-08-31 21:48:00+00	OLD	SEALED_MIST	0	0	0	0	0	0	0
2025-08-31 21:48:00+00	NEW	IDLE	0	0	0	0	0	0	0
2025-08-31 21:52:00+00	OLD	SEALED_MIST	0	0	0	0	0	0	0
2025-08-31 21:52:00+00	NEW	IDLE	0	0	0	0	0	0	0
2025-08-31 21:54:00+00	OLD	SEALED_MIST	0	0	0	0	0	0	1
2025-08-31 21:54:00+00	NEW	IDLE	0	0	0	0	0	0	0
2025-08-31 21:56:00+00	OLD	SEALED_MIST	0	0	0	0	0	0	1
2025-08-31 21:56:00+00	NEW	IDLE	0	0	0	0	0	0	0
2025-08-31 21:58:00+00	OLD	SEALED_MIST	0	0	0	0	0	0	1
2025-08-31 21:58:00+00	NEW	IDLE	0	0	0	0	0	0	0
2025-09-01 18:10:00+00	OLD	SEALED_MIST	1	0	0	0	0	0	3
2025-09-01 18:10:00+00	NEW	IDLE	0	0	0	0	0	0	0
2025-09-01 18:12:00+00	OLD	SEALED_MIST	1	0	0	0	0	0	3
2025-09-01 18:12:00+00	NEW	IDLE	0	0	0	0	0	0	0
2025-09-01 18:14:00+00	OLD	SEALED_MIST	1	0	0	0	0	0	3
2025-09-01 18:14:00+00	NEW	IDLE	0	0	0	0	0	0	0
2025-09-01 18:16:00+00	OLD	SEALED_MIST	1	0	0	0	0	0	3
2025-09-01 18:16:00+00	NEW	IDLE	0	0	0	0	0	0	0
2025-09-01 18:28:00+00	OLD	SEALED_MIST	1	0	0	0	0	0	3
2025-09-01 18:28:00+00	NEW	IDLE	0	0	0	0	0	0	0
2025-09-01 18:30:00+00	OLD	SEALED_MIST	1	0	0	0	0	0	3
2025-09-01 18:30:00+00	NEW	IDLE	0	0	0	0	0	0	0
2025-09-01 18:32:00+00	OLD	SEALED_MIST	1	0	0	0	0	0	3
2025-09-01 18:32:00+00	NEW	IDLE	0	0	0	0	0	0	0
2025-09-01 18:34:00+00	OLD	SEALED_MIST	1	0	0	0	0	0	3
2025-09-01 18:34:00+00	NEW	IDLE	0	0	0	0	0	0	0
2025-09-01 18:46:00+00	OLD	SEALED_MIST	1	0	0	0	0	0	3
2025-09-01 18:46:00+00	NEW	IDLE	0	0	0	0	0	0	0
2025-09-01 18:48:00+00	OLD	SEALED_MIST	1	0	0	0	0	0	3
2025-09-01 18:48:00+00	NEW	IDLE	0	0	0	0	0	0	0
2025-09-01 18:50:00+00	OLD	SEALED_MIST	1	0	0	0	0	0	3
2025-09-01 18:50:00+00	NEW	IDLE	0	0	0	0	0	0	0
2025-09-01 18:52:00+00	OLD	SEALED_MIST	0	0	0	0	0	0	2
2025-09-01 18:52:00+00	NEW	IDLE	0	0	0	0	0	0	0
2025-09-01 19:04:00+00	OLD	SEALED_MIST	0	0	0	0	0	0	0
2025-09-01 19:04:00+00	NEW	IDLE	0	0	0	0	0	0	0
2025-09-01 19:06:00+00	OLD	SEALED_MIST	0	0	0	0	0	0	1
2025-09-01 19:06:00+00	NEW	IDLE	0	0	0	0	0	0	0
2025-09-01 19:08:00+00	OLD	SEALED_MIST	0	0	0	0	0	0	1
2025-09-01 19:08:00+00	NEW	IDLE	0	0	0	0	0	0	0
2025-09-01 19:10:00+00	OLD	SEALED_MIST	0	0	0	0	0	0	1
2025-09-01 19:10:00+00	NEW	IDLE	0	0	0	0	0	0	0
2025-09-01 19:22:00+00	OLD	SEALED_MIST	0	0	0	0	0	0	0
2025-09-01 19:22:00+00	NEW	IDLE	0	0	0	0	0	0	0
2025-09-01 19:24:00+00	OLD	SEALED_MIST	0	0	0	0	0	0	1
2025-09-01 19:24:00+00	NEW	IDLE	0	0	0	0	0	0	0
2025-09-01 19:26:00+00	OLD	SEALED_MIST	0	0	0	0	0	0	1
2025-09-01 19:26:00+00	NEW	IDLE	0	0	0	0	0	0	0
2025-09-01 19:28:00+00	OLD	SEALED_MIST	0	0	0	0	0	0	1
2025-09-01 19:28:00+00	NEW	IDLE	0	0	0	0	0	0	0
2025-09-01 19:40:00+00	OLD	SEALED_MIST	0	0	0	0	0	0	0
2025-09-01 19:40:00+00	NEW	IDLE	0	0	0	0	0	0	0
2025-09-01 19:42:00+00	OLD	SEALED_MIST	0	0	0	0	0	0	1
2025-09-01 19:42:00+00	NEW	IDLE	0	0	0	0	0	0	0
2025-09-01 19:50:00+00	OLD	SEALED_MIST	0	0	0	0	0	0	0
2025-09-01 19:50:00+00	NEW	IDLE	0	0	0	0	0	0	0
2025-09-01 19:52:00+00	OLD	SEALED_MIST	0	0	0	0	0	0	1
2025-09-01 19:52:00+00	NEW	IDLE	0	0	0	0	0	0	0
2025-09-01 19:54:00+00	OLD	SEALED_MIST	0	0	0	0	0	0	1
2025-09-01 19:54:00+00	NEW	IDLE	0	0	0	0	0	0	0
2025-09-01 19:56:00+00	OLD	SEALED_MIST	0	0	0	0	0	0	1
2025-09-01 19:56:00+00	NEW	IDLE	0	0	0	0	0	0	0
2025-09-01 20:08:00+00	OLD	SEALED_MIST	0	0	0	0	0	0	0
2025-09-01 20:08:00+00	NEW	IDLE	0	0	0	0	0	0	0
2025-09-01 20:32:00+00	OLD	SEALED_MIST	0	0	0	0	0	0	0
2025-09-01 20:32:00+00	NEW	IDLE	0	0	0	0	0	0	0
2025-09-01 20:34:00+00	OLD	SEALED_MIST	0	0	0	0	0	0	1
2025-09-01 20:34:00+00	NEW	IDLE	0	0	0	0	0	0	0
2025-09-01 20:36:00+00	OLD	SEALED_MIST	0	0	0	0	0	0	1
2025-09-01 20:36:00+00	NEW	IDLE	0	0	0	0	0	0	0
2025-09-01 20:38:00+00	OLD	SEALED_MIST	0	0	0	0	0	0	1
2025-09-01 20:38:00+00	NEW	IDLE	0	0	0	0	0	0	0
2025-09-01 20:50:00+00	OLD	SEALED_MIST	0	0	0	0	0	0	0
2025-09-01 20:50:00+00	NEW	IDLE	0	0	0	0	0	0	0
2025-09-01 20:52:00+00	OLD	SEALED_MIST	0	0	0	0	0	0	1
2025-09-01 20:52:00+00	NEW	IDLE	0	0	0	0	0	0	0
2025-09-01 20:54:00+00	OLD	SEALED_MIST	0	0	0	0	0	0	1
2025-09-01 20:54:00+00	NEW	IDLE	0	0	0	0	0	0	0
2025-09-01 20:56:00+00	OLD	SEALED_MIST	0	0	0	0	0	0	1
2025-09-01 20:56:00+00	NEW	IDLE	0	0	0	0	0	0	0
2025-09-01 21:08:00+00	OLD	SEALED_MIST	0	0	0	0	0	0	0
2025-09-01 21:08:00+00	NEW	IDLE	0	0	0	0	0	0	0
2025-09-01 21:10:00+00	OLD	SEALED_MIST	0	0	0	0	0	0	1
2025-09-01 21:10:00+00	NEW	IDLE	0	0	0	0	0	0	0
2025-09-01 21:12:00+00	OLD	SEALED_MIST	0	0	0	0	0	0	1
2025-09-01 21:12:00+00	NEW	IDLE	0	0	0	0	0	0	0
2025-09-01 21:14:00+00	OLD	SEALED_MIST	0	0	0	0	0	0	1
2025-09-01 21:14:00+00	NEW	IDLE	0	0	0	0	0	0	0
2025-09-01 21:26:00+00	OLD	SEALED_MIST	0	0	0	0	0	0	0
2025-09-01 21:26:00+00	NEW	IDLE	0	0	0	0	0	0	0
2025-09-01 21:28:00+00	OLD	SEALED_MIST	0	0	0	0	0	0	1
2025-09-01 21:28:00+00	NEW	IDLE	0	0	0	0	0	0	0
2025-09-01 21:30:00+00	OLD	SEALED_MIST	0	0	0	0	0	0	1
2025-09-01 21:30:00+00	NEW	IDLE	0	0	0	0	0	0	0
2025-09-01 21:38:00+00	OLD	SEALED_MIST	0	0	0	0	0	0	0
2025-09-01 21:38:00+00	NEW	IDLE	0	0	0	0	0	0	0
2025-09-01 21:40:00+00	OLD	SEALED_MIST	0	0	0	0	0	0	1
2025-09-01 21:40:00+00	NEW	IDLE	0	0	0	0	0	0	0
2025-09-01 21:42:00+00	OLD	SEALED_MIST	0	0	0	0	0	0	1
2025-09-01 21:42:00+00	NEW	IDLE	0	0	0	0	0	0	0
2025-09-01 21:44:00+00	OLD	SEALED_MIST	0	0	0	0	0	0	1
2025-09-01 21:44:00+00	NEW	IDLE	0	0	0	0	0	0	0
2025-09-01 21:50:00+00	OLD	SEALED_MIST	0	0	0	0	0	0	0
2025-09-01 21:50:00+00	NEW	IDLE	0	0	0	0	0	0	0
2025-09-01 21:52:00+00	OLD	SEALED_MIST	0	0	0	0	0	0	1
2025-09-01 21:52:00+00	NEW	IDLE	0	0	0	0	0	0	0
2025-09-01 21:54:00+00	OLD	SEALED_MIST	0	0	0	0	0	0	1
2025-09-01 21:54:00+00	NEW	IDLE	0	0	0	0	0	0	0
2025-09-01 21:56:00+00	OLD	SEALED_MIST	0	0	0	0	0	0	1
2025-09-01 21:56:00+00	NEW	IDLE	0	0	0	0	0	0	0
2025-09-02 00:00:00+00	OLD	SEALED_MIST	0	0	0	0	0	0	0
2025-09-02 00:00:00+00	NEW	IDLE	0	0	0	0	0	0	0
2025-09-02 00:02:00+00	OLD	SEALED_MIST	0	0	0	0	0	0	1
2025-09-02 00:02:00+00	NEW	IDLE	0	0	0	0	0	0	0
2025-09-02 00:04:00+00	OLD	SEALED_MIST	0	0	0	0	0	0	1
2025-09-02 00:04:00+00	NEW	IDLE	0	0	0	0	0	0	0
2025-09-02 00:06:00+00	OLD	SEALED_MIST	0	0	0	0	0	0	1
2025-09-02 00:06:00+00	NEW	IDLE	0	0	0	0	0	0	0
2025-09-02 00:18:00+00	OLD	SEALED_MIST	0	0	0	0	0	0	0
2025-09-02 00:18:00+00	NEW	IDLE	0	0	0	0	0	0	0
2025-09-02 00:20:00+00	OLD	SEALED_MIST	0	0	0	0	0	0	1
2025-09-02 00:20:00+00	NEW	IDLE	0	0	0	0	0	0	0
2025-09-02 00:22:00+00	OLD	SEALED_MIST	0	0	0	0	0	0	1
2025-09-02 00:22:00+00	NEW	IDLE	0	0	0	0	0	0	0
2025-09-02 00:24:00+00	OLD	SEALED_MIST	0	0	0	0	0	0	1
2025-09-02 00:24:00+00	NEW	IDLE	0	0	0	0	0	0	0
2025-09-02 18:00:00+00	OLD	SEALED_MIST	0	0	0	0	0	0	1
2025-09-02 18:00:00+00	NEW	IDLE	0	0	0	0	0	0	0
2025-09-02 18:02:00+00	OLD	SEALED_MIST	0	0	0	0	0	0	1
2025-09-02 18:02:00+00	NEW	IDLE	0	0	0	0	0	0	0
2025-09-02 18:04:00+00	OLD	SEALED_MIST	0	0	0	0	0	0	1
2025-09-02 18:04:00+00	NEW	IDLE	0	0	0	0	0	0	0
2025-09-02 18:16:00+00	OLD	SEALED_MIST	1	0	0	0	0	0	3
2025-09-02 18:16:00+00	NEW	IDLE	0	0	0	0	0	0	0
2025-09-02 18:18:00+00	OLD	SEALED_MIST	1	0	0	0	0	0	3
2025-09-02 18:18:00+00	NEW	IDLE	0	0	0	0	0	0	0
2025-09-02 18:20:00+00	OLD	SEALED_MIST	1	0	0	0	0	0	3
2025-09-02 18:20:00+00	NEW	IDLE	0	0	0	0	0	0	0
2025-09-02 18:22:00+00	OLD	SEALED_MIST	1	0	0	0	0	0	3
2025-09-02 18:22:00+00	NEW	IDLE	0	0	0	0	0	0	0
2025-09-02 18:34:00+00	OLD	SEALED_MIST	1	0	0	0	0	0	3
2025-09-02 18:34:00+00	NEW	IDLE	0	0	0	0	0	0	0
2025-09-02 18:36:00+00	OLD	SEALED_MIST	1	0	0	0	0	0	3
2025-09-02 18:36:00+00	NEW	IDLE	0	0	0	0	0	0	0
2025-09-02 18:38:00+00	OLD	SEALED_MIST	1	0	0	0	0	0	3
2025-09-02 18:38:00+00	NEW	IDLE	0	0	0	0	0	0	0
2025-09-02 18:40:00+00	OLD	SEALED_MIST	1	0	0	0	0	0	3
2025-09-02 18:40:00+00	NEW	IDLE	0	0	0	0	0	0	0
2025-09-02 18:52:00+00	OLD	SEALED_MIST	1	0	0	0	0	0	3
2025-09-02 18:52:00+00	NEW	IDLE	0	0	0	0	0	0	0
2025-09-02 18:54:00+00	OLD	SEALED_MIST	0	0	0	0	0	0	2
2025-09-02 18:54:00+00	NEW	IDLE	0	0	0	0	0	0	0
2025-09-02 18:56:00+00	OLD	SEALED_MIST	0	0	0	0	0	0	2
2025-09-02 18:56:00+00	NEW	IDLE	0	0	0	0	0	0	0
2025-09-02 18:58:00+00	OLD	SEALED_MIST	1	0	0	0	0	0	3
2025-09-02 18:58:00+00	NEW	IDLE	0	0	0	0	0	0	0
2025-09-02 19:10:00+00	OLD	SEALED_MIST	0	0	0	0	0	0	0
2025-09-02 19:10:00+00	NEW	IDLE	0	0	0	0	0	0	0
2025-09-02 19:12:00+00	OLD	SEALED_MIST	0	0	0	0	0	0	1
2025-09-02 19:12:00+00	NEW	IDLE	0	0	0	0	0	0	0
2025-09-02 19:14:00+00	OLD	SEALED_MIST	0	0	0	0	0	0	1
2025-09-02 19:14:00+00	NEW	IDLE	0	0	0	0	0	0	0
2025-09-02 19:16:00+00	OLD	SEALED_MIST	0	0	0	0	0	0	1
2025-09-02 19:16:00+00	NEW	IDLE	0	0	0	0	0	0	0
2025-09-02 19:26:00+00	OLD	SEALED_MIST	0	0	0	0	0	0	0
2025-09-02 19:26:00+00	NEW	IDLE	0	0	0	0	0	0	0
2025-09-02 19:28:00+00	OLD	SEALED_MIST	0	0	0	0	0	0	1
2025-09-02 19:28:00+00	NEW	IDLE	0	0	0	0	0	0	0
2025-09-02 19:30:00+00	OLD	SEALED_MIST	0	0	0	0	0	0	1
2025-09-02 19:30:00+00	NEW	IDLE	0	0	0	0	0	0	0
2025-09-02 19:32:00+00	OLD	SEALED_MIST	0	0	0	0	0	0	1
2025-09-02 19:32:00+00	NEW	IDLE	0	0	0	0	0	0	0
2025-09-02 19:44:00+00	OLD	SEALED_MIST	0	0	0	0	0	0	0
2025-09-02 19:44:00+00	NEW	IDLE	0	0	0	0	0	0	0
2025-09-02 19:46:00+00	OLD	SEALED_MIST	0	0	0	0	0	0	1
2025-09-02 19:46:00+00	NEW	IDLE	0	0	0	0	0	0	0
2025-09-02 19:48:00+00	OLD	SEALED_MIST	0	0	0	0	0	0	1
2025-09-02 19:48:00+00	NEW	IDLE	0	0	0	0	0	0	0
2025-09-02 19:50:00+00	OLD	SEALED_MIST	0	0	0	0	0	0	1
2025-09-02 19:50:00+00	NEW	IDLE	0	0	0	0	0	0	0
2025-09-02 20:02:00+00	OLD	SEALED_MIST	0	0	0	0	0	0	0
2025-09-02 20:02:00+00	NEW	IDLE	0	0	0	0	0	0	0
2025-09-02 20:04:00+00	OLD	SEALED_MIST	0	0	0	0	0	0	1
2025-09-02 20:04:00+00	NEW	IDLE	0	0	0	0	0	0	0
2025-09-02 20:06:00+00	OLD	SEALED_MIST	0	0	0	0	0	0	1
2025-09-02 20:06:00+00	NEW	IDLE	0	0	0	0	0	0	0
2025-09-02 20:08:00+00	OLD	SEALED_MIST	0	0	0	0	0	0	1
2025-09-02 20:08:00+00	NEW	IDLE	0	0	0	0	0	0	0
2025-09-02 20:20:00+00	OLD	SEALED_MIST	0	0	0	0	0	0	0
2025-09-02 20:20:00+00	NEW	IDLE	0	0	0	0	0	0	0
2025-09-02 20:22:00+00	OLD	SEALED_MIST	0	0	0	0	0	0	1
2025-09-02 20:22:00+00	NEW	IDLE	0	0	0	0	0	0	0
2025-09-02 20:24:00+00	OLD	SEALED_MIST	0	0	0	0	0	0	1
2025-09-02 20:24:00+00	NEW	IDLE	0	0	0	0	0	0	0
2025-09-02 20:26:00+00	OLD	SEALED_MIST	0	0	0	0	0	0	1
2025-09-02 20:26:00+00	NEW	IDLE	0	0	0	0	0	0	0
2025-09-02 20:38:00+00	OLD	SEALED_MIST	0	0	0	0	0	0	0
2025-09-02 20:38:00+00	NEW	IDLE	0	0	0	0	0	0	0
2025-09-02 20:40:00+00	OLD	SEALED_MIST	0	0	0	0	0	0	1
2025-09-02 20:40:00+00	NEW	IDLE	0	0	0	0	0	0	0
2025-09-02 20:42:00+00	OLD	SEALED_MIST	0	0	0	0	0	0	1
2025-09-02 20:42:00+00	NEW	IDLE	0	0	0	0	0	0	0
2025-09-02 20:44:00+00	OLD	SEALED_MIST	0	0	0	0	0	0	1
2025-09-02 20:44:00+00	NEW	IDLE	0	0	0	0	0	0	0
2025-09-02 20:56:00+00	OLD	SEALED_MIST	0	0	0	0	0	0	0
2025-09-02 20:56:00+00	NEW	IDLE	0	0	0	0	0	0	0
2025-09-02 20:58:00+00	OLD	SEALED_MIST	0	0	0	0	0	0	1
2025-09-02 20:58:00+00	NEW	IDLE	0	0	0	0	0	0	0
2025-09-02 21:00:00+00	OLD	SEALED_MIST	0	0	0	0	0	0	1
2025-09-02 21:00:00+00	NEW	IDLE	0	0	0	0	0	0	0
2025-09-02 21:02:00+00	OLD	SEALED_MIST	0	0	0	0	0	0	1
2025-09-02 21:02:00+00	NEW	IDLE	0	0	0	0	0	0	0
2025-09-02 21:14:00+00	OLD	SEALED_MIST	0	0	0	0	0	0	0
2025-09-02 21:14:00+00	NEW	IDLE	0	0	0	0	0	0	0
2025-09-02 21:16:00+00	OLD	SEALED_MIST	0	0	0	0	0	0	1
2025-09-02 21:16:00+00	NEW	IDLE	0	0	0	0	0	0	0
2025-09-02 21:18:00+00	OLD	SEALED_MIST	0	0	0	0	0	0	1
2025-09-02 21:18:00+00	NEW	IDLE	0	0	0	0	0	0	0
2025-09-02 21:20:00+00	OLD	SEALED_MIST	0	0	0	0	0	0	1
2025-09-02 21:20:00+00	NEW	IDLE	0	0	0	0	0	0	0
2025-09-02 21:34:00+00	OLD	SEALED_MIST	0	0	0	0	0	0	0
2025-09-02 21:34:00+00	NEW	IDLE	0	0	0	0	0	0	0
2025-09-02 21:36:00+00	OLD	SEALED_MIST	0	0	0	0	0	0	1
2025-09-02 21:36:00+00	NEW	IDLE	0	0	0	0	0	0	0
2025-09-02 21:38:00+00	OLD	SEALED_MIST	0	0	0	0	0	0	1
2025-09-02 21:38:00+00	NEW	IDLE	0	0	0	0	0	0	0
2025-09-02 21:40:00+00	OLD	SEALED_MIST	0	0	0	0	0	0	1
2025-09-02 21:40:00+00	NEW	IDLE	0	0	0	0	0	0	0
2025-09-02 21:52:00+00	OLD	SEALED_MIST	0	0	0	0	0	0	0
2025-09-02 21:52:00+00	NEW	IDLE	0	0	0	0	0	0	0
2025-09-02 21:54:00+00	OLD	SEALED_MIST	0	0	0	0	0	0	1
2025-09-02 21:54:00+00	NEW	IDLE	0	0	0	0	0	0	0
2025-09-02 21:56:00+00	OLD	SEALED_MIST	0	0	0	0	0	0	1
2025-09-02 21:56:00+00	NEW	IDLE	0	0	0	0	0	0	0
2025-09-02 21:58:00+00	OLD	SEALED_MIST	0	0	0	0	0	0	1
2025-09-02 21:58:00+00	NEW	IDLE	0	0	0	0	0	0	0
2025-09-03 18:06:00+00	OLD	SEALED_MIST	1	0	0	0	0	0	3
2025-09-03 18:06:00+00	NEW	IDLE	0	0	0	0	0	0	0
2025-09-03 18:08:00+00	OLD	SEALED_MIST	1	0	0	0	0	0	3
2025-09-03 18:08:00+00	NEW	IDLE	0	0	0	0	0	0	0
2025-09-03 18:10:00+00	OLD	SEALED_MIST	1	0	0	0	0	0	3
2025-09-03 18:10:00+00	NEW	IDLE	0	0	0	0	0	0	0
2025-09-03 18:12:00+00	OLD	SEALED_MIST	1	0	0	0	0	0	3
2025-09-03 18:12:00+00	NEW	IDLE	0	0	0	0	0	0	0
2025-09-03 18:24:00+00	OLD	SEALED_MIST	1	0	0	0	0	0	3
2025-09-03 18:24:00+00	NEW	IDLE	0	0	0	0	0	0	0
2025-09-03 18:26:00+00	OLD	SEALED_MIST	1	0	0	0	0	0	3
2025-09-03 18:26:00+00	NEW	IDLE	0	0	0	0	0	0	0
2025-09-03 18:28:00+00	OLD	SEALED_MIST	1	0	0	0	0	0	3
2025-09-03 18:28:00+00	NEW	IDLE	0	0	0	0	0	0	0
2025-09-03 18:30:00+00	OLD	SEALED_MIST	1	0	0	0	0	0	3
2025-09-03 18:30:00+00	NEW	IDLE	0	0	0	0	0	0	0
2025-09-03 18:42:00+00	OLD	SEALED_MIST	1	0	0	0	0	0	3
2025-09-03 18:42:00+00	NEW	IDLE	0	0	0	0	0	0	0
2025-09-03 18:44:00+00	OLD	SEALED_MIST	0	0	0	0	0	0	2
2025-09-03 18:44:00+00	NEW	IDLE	0	0	0	0	0	0	0
2025-09-03 18:46:00+00	OLD	SEALED_MIST	0	0	0	0	0	0	2
2025-09-03 18:46:00+00	NEW	IDLE	0	0	0	0	0	0	0
2025-09-03 18:48:00+00	OLD	SEALED_MIST	1	0	0	0	0	0	3
2025-09-03 18:48:00+00	NEW	IDLE	0	0	0	0	0	0	0
2025-09-03 19:00:00+00	OLD	SEALED_MIST	0	0	0	0	0	0	0
2025-09-03 19:00:00+00	NEW	IDLE	0	0	0	0	0	0	0
2025-09-03 19:02:00+00	OLD	SEALED_MIST	0	0	0	0	0	0	1
2025-09-03 19:02:00+00	NEW	IDLE	0	0	0	0	0	0	0
2025-09-03 19:04:00+00	OLD	SEALED_MIST	0	0	0	0	0	0	1
2025-09-03 19:04:00+00	NEW	IDLE	0	0	0	0	0	0	0
2025-09-03 19:06:00+00	OLD	SEALED_MIST	0	0	0	0	0	0	1
2025-09-03 19:06:00+00	NEW	IDLE	0	0	0	0	0	0	0
2025-09-03 19:18:00+00	OLD	SEALED_MIST	0	0	0	0	0	0	0
2025-09-03 19:18:00+00	NEW	IDLE	0	0	0	0	0	0	0
2025-09-03 19:20:00+00	OLD	SEALED_MIST	0	0	0	0	0	0	1
2025-09-03 19:20:00+00	NEW	IDLE	0	0	0	0	0	0	0
2025-09-03 19:22:00+00	OLD	SEALED_MIST	0	0	0	0	0	0	1
2025-09-03 19:22:00+00	NEW	IDLE	0	0	0	0	0	0	0
2025-09-03 19:24:00+00	OLD	SEALED_MIST	0	0	0	0	0	0	1
2025-09-03 19:24:00+00	NEW	IDLE	0	0	0	0	0	0	0
2025-09-03 19:36:00+00	OLD	SEALED_MIST	0	0	0	0	0	0	0
2025-09-03 19:36:00+00	NEW	IDLE	0	0	0	0	0	0	0
2025-09-03 19:38:00+00	OLD	SEALED_MIST	0	0	0	0	0	0	1
2025-09-03 19:38:00+00	NEW	IDLE	0	0	0	0	0	0	0
2025-09-03 19:40:00+00	OLD	SEALED_MIST	0	0	0	0	0	0	1
2025-09-03 19:40:00+00	NEW	IDLE	0	0	0	0	0	0	0
2025-09-03 19:42:00+00	OLD	SEALED_MIST	0	0	0	0	0	0	1
2025-09-03 19:42:00+00	NEW	IDLE	0	0	0	0	0	0	0
2025-09-03 19:54:00+00	OLD	SEALED_MIST	0	0	0	0	0	0	0
2025-09-03 19:54:00+00	NEW	IDLE	0	0	0	0	0	0	0
2025-09-03 19:56:00+00	OLD	SEALED_MIST	0	0	0	0	0	0	1
2025-09-03 19:56:00+00	NEW	IDLE	0	0	0	0	0	0	0
2025-09-03 19:58:00+00	OLD	SEALED_MIST	0	0	0	0	0	0	1
2025-09-03 19:58:00+00	NEW	IDLE	0	0	0	0	0	0	0
2025-09-03 20:00:00+00	OLD	SEALED_MIST	0	0	0	0	0	0	1
2025-09-03 20:00:00+00	NEW	IDLE	0	0	0	0	0	0	0
2025-09-03 20:12:00+00	OLD	SEALED_MIST	0	0	0	0	0	0	0
2025-09-03 20:12:00+00	NEW	IDLE	0	0	0	0	0	0	0
2025-09-03 20:14:00+00	OLD	SEALED_MIST	0	0	0	0	0	0	1
2025-09-03 20:14:00+00	NEW	IDLE	0	0	0	0	0	0	0
2025-09-03 20:16:00+00	OLD	SEALED_MIST	0	0	0	0	0	0	1
2025-09-03 20:16:00+00	NEW	IDLE	0	0	0	0	0	0	0
2025-09-03 20:18:00+00	OLD	SEALED_MIST	0	0	0	0	0	0	1
2025-09-03 20:18:00+00	NEW	IDLE	0	0	0	0	0	0	0
2025-09-03 20:30:00+00	OLD	SEALED_MIST	0	0	0	0	0	0	0
2025-09-03 20:30:00+00	NEW	IDLE	0	0	0	0	0	0	0
2025-09-03 20:32:00+00	OLD	SEALED_MIST	0	0	0	0	0	0	1
2025-09-03 20:32:00+00	NEW	IDLE	0	0	0	0	0	0	0
2025-09-03 20:34:00+00	OLD	SEALED_MIST	0	0	0	0	0	0	1
2025-09-03 20:34:00+00	NEW	IDLE	0	0	0	0	0	0	0
2025-09-03 20:36:00+00	OLD	SEALED_MIST	0	0	0	0	0	0	1
2025-09-03 20:36:00+00	NEW	IDLE	0	0	0	0	0	0	0
2025-09-03 20:48:00+00	OLD	SEALED_MIST	0	0	0	0	0	0	0
2025-09-03 20:48:00+00	NEW	IDLE	0	0	0	0	0	0	0
2025-09-03 20:50:00+00	OLD	SEALED_MIST	0	0	0	0	0	0	1
2025-09-03 20:50:00+00	NEW	IDLE	0	0	0	0	0	0	0
2025-09-03 20:52:00+00	OLD	SEALED_MIST	0	0	0	0	0	0	1
2025-09-03 20:52:00+00	NEW	IDLE	0	0	0	0	0	0	0
2025-09-03 20:54:00+00	OLD	SEALED_MIST	0	0	0	0	0	0	1
2025-09-03 20:54:00+00	NEW	IDLE	0	0	0	0	0	0	0
2025-09-03 21:06:00+00	OLD	SEALED_MIST	0	0	0	0	0	0	0
2025-09-03 21:06:00+00	NEW	IDLE	0	0	0	0	0	0	0
2025-09-03 21:08:00+00	OLD	SEALED_MIST	0	0	0	0	0	0	1
2025-09-03 21:08:00+00	NEW	IDLE	0	0	0	0	0	0	0
2025-09-03 21:10:00+00	OLD	SEALED_MIST	0	0	0	0	0	0	1
2025-09-03 21:10:00+00	NEW	IDLE	0	0	0	0	0	0	0
2025-09-03 21:12:00+00	OLD	SEALED_MIST	0	0	0	0	0	0	1
2025-09-03 21:12:00+00	NEW	IDLE	0	0	0	0	0	0	0
2025-09-03 21:24:00+00	OLD	SEALED_MIST	0	0	0	0	0	0	0
2025-09-03 21:24:00+00	NEW	IDLE	0	0	0	0	0	0	0
2025-09-03 21:26:00+00	OLD	SEALED_MIST	0	0	0	0	0	0	1
2025-09-03 21:26:00+00	NEW	IDLE	0	0	0	0	0	0	0
2025-09-03 21:28:00+00	OLD	SEALED_MIST	0	0	0	0	0	0	1
2025-09-03 21:28:00+00	NEW	IDLE	0	0	0	0	0	0	0
2025-09-03 21:30:00+00	OLD	SEALED_MIST	0	0	0	0	0	0	1
2025-09-03 21:30:00+00	NEW	IDLE	0	0	0	0	0	0	0
2025-09-03 21:42:00+00	OLD	SEALED_MIST	0	0	0	0	0	0	0
2025-09-03 21:42:00+00	NEW	IDLE	0	0	0	0	0	0	0
2025-09-03 21:44:00+00	OLD	SEALED_MIST	0	0	0	0	0	0	1
2025-09-03 21:44:00+00	NEW	IDLE	0	0	0	0	0	0	0
2025-09-03 21:46:00+00	OLD	SEALED_MIST	0	0	0	0	0	0	1
2025-09-03 21:46:00+00	NEW	IDLE	0	0	0	0	0	0	0
2025-09-03 21:48:00+00	OLD	SEALED_MIST	0	0	0	0	0	0	1
2025-09-03 21:48:00+00	NEW	IDLE	0	0	0	0	0	0	0
2025-09-04 00:00:00+00	OLD	SEALED_MIST	1	0	0	0	0	0	3
2025-09-04 00:00:00+00	NEW	IDLE	0	0	0	0	0	0	0
2025-09-04 00:04:00+00	OLD	SEALED_MIST	0	0	0	0	0	0	2
2025-09-04 00:04:00+00	NEW	IDLE	0	0	0	0	0	0	0
2025-09-04 00:06:00+00	OLD	SEALED_MIST	0	0	0	0	0	0	2
2025-09-04 00:06:00+00	NEW	IDLE	0	0	0	0	0	0	0
2025-09-04 00:18:00+00	OLD	SEALED_MIST	0	0	0	0	0	0	0
2025-09-04 00:18:00+00	NEW	IDLE	0	0	0	0	0	0	0
2025-09-04 00:20:00+00	OLD	SEALED_MIST	0	0	0	0	0	0	1
2025-09-04 00:20:00+00	NEW	IDLE	0	0	0	0	0	0	0
2025-09-04 00:22:00+00	OLD	SEALED_MIST	0	0	0	0	0	0	1
2025-09-04 00:22:00+00	NEW	IDLE	0	0	0	0	0	0	0
2025-09-04 00:24:00+00	OLD	SEALED_MIST	0	0	0	0	0	0	1
2025-09-04 00:24:00+00	NEW	IDLE	0	0	0	0	0	0	0
2025-09-04 00:36:00+00	OLD	SEALED_MIST	0	0	0	0	0	0	0
2025-09-04 00:36:00+00	NEW	IDLE	0	0	0	0	0	0	0
2025-09-04 00:38:00+00	OLD	SEALED_MIST	0	0	0	0	0	0	1
2025-09-04 00:38:00+00	NEW	IDLE	0	0	0	0	0	0	0
2025-09-04 00:42:00+00	OLD	SEALED_MIST	0	0	0	0	0	0	1
2025-09-04 00:42:00+00	NEW	IDLE	0	0	0	0	0	0	0
2025-09-04 18:06:00+00	OLD	SEALED_MIST	1	0	0	0	0	0	3
2025-09-04 18:06:00+00	NEW	IDLE	0	0	0	0	0	0	0
2025-09-04 18:08:00+00	OLD	SEALED_MIST	1	0	0	0	0	0	3
2025-09-04 18:08:00+00	NEW	IDLE	0	0	0	0	0	0	0
2025-09-04 18:10:00+00	OLD	SEALED_MIST	1	0	0	0	0	0	3
2025-09-04 18:10:00+00	NEW	IDLE	0	0	0	0	0	0	0
2025-09-04 18:12:00+00	OLD	SEALED_MIST	1	0	0	0	0	0	3
2025-09-04 18:12:00+00	NEW	IDLE	0	0	0	0	0	0	0
2025-09-04 18:24:00+00	OLD	SEALED_MIST	1	0	0	0	0	0	3
2025-09-04 18:24:00+00	NEW	IDLE	0	0	0	0	0	0	0
2025-09-04 18:26:00+00	OLD	SEALED_MIST	1	0	0	0	0	0	3
2025-09-04 18:26:00+00	NEW	IDLE	0	0	0	0	0	0	0
2025-09-04 18:28:00+00	OLD	SEALED_MIST	1	0	0	0	0	0	3
2025-09-04 18:28:00+00	NEW	IDLE	0	0	0	0	0	0	0
2025-09-04 18:30:00+00	OLD	SEALED_MIST	1	0	0	0	0	0	3
2025-09-04 18:30:00+00	NEW	IDLE	0	0	0	0	0	0	0
2025-09-04 18:42:00+00	OLD	SEALED_MIST	1	0	0	0	0	0	3
2025-09-04 18:42:00+00	NEW	IDLE	0	0	0	0	0	0	0
2025-09-04 18:44:00+00	OLD	SEALED_MIST	1	0	0	0	0	0	3
2025-09-04 18:44:00+00	NEW	IDLE	0	0	0	0	0	0	0
2025-09-04 18:46:00+00	OLD	SEALED_MIST	0	0	0	0	0	0	2
2025-09-04 18:46:00+00	NEW	IDLE	0	0	0	0	0	0	0
2025-09-04 18:48:00+00	OLD	SEALED_MIST	1	0	0	0	0	0	3
2025-09-04 18:48:00+00	NEW	IDLE	0	0	0	0	0	0	0
2025-09-04 19:00:00+00	OLD	SEALED_MIST	0	0	0	0	0	0	0
2025-09-04 19:00:00+00	NEW	IDLE	0	0	0	0	0	0	0
2025-09-04 19:02:00+00	OLD	SEALED_MIST	0	0	0	0	0	0	1
2025-09-04 19:02:00+00	NEW	IDLE	0	0	0	0	0	0	0
2025-09-04 19:04:00+00	OLD	SEALED_MIST	0	0	0	0	0	0	1
2025-09-04 19:04:00+00	NEW	IDLE	0	0	0	0	0	0	0
2025-09-04 19:06:00+00	OLD	SEALED_MIST	0	0	0	0	0	0	1
2025-09-04 19:06:00+00	NEW	IDLE	0	0	0	0	0	0	0
2025-09-04 19:18:00+00	OLD	SEALED_MIST	0	0	0	0	0	0	0
2025-09-04 19:18:00+00	NEW	IDLE	0	0	0	0	0	0	0
2025-09-04 19:20:00+00	OLD	SEALED_MIST	0	0	0	0	0	0	1
2025-09-04 19:20:00+00	NEW	IDLE	0	0	0	0	0	0	0
2025-09-04 19:22:00+00	OLD	SEALED_MIST	0	0	0	0	0	0	1
2025-09-04 19:22:00+00	NEW	IDLE	0	0	0	0	0	0	0
2025-09-04 19:26:00+00	OLD	SEALED_MIST	0	0	0	0	0	0	0
2025-09-04 19:26:00+00	NEW	IDLE	0	0	0	0	0	0	0
2025-09-04 19:28:00+00	OLD	SEALED_MIST	0	0	0	0	0	0	1
2025-09-04 19:28:00+00	NEW	IDLE	0	0	0	0	0	0	0
2025-09-04 19:30:00+00	OLD	SEALED_MIST	0	0	0	0	0	0	1
2025-09-04 19:30:00+00	NEW	IDLE	0	0	0	0	0	0	0
2025-09-04 19:32:00+00	OLD	SEALED_MIST	0	0	0	0	0	0	1
2025-09-04 19:32:00+00	NEW	IDLE	0	0	0	0	0	0	0
2025-09-04 19:44:00+00	OLD	SEALED_MIST	0	0	0	0	0	0	0
2025-09-04 19:44:00+00	NEW	IDLE	0	0	0	0	0	0	0
2025-09-04 19:46:00+00	OLD	SEALED_MIST	0	0	0	0	0	0	1
2025-09-04 19:46:00+00	NEW	IDLE	0	0	0	0	0	0	0
2025-09-04 19:48:00+00	OLD	SEALED_MIST	0	0	0	0	0	0	1
2025-09-04 19:48:00+00	NEW	IDLE	0	0	0	0	0	0	0
2025-09-04 19:50:00+00	OLD	SEALED_MIST	0	0	0	0	0	0	1
2025-09-04 19:50:00+00	NEW	IDLE	0	0	0	0	0	0	0
2025-09-04 20:02:00+00	OLD	SEALED_MIST	0	0	0	0	0	0	0
2025-09-04 20:02:00+00	NEW	IDLE	0	0	0	0	0	0	0
2025-09-04 20:04:00+00	OLD	SEALED_MIST	0	0	0	0	0	0	1
2025-09-04 20:04:00+00	NEW	IDLE	0	0	0	0	0	0	0
2025-09-04 20:06:00+00	OLD	SEALED_MIST	0	0	0	0	0	0	1
2025-09-04 20:06:00+00	NEW	IDLE	0	0	0	0	0	0	0
2025-09-04 20:08:00+00	OLD	SEALED_MIST	0	0	0	0	0	0	1
2025-09-04 20:08:00+00	NEW	IDLE	0	0	0	0	0	0	0
2025-09-04 20:12:00+00	OLD	SEALED_MIST	0	0	0	0	0	0	0
2025-09-04 20:12:00+00	NEW	IDLE	0	0	0	0	0	0	0
2025-09-04 20:14:00+00	OLD	SEALED_MIST	0	0	0	0	0	0	1
2025-09-04 20:14:00+00	NEW	IDLE	0	0	0	0	0	0	0
2025-09-04 20:16:00+00	OLD	SEALED_MIST	0	0	0	0	0	0	1
2025-09-04 20:16:00+00	NEW	IDLE	0	0	0	0	0	0	0
2025-09-04 20:18:00+00	OLD	SEALED_MIST	0	0	0	0	0	0	1
2025-09-04 20:18:00+00	NEW	IDLE	0	0	0	0	0	0	0
2025-09-04 20:30:00+00	OLD	SEALED_MIST	0	0	0	0	0	0	0
2025-09-04 20:30:00+00	NEW	IDLE	0	0	0	0	0	0	0
2025-09-04 20:32:00+00	OLD	SEALED_MIST	0	0	0	0	0	0	1
2025-09-04 20:32:00+00	NEW	IDLE	0	0	0	0	0	0	0
2025-09-04 20:34:00+00	OLD	SEALED_MIST	0	0	0	0	0	0	1
2025-09-04 20:34:00+00	NEW	IDLE	0	0	0	0	0	0	0
2025-09-04 20:36:00+00	OLD	SEALED_MIST	0	0	0	0	0	0	1
2025-09-04 20:36:00+00	NEW	IDLE	0	0	0	0	0	0	0
2025-09-04 20:48:00+00	OLD	SEALED_MIST	0	0	0	0	0	0	0
2025-09-04 20:48:00+00	NEW	IDLE	0	0	0	0	0	0	0
2025-09-04 20:50:00+00	OLD	SEALED_MIST	0	0	0	0	0	0	1
2025-09-04 20:50:00+00	NEW	IDLE	0	0	0	0	0	0	0
2025-09-04 20:52:00+00	OLD	SEALED_MIST	0	0	0	0	0	0	1
2025-09-04 20:52:00+00	NEW	IDLE	0	0	0	0	0	0	0
2025-09-04 20:54:00+00	OLD	SEALED_MIST	0	0	0	0	0	0	1
2025-09-04 20:54:00+00	NEW	IDLE	0	0	0	0	0	0	0
2025-09-04 21:06:00+00	OLD	SEALED_MIST	0	0	0	0	0	0	0
2025-09-04 21:06:00+00	NEW	IDLE	0	0	0	0	0	0	0
2025-09-04 21:08:00+00	OLD	SEALED_MIST	0	0	0	0	0	0	1
2025-09-04 21:08:00+00	NEW	IDLE	0	0	0	0	0	0	0
2025-09-04 21:10:00+00	OLD	SEALED_MIST	0	0	0	0	0	0	1
2025-09-04 21:10:00+00	NEW	IDLE	0	0	0	0	0	0	0
2025-09-04 21:12:00+00	OLD	SEALED_MIST	0	0	0	0	0	0	1
2025-09-04 21:12:00+00	NEW	IDLE	0	0	0	0	0	0	0
2025-09-04 21:24:00+00	OLD	SEALED_MIST	0	0	0	0	0	0	0
2025-09-04 21:24:00+00	NEW	IDLE	0	0	0	0	0	0	0
2025-09-04 21:26:00+00	OLD	SEALED_MIST	0	0	0	0	0	0	1
2025-09-04 21:26:00+00	NEW	IDLE	0	0	0	0	0	0	0
2025-09-04 21:28:00+00	OLD	SEALED_MIST	0	0	0	0	0	0	1
2025-09-04 21:28:00+00	NEW	IDLE	0	0	0	0	0	0	0
2025-09-04 21:30:00+00	OLD	SEALED_MIST	0	0	0	0	0	0	1
2025-09-04 21:30:00+00	NEW	IDLE	0	0	0	0	0	0	0
2025-09-04 21:42:00+00	OLD	SEALED_MIST	0	0	0	0	0	0	0
2025-09-04 21:42:00+00	NEW	IDLE	0	0	0	0	0	0	0
2025-09-04 21:44:00+00	OLD	SEALED_MIST	0	0	0	0	0	0	1
2025-09-04 21:44:00+00	NEW	IDLE	0	0	0	0	0	0	0
2025-09-04 21:46:00+00	OLD	SEALED_MIST	0	0	0	0	0	0	1
2025-09-04 21:46:00+00	NEW	IDLE	0	0	0	0	0	0	0
2025-09-04 21:48:00+00	OLD	SEALED_MIST	0	0	0	0	0	0	1
2025-09-04 21:48:00+00	NEW	IDLE	0	0	0	0	0	0	0
2025-09-05 00:00:00+00	OLD	SEALED_MIST	0	0	0	0	0	0	0
2025-09-05 00:00:00+00	NEW	IDLE	0	0	0	0	0	0	0
2025-09-05 00:02:00+00	OLD	SEALED_MIST	0	0	0	0	0	0	1
2025-09-05 00:02:00+00	NEW	IDLE	0	0	0	0	0	0	0
2025-09-05 00:04:00+00	OLD	SEALED_MIST	0	0	0	0	0	0	1
2025-09-05 00:04:00+00	NEW	IDLE	0	0	0	0	0	0	0
2025-09-05 00:06:00+00	OLD	SEALED_MIST	0	0	0	0	0	0	1
2025-09-05 00:06:00+00	NEW	IDLE	0	0	0	0	0	0	0
2025-09-05 00:18:00+00	OLD	SEALED_MIST	0	0	0	0	0	0	0
2025-09-05 00:18:00+00	NEW	IDLE	0	0	0	0	0	0	0
2025-09-05 00:20:00+00	OLD	SEALED_MIST	0	0	0	0	0	0	1
2025-09-05 00:20:00+00	NEW	IDLE	0	0	0	0	0	0	0
2025-09-05 00:22:00+00	OLD	SEALED_MIST	0	0	0	0	0	0	1
2025-09-05 00:22:00+00	NEW	IDLE	0	0	0	0	0	0	0
2025-09-05 19:46:00+00	OLD	SEALED_MIST	0	0	0	0	0	0	0
2025-09-05 19:46:00+00	NEW	IDLE	0	0	0	0	0	0	0
2025-09-05 19:48:00+00	OLD	SEALED_MIST	0	0	0	0	0	0	1
2025-09-05 19:48:00+00	NEW	IDLE	0	0	0	0	0	0	0
2025-09-05 19:50:00+00	OLD	SEALED_MIST	0	0	0	0	0	0	1
2025-09-05 19:50:00+00	NEW	IDLE	0	0	0	0	0	0	0
2025-09-05 19:52:00+00	OLD	SEALED_MIST	0	0	0	0	0	0	1
2025-09-05 19:52:00+00	NEW	IDLE	0	0	0	0	0	0	0
2025-09-05 20:04:00+00	OLD	SEALED_MIST	0	0	0	0	0	0	0
2025-09-05 20:04:00+00	NEW	IDLE	0	0	0	0	0	0	0
2025-09-05 20:06:00+00	OLD	SEALED_MIST	0	0	0	0	0	0	1
2025-09-05 20:06:00+00	NEW	IDLE	0	0	0	0	0	0	0
2025-09-05 20:08:00+00	OLD	SEALED_MIST	0	0	0	0	0	0	1
2025-09-05 20:08:00+00	NEW	IDLE	0	0	0	0	0	0	0
2025-09-05 20:10:00+00	OLD	SEALED_MIST	0	0	0	0	0	0	1
2025-09-05 20:10:00+00	NEW	IDLE	0	0	0	0	0	0	0
2025-09-05 20:22:00+00	OLD	SEALED_MIST	0	0	0	0	0	0	0
2025-09-05 20:22:00+00	NEW	IDLE	0	0	0	0	0	0	0
2025-09-05 20:24:00+00	OLD	SEALED_MIST	0	0	0	0	0	0	1
2025-09-05 20:24:00+00	NEW	IDLE	0	0	0	0	0	0	0
2025-09-05 20:26:00+00	OLD	SEALED_MIST	0	0	0	0	0	0	1
2025-09-05 20:26:00+00	NEW	IDLE	0	0	0	0	0	0	0
2025-09-05 20:28:00+00	OLD	SEALED_MIST	0	0	0	0	0	0	1
2025-09-05 20:28:00+00	NEW	IDLE	0	0	0	0	0	0	0
2025-09-05 20:40:00+00	OLD	SEALED_MIST	0	0	0	0	0	0	0
2025-09-05 20:40:00+00	NEW	IDLE	0	0	0	0	0	0	0
2025-09-05 20:42:00+00	OLD	SEALED_MIST	0	0	0	0	0	0	1
2025-09-05 20:42:00+00	NEW	IDLE	0	0	0	0	0	0	0
2025-09-05 20:44:00+00	OLD	SEALED_MIST	0	0	0	0	0	0	1
2025-09-05 20:44:00+00	NEW	IDLE	0	0	0	0	0	0	0
2025-09-05 20:46:00+00	OLD	SEALED_MIST	0	0	0	0	0	0	1
2025-09-05 20:46:00+00	NEW	IDLE	0	0	0	0	0	0	0
2025-09-05 20:58:00+00	OLD	SEALED_MIST	0	0	0	0	0	0	0
2025-09-05 20:58:00+00	NEW	IDLE	0	0	0	0	0	0	0
2025-09-05 21:00:00+00	OLD	SEALED_MIST	0	0	0	0	0	0	1
2025-09-05 21:00:00+00	NEW	IDLE	0	0	0	0	0	0	0
2025-09-05 21:02:00+00	OLD	SEALED_MIST	0	0	0	0	0	0	1
2025-09-05 21:02:00+00	NEW	IDLE	0	0	0	0	0	0	0
2025-09-05 21:04:00+00	OLD	SEALED_MIST	0	0	0	0	0	0	1
2025-09-05 21:04:00+00	NEW	IDLE	0	0	0	0	0	0	0
2025-09-05 21:16:00+00	OLD	SEALED_MIST	0	0	0	0	0	0	0
2025-09-05 21:16:00+00	NEW	IDLE	0	0	0	0	0	0	0
2025-09-05 21:18:00+00	OLD	SEALED_MIST	0	0	0	0	0	0	1
2025-09-05 21:18:00+00	NEW	IDLE	0	0	0	0	0	0	0
2025-09-05 21:20:00+00	OLD	SEALED_MIST	0	0	0	0	0	0	1
2025-09-05 21:20:00+00	NEW	IDLE	0	0	0	0	0	0	0
2025-09-05 21:22:00+00	OLD	SEALED_MIST	0	0	0	0	0	0	1
2025-09-05 21:22:00+00	NEW	IDLE	0	0	0	0	0	0	0
2025-09-05 21:34:00+00	OLD	SEALED_MIST	0	0	0	0	0	0	0
2025-09-05 21:34:00+00	NEW	IDLE	0	0	0	0	0	0	0
2025-09-05 21:36:00+00	OLD	SEALED_MIST	0	0	0	0	0	0	1
2025-09-05 21:36:00+00	NEW	IDLE	0	0	0	0	0	0	0
2025-09-05 21:38:00+00	OLD	SEALED_MIST	0	0	0	0	0	0	1
2025-09-05 21:38:00+00	NEW	IDLE	0	0	0	0	0	0	0
2025-09-05 21:40:00+00	OLD	SEALED_MIST	0	0	0	0	0	0	1
2025-09-05 21:40:00+00	NEW	IDLE	0	0	0	0	0	0	0
2025-09-06 18:38:00+00	OLD	SEALED_MIST	0	0	0	0	0	0	0
2025-09-06 18:38:00+00	NEW	IDLE	0	0	0	0	0	0	0
2025-09-06 18:40:00+00	OLD	SEALED_MIST	0	0	0	0	0	0	1
2025-09-06 18:40:00+00	NEW	IDLE	0	0	0	0	0	0	0
2025-09-06 18:42:00+00	OLD	SEALED_MIST	0	0	0	0	0	0	1
2025-09-06 18:42:00+00	NEW	IDLE	0	0	0	0	0	0	0
2025-09-06 18:44:00+00	OLD	SEALED_MIST	0	0	0	0	0	0	1
2025-09-06 18:44:00+00	NEW	IDLE	0	0	0	0	0	0	0
2025-09-06 18:56:00+00	OLD	SEALED_MIST	0	0	0	0	0	0	0
2025-09-06 18:56:00+00	NEW	IDLE	0	0	0	0	0	0	0
2025-09-06 18:58:00+00	OLD	SEALED_MIST	1	0	0	0	0	0	3
2025-09-06 18:58:00+00	NEW	IDLE	0	0	0	0	0	0	0
2025-09-06 19:00:00+00	OLD	SEALED_MIST	0	0	0	0	0	0	3
2025-09-06 19:00:00+00	NEW	IDLE	0	0	0	0	0	0	0
2025-09-06 19:02:00+00	OLD	SEALED_MIST	0	0	0	0	0	0	3
2025-09-06 19:02:00+00	NEW	IDLE	0	0	0	0	0	0	0
2025-09-06 19:14:00+00	OLD	SEALED_MIST	0	0	0	0	0	0	0
2025-09-06 19:14:00+00	NEW	IDLE	0	0	0	0	0	0	0
2025-09-06 19:16:00+00	OLD	SEALED_MIST	0	0	0	0	0	0	1
2025-09-06 19:16:00+00	NEW	IDLE	0	0	0	0	0	0	0
2025-09-06 19:18:00+00	OLD	SEALED_MIST	0	0	0	0	0	0	1
2025-09-06 19:18:00+00	NEW	IDLE	0	0	0	0	0	0	0
2025-09-06 19:20:00+00	OLD	SEALED_MIST	0	0	0	0	0	0	1
2025-09-06 19:20:00+00	NEW	IDLE	0	0	0	0	0	0	0
2025-09-06 19:32:00+00	OLD	SEALED_MIST	0	0	0	0	0	0	0
2025-09-06 19:32:00+00	NEW	IDLE	0	0	0	0	0	0	0
2025-09-06 19:34:00+00	OLD	SEALED_MIST	0	0	0	0	0	0	1
2025-09-06 19:34:00+00	NEW	IDLE	0	0	0	0	0	0	0
2025-09-06 19:38:00+00	OLD	SEALED_MIST	0	0	0	0	0	0	0
2025-09-06 19:38:00+00	NEW	IDLE	0	0	0	0	0	0	0
2025-09-06 19:40:00+00	OLD	SEALED_MIST	0	0	0	0	0	0	1
2025-09-06 19:40:00+00	NEW	IDLE	0	0	0	0	0	0	0
2025-09-06 19:42:00+00	OLD	SEALED_MIST	0	0	0	0	0	0	1
2025-09-06 19:42:00+00	NEW	IDLE	0	0	0	0	0	0	0
2025-09-06 19:44:00+00	OLD	SEALED_MIST	0	0	0	0	0	0	1
2025-09-06 19:44:00+00	NEW	IDLE	0	0	0	0	0	0	0
2025-09-06 19:56:00+00	OLD	SEALED_MIST	0	0	0	0	0	0	0
2025-09-06 19:56:00+00	NEW	IDLE	0	0	0	0	0	0	0
2025-09-06 19:58:00+00	OLD	SEALED_MIST	0	0	0	0	0	0	1
2025-09-06 19:58:00+00	NEW	IDLE	0	0	0	0	0	0	0
2025-09-06 20:00:00+00	OLD	SEALED_MIST	0	0	0	0	0	0	1
2025-09-06 20:00:00+00	NEW	IDLE	0	0	0	0	0	0	0
2025-09-06 20:02:00+00	OLD	SEALED_MIST	0	0	0	0	0	0	1
2025-09-06 20:02:00+00	NEW	IDLE	0	0	0	0	0	0	0
2025-09-06 20:06:00+00	OLD	SEALED_MIST	0	0	0	0	0	0	0
2025-09-06 20:06:00+00	NEW	IDLE	0	0	0	0	0	0	0
2025-09-06 20:08:00+00	OLD	SEALED_MIST	0	0	0	0	0	0	1
2025-09-06 20:08:00+00	NEW	IDLE	0	0	0	0	0	0	0
2025-09-06 20:10:00+00	OLD	SEALED_MIST	0	0	0	0	0	0	1
2025-09-06 20:10:00+00	NEW	IDLE	0	0	0	0	0	0	0
2025-09-06 20:12:00+00	OLD	SEALED_MIST	0	0	0	0	0	0	1
2025-09-06 20:12:00+00	NEW	IDLE	0	0	0	0	0	0	0
2025-09-06 20:18:00+00	OLD	SEALED_MIST	0	0	0	0	0	0	0
2025-09-06 20:18:00+00	NEW	IDLE	0	0	0	0	0	0	0
2025-09-06 20:20:00+00	OLD	SEALED_MIST	0	0	0	0	0	0	1
2025-09-06 20:20:00+00	NEW	IDLE	0	0	0	0	0	0	0
2025-09-06 20:22:00+00	OLD	SEALED_MIST	0	0	0	0	0	0	1
2025-09-06 20:22:00+00	NEW	IDLE	0	0	0	0	0	0	0
2025-09-06 20:24:00+00	OLD	SEALED_MIST	0	0	0	0	0	0	1
2025-09-06 20:24:00+00	NEW	IDLE	0	0	0	0	0	0	0
2025-09-06 20:30:00+00	OLD	SEALED_MIST	0	0	0	0	0	0	0
2025-09-06 20:30:00+00	NEW	IDLE	0	0	0	0	0	0	0
2025-09-06 20:32:00+00	OLD	SEALED_MIST	0	0	0	0	0	0	1
2025-09-06 20:32:00+00	NEW	IDLE	0	0	0	0	0	0	0
2025-09-06 20:34:00+00	OLD	SEALED_MIST	0	0	0	0	0	0	1
2025-09-06 20:34:00+00	NEW	IDLE	0	0	0	0	0	0	0
2025-09-06 20:36:00+00	OLD	SEALED_MIST	0	0	0	0	0	0	1
2025-09-06 20:36:00+00	NEW	IDLE	0	0	0	0	0	0	0
2025-09-06 20:40:00+00	OLD	SEALED_MIST	0	0	0	0	0	0	0
2025-09-06 20:40:00+00	NEW	IDLE	0	0	0	0	0	0	0
2025-09-06 20:42:00+00	OLD	SEALED_MIST	0	0	0	0	0	0	1
2025-09-06 20:42:00+00	NEW	IDLE	0	0	0	0	0	0	0
2025-09-06 20:44:00+00	OLD	SEALED_MIST	0	0	0	0	0	0	1
2025-09-06 20:44:00+00	NEW	IDLE	0	0	0	0	0	0	0
2025-09-06 20:46:00+00	OLD	SEALED_MIST	0	0	0	0	0	0	1
2025-09-06 20:46:00+00	NEW	IDLE	0	0	0	0	0	0	0
2025-09-06 20:58:00+00	OLD	SEALED_MIST	0	0	0	0	0	0	0
2025-09-06 20:58:00+00	NEW	IDLE	0	0	0	0	0	0	0
2025-09-06 21:00:00+00	OLD	SEALED_MIST	0	0	0	0	0	0	1
2025-09-06 21:00:00+00	NEW	IDLE	0	0	0	0	0	0	0
2025-09-06 21:02:00+00	OLD	SEALED_MIST	0	0	0	0	0	0	1
2025-09-06 21:02:00+00	NEW	IDLE	0	0	0	0	0	0	0
2025-09-06 21:04:00+00	OLD	SEALED_MIST	0	0	0	0	0	0	1
2025-09-06 21:04:00+00	NEW	IDLE	0	0	0	0	0	0	0
2025-09-06 21:10:00+00	OLD	SEALED_MIST	0	0	0	0	0	0	0
2025-09-06 21:10:00+00	NEW	IDLE	0	0	0	0	0	0	0
2025-09-06 21:12:00+00	OLD	SEALED_MIST	0	0	0	0	0	0	1
2025-09-06 21:12:00+00	NEW	IDLE	0	0	0	0	0	0	0
2025-09-06 21:14:00+00	OLD	SEALED_MIST	0	0	0	0	0	0	1
2025-09-06 21:14:00+00	NEW	IDLE	0	0	0	0	0	0	0
2025-09-06 21:16:00+00	OLD	SEALED_MIST	0	0	0	0	0	0	1
2025-09-06 21:16:00+00	NEW	IDLE	0	0	0	0	0	0	0
2025-09-06 21:22:00+00	OLD	SEALED_MIST	0	0	0	0	0	0	0
2025-09-06 21:22:00+00	NEW	IDLE	0	0	0	0	0	0	0
2025-09-06 21:24:00+00	OLD	SEALED_MIST	0	0	0	0	0	0	1
2025-09-06 21:24:00+00	NEW	IDLE	0	0	0	0	0	0	0
2025-09-06 21:26:00+00	OLD	SEALED_MIST	0	0	0	0	0	0	1
2025-09-06 21:26:00+00	NEW	IDLE	0	0	0	0	0	0	0
2025-09-06 21:28:00+00	OLD	SEALED_MIST	0	0	0	0	0	0	1
2025-09-06 21:28:00+00	NEW	IDLE	0	0	0	0	0	0	0
2025-09-06 21:32:00+00	OLD	SEALED_MIST	0	0	0	0	0	0	0
2025-09-06 21:32:00+00	NEW	IDLE	0	0	0	0	0	0	0
2025-09-06 21:34:00+00	OLD	SEALED_MIST	0	0	0	0	0	0	1
2025-09-06 21:34:00+00	NEW	IDLE	0	0	0	0	0	0	0
2025-09-06 21:36:00+00	OLD	SEALED_MIST	0	0	0	0	0	0	1
2025-09-06 21:36:00+00	NEW	IDLE	0	0	0	0	0	0	0
2025-09-06 21:38:00+00	OLD	SEALED_MIST	0	0	0	0	0	0	1
2025-09-06 21:38:00+00	NEW	IDLE	0	0	0	0	0	0	0
2025-09-06 21:50:00+00	OLD	SEALED_MIST	0	0	0	0	0	0	0
2025-09-06 21:50:00+00	NEW	IDLE	0	0	0	0	0	0	0
2025-09-06 21:52:00+00	OLD	SEALED_MIST	0	0	0	0	0	0	1
2025-09-06 21:52:00+00	NEW	IDLE	0	0	0	0	0	0	0
2025-09-06 21:54:00+00	OLD	SEALED_MIST	0	0	0	0	0	0	1
2025-09-06 21:54:00+00	NEW	IDLE	0	0	0	0	0	0	0
2025-09-06 21:56:00+00	OLD	SEALED_MIST	0	0	0	0	0	0	1
2025-09-06 21:56:00+00	NEW	IDLE	0	0	0	0	0	0	0
2025-09-07 19:36:00+00	OLD	SEALED_MIST	0	0	0	0	0	0	0
2025-09-07 19:36:00+00	NEW	IDLE	0	0	0	0	0	0	0
2025-09-07 19:40:00+00	OLD	SEALED_MIST	0	0	0	0	0	0	0
2025-09-07 19:40:00+00	NEW	IDLE	0	0	0	0	0	0	0
2025-09-07 19:42:00+00	OLD	SEALED_MIST	0	0	0	0	0	0	1
2025-09-07 19:42:00+00	NEW	IDLE	0	0	0	0	0	0	0
2025-09-07 19:44:00+00	OLD	SEALED_MIST	0	0	0	0	0	0	1
2025-09-07 19:44:00+00	NEW	IDLE	0	0	0	0	0	0	0
2025-09-07 19:46:00+00	OLD	SEALED_MIST	0	0	0	0	0	0	1
2025-09-07 19:46:00+00	NEW	IDLE	0	0	0	0	0	0	0
2026-01-26 19:20:00+00	OLD	SEALED_MIST	0	0	0	0	0	0	0
2026-01-26 19:20:00+00	NEW	IDLE	0	0	0	0	0	0	0
2026-01-26 19:44:00+00	OLD	SEALED_MIST	0	0	0	0	0	0	0
2026-01-26 19:44:00+00	NEW	IDLE	0	0	0	0	0	0	0
2026-01-26 21:34:00+00	OLD	SEALED_MIST	0	0	0	0	0	0	0
2026-01-26 21:34:00+00	NEW	IDLE	0	0	0	0	0	0	0
2026-01-29 21:02:00+00	OLD	SEALED_MIST	0	0	0	0	0	0	0
2026-01-29 21:02:00+00	NEW	IDLE	0	0	0	0	0	0	0
2026-01-30 19:34:00+00	OLD	SEALED_MIST	0	0	0	0	0	0	0
2026-01-30 19:34:00+00	NEW	IDLE	0	0	0	0	0	0	0
2026-01-30 20:00:00+00	OLD	SEALED_MIST	0	0	0	0	0	0	0
2026-01-30 20:00:00+00	NEW	IDLE	0	0	0	0	0	0	0
2026-01-30 21:10:00+00	OLD	SEALED_MIST	0	0	0	0	0	0	0
2026-01-30 21:10:00+00	NEW	IDLE	0	0	0	0	0	0	0
2026-01-31 20:08:00+00	OLD	SEALED_MIST	0	0	0	0	0	0	0
2026-01-31 20:08:00+00	NEW	IDLE	0	0	0	0	0	0	0
2026-01-31 20:46:00+00	OLD	SEALED_MIST	0	0	0	0	0	0	0
2026-01-31 20:46:00+00	NEW	IDLE	0	0	0	0	0	0	0
2026-02-01 19:00:00+00	OLD	SEALED_MIST	0	0	0	0	0	0	0
2026-02-01 19:00:00+00	NEW	IDLE	0	0	0	0	0	0	0
2026-02-01 19:44:00+00	OLD	SEALED_MIST	0	0	0	0	0	0	0
2026-02-01 19:44:00+00	NEW	IDLE	0	0	0	0	0	0	0
2026-02-01 20:04:00+00	OLD	SEALED_MIST	0	0	0	0	0	0	0
2026-02-01 20:04:00+00	NEW	IDLE	0	0	0	0	0	0	0
2026-02-02 21:44:00+00	OLD	SEALED_MIST	0	0	0	0	0	0	0
2026-02-02 21:44:00+00	NEW	IDLE	0	0	0	0	0	0	0
2026-02-04 19:34:00+00	OLD	SEALED_MIST	0	0	0	0	0	0	0
2026-02-04 19:34:00+00	NEW	IDLE	0	0	0	0	0	0	0
2026-02-04 21:20:00+00	OLD	SEALED_MIST	0	0	0	0	0	0	0
2026-02-04 21:20:00+00	NEW	IDLE	0	0	0	0	0	0	0
2026-02-06 21:30:00+00	OLD	SEALED_MIST	0	0	0	0	0	0	0
2026-02-06 21:30:00+00	NEW	IDLE	0	0	0	0	0	0	0
2026-02-08 18:44:00+00	OLD	VENTILATE	1	1	1	0	0	0	0
2026-02-08 18:44:00+00	NEW	VENTILATE	0	1	1	0	0	0	0
2026-02-08 18:46:00+00	OLD	VENTILATE	1	1	1	0	0	0	0
2026-02-08 18:46:00+00	NEW	VENTILATE	0	1	1	0	0	0	0
2026-02-08 18:48:00+00	OLD	VENTILATE	1	1	1	0	0	0	0
2026-02-08 18:48:00+00	NEW	VENTILATE	0	1	1	0	0	0	0
2026-02-08 18:50:00+00	OLD	VENTILATE	1	1	1	0	0	0	0
2026-02-08 18:50:00+00	NEW	VENTILATE	0	1	1	0	0	0	0
2026-02-08 18:52:00+00	OLD	VENTILATE	1	1	1	0	0	0	0
2026-02-08 18:52:00+00	NEW	VENTILATE	0	1	1	0	0	0	0
2026-02-08 18:54:00+00	OLD	VENTILATE	1	1	1	0	0	0	0
2026-02-08 18:54:00+00	NEW	VENTILATE	0	1	1	0	0	0	0
2026-02-08 18:56:00+00	OLD	VENTILATE	1	1	1	0	0	0	0
2026-02-08 18:56:00+00	NEW	VENTILATE	0	1	1	0	0	0	0
2026-02-08 18:58:00+00	OLD	VENTILATE	1	1	1	0	0	0	0
2026-02-08 18:58:00+00	NEW	VENTILATE	0	1	1	0	0	0	0
2026-02-09 18:40:00+00	OLD	SEALED_MIST	0	0	0	0	0	0	0
2026-02-09 18:40:00+00	NEW	IDLE	0	0	0	0	0	0	0
2026-02-09 18:42:00+00	OLD	VENTILATE	1	1	1	0	0	0	0
2026-02-09 18:42:00+00	NEW	VENTILATE	0	1	1	0	0	0	0
2026-02-09 18:44:00+00	OLD	VENTILATE	1	1	1	1	0	0	0
2026-02-09 18:44:00+00	NEW	VENTILATE	0	1	1	1	0	0	0
2026-02-09 18:46:00+00	OLD	VENTILATE	1	1	1	1	0	0	0
2026-02-09 18:46:00+00	NEW	VENTILATE	0	1	1	1	0	0	0
2026-02-09 18:48:00+00	OLD	VENTILATE	1	1	1	1	0	0	0
2026-02-09 18:48:00+00	NEW	VENTILATE	0	1	1	1	0	0	0
2026-02-09 18:50:00+00	OLD	VENTILATE	1	1	1	1	0	0	0
2026-02-09 18:50:00+00	NEW	VENTILATE	0	1	1	1	0	0	0
2026-02-09 18:52:00+00	OLD	VENTILATE	1	1	1	1	0	0	0
2026-02-09 18:52:00+00	NEW	VENTILATE	0	1	1	1	0	0	0
2026-02-09 18:54:00+00	OLD	VENTILATE	1	1	1	0	0	0	0
2026-02-09 18:54:00+00	NEW	VENTILATE	0	1	1	0	0	0	0
2026-02-09 18:56:00+00	OLD	VENTILATE	1	1	1	0	0	0	0
2026-02-09 18:56:00+00	NEW	VENTILATE	0	1	1	0	0	0	0
2026-02-09 18:58:00+00	OLD	VENTILATE	1	1	1	0	0	0	0
2026-02-09 18:58:00+00	NEW	VENTILATE	0	1	1	0	0	0	0
2026-02-10 00:00:00+00	OLD	SEALED_MIST	0	0	0	0	0	0	0
2026-02-10 00:00:00+00	NEW	IDLE	0	0	0	0	0	0	0
2026-02-10 00:02:00+00	OLD	SEALED_MIST	0	0	0	0	0	0	1
2026-02-10 00:02:00+00	NEW	IDLE	0	0	0	0	0	0	0
2026-02-11 18:58:00+00	OLD	SEALED_MIST	0	0	0	0	0	0	0
2026-02-11 18:58:00+00	NEW	IDLE	0	0	0	0	0	0	0
2026-02-11 19:48:00+00	OLD	SEALED_MIST	0	0	0	0	0	0	0
2026-02-11 19:48:00+00	NEW	IDLE	0	0	0	0	0	0	0
2026-02-11 19:50:00+00	OLD	SEALED_MIST	0	0	0	0	0	0	1
2026-02-11 19:50:00+00	NEW	IDLE	0	0	0	0	0	0	0
2026-02-11 20:34:00+00	OLD	SEALED_MIST	0	0	0	0	0	0	0
2026-02-11 20:34:00+00	NEW	IDLE	0	0	0	0	0	0	0
2026-02-11 20:36:00+00	OLD	SEALED_MIST	0	0	0	0	0	0	1
2026-02-11 20:36:00+00	NEW	IDLE	0	0	0	0	0	0	0
2026-02-11 21:12:00+00	OLD	SEALED_MIST	0	0	0	0	0	0	0
2026-02-11 21:12:00+00	NEW	IDLE	0	0	0	0	0	0	0
2026-02-11 21:34:00+00	OLD	SEALED_MIST	0	0	0	0	0	0	0
2026-02-11 21:34:00+00	NEW	IDLE	0	0	0	0	0	0	0
2026-02-11 21:48:00+00	OLD	SEALED_MIST	0	0	0	0	0	0	0
2026-02-11 21:48:00+00	NEW	IDLE	0	0	0	0	0	0	0
2026-02-11 21:50:00+00	OLD	SEALED_MIST	0	0	0	0	0	0	1
2026-02-11 21:50:00+00	NEW	IDLE	0	0	0	0	0	0	0
2026-02-11 21:52:00+00	OLD	SEALED_MIST	0	0	0	0	0	0	1
2026-02-11 21:52:00+00	NEW	IDLE	0	0	0	0	0	0	0
2026-02-12 18:40:00+00	OLD	VENTILATE	1	1	1	0	0	0	0
2026-02-12 18:40:00+00	NEW	VENTILATE	0	1	1	0	0	0	0
2026-02-12 18:42:00+00	OLD	VENTILATE	1	1	1	0	0	0	0
2026-02-12 18:42:00+00	NEW	VENTILATE	0	1	1	0	0	0	0
2026-02-12 18:56:00+00	OLD	VENTILATE	1	1	1	0	0	0	0
2026-02-12 18:56:00+00	NEW	VENTILATE	0	1	1	0	0	0	0
2026-02-12 18:58:00+00	OLD	VENTILATE	1	1	1	0	0	0	0
2026-02-12 18:58:00+00	NEW	VENTILATE	0	1	1	0	0	0	0
2026-02-12 19:28:00+00	OLD	SEALED_MIST	0	0	0	0	0	0	0
2026-02-12 19:28:00+00	NEW	IDLE	0	0	0	0	0	0	0
2026-02-12 19:46:00+00	OLD	SEALED_MIST	0	0	0	0	0	0	0
2026-02-12 19:46:00+00	NEW	IDLE	0	0	0	0	0	0	0
2026-02-12 21:50:00+00	OLD	SEALED_MIST	0	0	0	0	0	0	0
2026-02-12 21:50:00+00	NEW	IDLE	0	0	0	0	0	0	0
2026-02-13 18:46:00+00	OLD	SEALED_MIST	0	0	0	0	0	0	0
2026-02-13 18:46:00+00	NEW	IDLE	0	0	0	0	0	0	0
2026-02-13 18:48:00+00	OLD	SEALED_MIST	0	0	0	0	0	0	1
2026-02-13 18:48:00+00	NEW	IDLE	0	0	0	0	0	0	0
2026-02-13 21:38:00+00	OLD	SEALED_MIST	0	0	0	0	0	0	0
2026-02-13 21:38:00+00	NEW	IDLE	0	0	0	0	0	0	0
2026-02-13 21:40:00+00	OLD	SEALED_MIST	0	0	0	0	0	0	1
2026-02-13 21:40:00+00	NEW	IDLE	0	0	0	0	0	0	0
2026-02-14 18:44:00+00	OLD	VENTILATE	1	1	1	0	0	0	0
2026-02-14 18:44:00+00	NEW	VENTILATE	0	1	1	0	0	0	0
2026-02-14 18:46:00+00	OLD	VENTILATE	1	1	1	0	0	0	0
2026-02-14 18:46:00+00	NEW	VENTILATE	0	1	1	0	0	0	0
2026-02-14 18:48:00+00	OLD	VENTILATE	1	1	1	0	0	0	0
2026-02-14 18:48:00+00	NEW	VENTILATE	0	1	1	0	0	0	0
2026-02-14 18:50:00+00	OLD	VENTILATE	1	1	1	0	0	0	0
2026-02-14 18:50:00+00	NEW	VENTILATE	0	1	1	0	0	0	0
2026-02-14 18:52:00+00	OLD	VENTILATE	1	1	1	0	0	0	0
2026-02-14 18:52:00+00	NEW	VENTILATE	0	1	1	0	0	0	0
2026-02-14 18:54:00+00	OLD	VENTILATE	1	1	1	0	0	0	0
2026-02-14 18:54:00+00	NEW	VENTILATE	0	1	1	0	0	0	0
2026-02-14 18:56:00+00	OLD	VENTILATE	1	1	1	0	0	0	0
2026-02-14 18:56:00+00	NEW	VENTILATE	0	1	1	0	0	0	0
2026-02-14 18:58:00+00	OLD	VENTILATE	1	1	1	0	0	0	0
2026-02-14 18:58:00+00	NEW	VENTILATE	0	1	1	0	0	0	0
2026-02-14 21:08:00+00	OLD	SEALED_MIST	0	0	0	0	0	0	0
2026-02-14 21:08:00+00	NEW	IDLE	0	0	0	0	0	0	0
2026-02-15 18:32:00+00	OLD	SEALED_MIST	0	0	0	0	0	0	0
2026-02-15 18:32:00+00	NEW	IDLE	0	0	0	0	0	0	0
2026-02-15 18:36:00+00	OLD	VENTILATE	1	1	1	0	0	0	0
2026-02-15 18:36:00+00	NEW	VENTILATE	0	1	1	0	0	0	0
2026-02-15 18:38:00+00	OLD	VENTILATE	1	1	1	0	0	0	0
2026-02-15 18:38:00+00	NEW	VENTILATE	0	1	1	0	0	0	0
2026-02-15 18:40:00+00	OLD	VENTILATE	1	1	1	0	0	0	0
2026-02-15 18:40:00+00	NEW	VENTILATE	0	1	1	0	0	0	0
2026-02-15 18:42:00+00	OLD	VENTILATE	1	1	1	0	0	0	0
2026-02-15 18:42:00+00	NEW	VENTILATE	0	1	1	0	0	0	0
2026-02-15 18:44:00+00	OLD	VENTILATE	1	1	1	0	0	0	0
2026-02-15 18:44:00+00	NEW	VENTILATE	0	1	1	0	0	0	0
2026-02-15 18:46:00+00	OLD	VENTILATE	1	1	1	0	0	0	0
2026-02-15 18:46:00+00	NEW	VENTILATE	0	1	1	0	0	0	0
2026-02-15 18:48:00+00	OLD	VENTILATE	1	1	1	0	0	0	0
2026-02-15 18:48:00+00	NEW	VENTILATE	0	1	1	0	0	0	0
2026-02-15 18:50:00+00	OLD	VENTILATE	1	1	1	0	0	0	0
2026-02-15 18:50:00+00	NEW	VENTILATE	0	1	1	0	0	0	0
2026-02-15 18:52:00+00	OLD	VENTILATE	1	1	1	1	0	0	0
2026-02-15 18:52:00+00	NEW	VENTILATE	0	1	1	1	0	0	0
2026-02-15 18:54:00+00	OLD	VENTILATE	1	1	1	1	0	0	0
2026-02-15 18:54:00+00	NEW	VENTILATE	0	1	1	1	0	0	0
2026-02-15 18:56:00+00	OLD	VENTILATE	1	1	1	1	0	0	0
2026-02-15 18:56:00+00	NEW	VENTILATE	0	1	1	1	0	0	0
2026-02-15 18:58:00+00	OLD	VENTILATE	1	1	1	1	0	0	0
2026-02-15 18:58:00+00	NEW	VENTILATE	0	1	1	1	0	0	0
2026-02-16 18:06:00+00	OLD	SEALED_MIST	0	0	0	0	0	0	0
2026-02-16 18:06:00+00	NEW	IDLE	0	0	0	0	0	0	0
2026-02-16 18:08:00+00	OLD	SEALED_MIST	0	0	0	0	0	0	1
2026-02-16 18:08:00+00	NEW	IDLE	0	0	0	0	0	0	0
2026-02-16 18:12:00+00	OLD	VENTILATE	1	1	1	0	0	0	0
2026-02-16 18:12:00+00	NEW	VENTILATE	0	1	1	0	0	0	0
2026-02-16 18:14:00+00	OLD	VENTILATE	1	1	1	0	0	0	0
2026-02-16 18:14:00+00	NEW	VENTILATE	0	1	1	0	0	0	0
2026-02-16 18:16:00+00	OLD	SEALED_MIST	1	0	0	0	0	0	3
2026-02-16 18:16:00+00	NEW	IDLE	0	0	0	0	0	0	0
2026-02-16 18:34:00+00	OLD	VENTILATE	1	1	1	0	0	0	0
2026-02-16 18:34:00+00	NEW	VENTILATE	0	1	1	0	0	0	0
2026-02-16 18:36:00+00	OLD	VENTILATE	1	1	1	0	0	0	0
2026-02-16 18:36:00+00	NEW	VENTILATE	0	1	1	0	0	0	0
2026-02-16 18:38:00+00	OLD	VENTILATE	1	1	1	0	0	0	0
2026-02-16 18:38:00+00	NEW	VENTILATE	0	1	1	0	0	0	0
2026-02-16 18:40:00+00	OLD	VENTILATE	1	1	1	0	0	0	0
2026-02-16 18:40:00+00	NEW	VENTILATE	0	1	1	0	0	0	0
2026-02-16 18:42:00+00	OLD	VENTILATE	1	1	1	0	0	0	0
2026-02-16 18:42:00+00	NEW	VENTILATE	0	1	1	0	0	0	0
2026-02-16 18:44:00+00	OLD	VENTILATE	1	1	1	0	0	0	0
2026-02-16 18:44:00+00	NEW	VENTILATE	0	1	1	0	0	0	0
2026-02-16 18:46:00+00	OLD	VENTILATE	1	1	1	0	0	0	0
2026-02-16 18:46:00+00	NEW	VENTILATE	0	1	1	0	0	0	0
2026-02-16 18:48:00+00	OLD	VENTILATE	1	1	1	0	0	0	0
2026-02-16 18:48:00+00	NEW	VENTILATE	0	1	1	0	0	0	0
2026-02-16 18:50:00+00	OLD	VENTILATE	1	1	1	0	0	0	0
2026-02-16 18:50:00+00	NEW	VENTILATE	0	1	1	0	0	0	0
2026-02-16 18:52:00+00	OLD	VENTILATE	1	1	1	1	0	0	0
2026-02-16 18:52:00+00	NEW	VENTILATE	0	1	1	1	0	0	0
2026-02-16 18:54:00+00	OLD	VENTILATE	1	1	1	1	0	0	0
2026-02-16 18:54:00+00	NEW	VENTILATE	0	1	1	1	0	0	0
2026-02-16 18:56:00+00	OLD	VENTILATE	1	1	1	1	0	0	0
2026-02-16 18:56:00+00	NEW	VENTILATE	0	1	1	1	0	0	0
2026-02-16 18:58:00+00	OLD	VENTILATE	1	1	1	1	0	0	0
2026-02-16 18:58:00+00	NEW	VENTILATE	0	1	1	1	0	0	0
2026-02-16 20:14:00+00	OLD	SEALED_MIST	0	0	0	0	0	0	0
2026-02-16 20:14:00+00	NEW	IDLE	0	0	0	0	0	0	0
2026-02-16 20:16:00+00	OLD	SEALED_MIST	0	0	0	0	0	0	1
2026-02-16 20:16:00+00	NEW	IDLE	0	0	0	0	0	0	0
2026-02-16 21:28:00+00	OLD	SEALED_MIST	0	0	0	0	0	0	0
2026-02-16 21:28:00+00	NEW	IDLE	0	0	0	0	0	0	0
2026-02-16 21:38:00+00	OLD	SEALED_MIST	0	0	0	0	0	0	0
2026-02-16 21:38:00+00	NEW	IDLE	0	0	0	0	0	0	0
2026-02-17 18:28:00+00	OLD	VENTILATE	1	1	1	0	0	0	0
2026-02-17 18:28:00+00	NEW	VENTILATE	0	1	1	0	0	0	0
2026-02-17 18:30:00+00	OLD	VENTILATE	1	1	1	0	0	0	0
2026-02-17 18:30:00+00	NEW	VENTILATE	0	1	1	0	0	0	0
2026-02-17 18:32:00+00	OLD	VENTILATE	1	1	1	0	0	0	0
2026-02-17 18:32:00+00	NEW	VENTILATE	0	1	1	0	0	0	0
2026-02-17 18:34:00+00	OLD	VENTILATE	1	1	1	0	0	0	0
2026-02-17 18:34:00+00	NEW	VENTILATE	0	1	1	0	0	0	0
2026-02-17 18:36:00+00	OLD	VENTILATE	1	1	1	0	0	0	0
2026-02-17 18:36:00+00	NEW	VENTILATE	0	1	1	0	0	0	0
2026-02-17 18:38:00+00	OLD	VENTILATE	1	1	1	0	0	0	0
2026-02-17 18:38:00+00	NEW	VENTILATE	0	1	1	0	0	0	0
2026-02-17 18:40:00+00	OLD	VENTILATE	1	1	1	0	0	0	0
2026-02-17 18:40:00+00	NEW	VENTILATE	0	1	1	0	0	0	0
2026-02-17 18:42:00+00	OLD	VENTILATE	1	1	1	0	0	0	0
2026-02-17 18:42:00+00	NEW	VENTILATE	0	1	1	0	0	0	0
2026-02-17 18:44:00+00	OLD	VENTILATE	1	1	1	0	0	0	0
2026-02-17 18:44:00+00	NEW	VENTILATE	0	1	1	0	0	0	0
2026-02-17 18:46:00+00	OLD	VENTILATE	1	1	1	1	0	0	0
2026-02-17 18:46:00+00	NEW	VENTILATE	0	1	1	1	0	0	0
2026-02-17 18:48:00+00	OLD	VENTILATE	1	1	1	1	0	0	0
2026-02-17 18:48:00+00	NEW	VENTILATE	0	1	1	1	0	0	0
2026-02-17 18:50:00+00	OLD	VENTILATE	1	1	1	1	0	0	0
2026-02-17 18:50:00+00	NEW	VENTILATE	0	1	1	1	0	0	0
2026-02-17 18:52:00+00	OLD	VENTILATE	1	1	1	1	0	0	0
2026-02-17 18:52:00+00	NEW	VENTILATE	0	1	1	1	0	0	0
2026-02-17 18:54:00+00	OLD	VENTILATE	1	1	1	1	0	0	0
2026-02-17 18:54:00+00	NEW	VENTILATE	0	1	1	1	0	0	0
2026-02-17 18:56:00+00	OLD	VENTILATE	1	1	1	1	0	0	0
2026-02-17 18:56:00+00	NEW	VENTILATE	0	1	1	1	0	0	0
2026-02-17 18:58:00+00	OLD	VENTILATE	1	1	1	1	0	0	0
2026-02-17 18:58:00+00	NEW	VENTILATE	0	1	1	1	0	0	0
2026-02-18 18:18:00+00	OLD	SEALED_MIST	0	0	0	0	0	0	0
2026-02-18 18:18:00+00	NEW	IDLE	0	0	0	0	0	0	0
2026-02-18 18:48:00+00	OLD	VENTILATE	1	1	1	0	0	0	0
2026-02-18 18:48:00+00	NEW	VENTILATE	0	1	1	0	0	0	0
2026-02-18 18:50:00+00	OLD	VENTILATE	1	1	1	0	0	0	0
2026-02-18 18:50:00+00	NEW	VENTILATE	0	1	1	0	0	0	0
2026-02-18 18:52:00+00	OLD	VENTILATE	1	1	1	0	0	0	0
2026-02-18 18:52:00+00	NEW	VENTILATE	0	1	1	0	0	0	0
2026-02-18 18:54:00+00	OLD	VENTILATE	1	1	1	0	0	0	0
2026-02-18 18:54:00+00	NEW	VENTILATE	0	1	1	0	0	0	0
2026-02-18 18:56:00+00	OLD	VENTILATE	1	1	1	0	0	0	0
2026-02-18 18:56:00+00	NEW	VENTILATE	0	1	1	0	0	0	0
2026-02-18 18:58:00+00	OLD	VENTILATE	1	1	1	0	0	0	0
2026-02-18 18:58:00+00	NEW	VENTILATE	0	1	1	0	0	0	0
2026-02-18 19:30:00+00	OLD	SEALED_MIST	0	0	0	0	0	0	0
2026-02-18 19:30:00+00	NEW	IDLE	0	0	0	0	0	0	0
2026-02-18 19:54:00+00	OLD	SEALED_MIST	0	0	0	0	0	0	0
2026-02-18 19:54:00+00	NEW	IDLE	0	0	0	0	0	0	0
2026-02-18 20:02:00+00	OLD	SEALED_MIST	0	0	0	0	0	0	0
2026-02-18 20:02:00+00	NEW	IDLE	0	0	0	0	0	0	0
2026-02-18 20:04:00+00	OLD	SEALED_MIST	0	0	0	0	0	0	1
2026-02-18 20:04:00+00	NEW	IDLE	0	0	0	0	0	0	0
2026-02-18 20:10:00+00	OLD	SEALED_MIST	0	0	0	0	0	0	0
2026-02-18 20:10:00+00	NEW	IDLE	0	0	0	0	0	0	0
2026-02-18 20:12:00+00	OLD	SEALED_MIST	0	0	0	0	0	0	1
2026-02-18 20:12:00+00	NEW	IDLE	0	0	0	0	0	0	0
2026-02-18 20:14:00+00	OLD	SEALED_MIST	0	0	0	0	0	0	1
2026-02-18 20:14:00+00	NEW	IDLE	0	0	0	0	0	0	0
2026-02-18 20:16:00+00	OLD	SEALED_MIST	0	0	0	0	0	0	1
2026-02-18 20:16:00+00	NEW	IDLE	0	0	0	0	0	0	0
2026-02-18 20:42:00+00	OLD	SEALED_MIST	0	0	0	0	0	0	0
2026-02-18 20:42:00+00	NEW	IDLE	0	0	0	0	0	0	0
2026-02-19 18:48:00+00	OLD	SEALED_MIST	0	0	0	0	0	0	0
2026-02-19 18:48:00+00	NEW	IDLE	0	0	0	0	0	0	0
2026-02-19 19:02:00+00	OLD	SEALED_MIST	0	0	0	0	0	0	0
2026-02-19 19:02:00+00	NEW	IDLE	0	0	0	0	0	0	0
2026-02-19 19:04:00+00	OLD	SEALED_MIST	0	0	0	0	0	0	1
2026-02-19 19:04:00+00	NEW	IDLE	0	0	0	0	0	0	0
2026-02-19 19:16:00+00	OLD	SEALED_MIST	0	0	0	0	0	0	0
2026-02-19 19:16:00+00	NEW	IDLE	0	0	0	0	0	0	0
2026-02-19 19:18:00+00	OLD	SEALED_MIST	0	0	0	0	0	0	1
2026-02-19 19:18:00+00	NEW	IDLE	0	0	0	0	0	0	0
2026-02-19 19:50:00+00	OLD	SEALED_MIST	0	0	0	0	0	0	0
2026-02-19 19:50:00+00	NEW	IDLE	0	0	0	0	0	0	0
2026-02-19 19:52:00+00	OLD	SEALED_MIST	0	0	0	0	0	0	1
2026-02-19 19:52:00+00	NEW	IDLE	0	0	0	0	0	0	0
2026-02-19 21:08:00+00	OLD	SEALED_MIST	0	0	0	0	0	0	0
2026-02-19 21:08:00+00	NEW	IDLE	0	0	0	0	0	0	0
2026-02-19 21:10:00+00	OLD	SEALED_MIST	0	0	0	0	0	0	1
2026-02-19 21:10:00+00	NEW	IDLE	0	0	0	0	0	0	0
2026-02-21 18:26:00+00	OLD	SEALED_MIST	0	0	0	0	0	0	0
2026-02-21 18:26:00+00	NEW	IDLE	0	0	0	0	0	0	0
2026-02-21 18:28:00+00	OLD	SEALED_MIST	0	0	0	0	0	0	1
2026-02-21 18:28:00+00	NEW	IDLE	0	0	0	0	0	0	0
2026-02-21 18:30:00+00	OLD	SEALED_MIST	0	0	0	0	0	0	1
2026-02-21 18:30:00+00	NEW	IDLE	0	0	0	0	0	0	0
2026-02-21 18:48:00+00	OLD	SEALED_MIST	0	0	0	0	0	0	0
2026-02-21 18:48:00+00	NEW	IDLE	0	0	0	0	0	0	0
2026-02-21 19:00:00+00	OLD	SEALED_MIST	0	0	0	0	0	0	0
2026-02-21 19:00:00+00	NEW	IDLE	0	0	0	0	0	0	0
2026-02-21 19:10:00+00	OLD	SEALED_MIST	0	0	0	0	0	0	0
2026-02-21 19:10:00+00	NEW	IDLE	0	0	0	0	0	0	0
2026-02-21 19:12:00+00	OLD	SEALED_MIST	0	0	0	0	0	0	1
2026-02-21 19:12:00+00	NEW	IDLE	0	0	0	0	0	0	0
2026-02-21 19:14:00+00	OLD	SEALED_MIST	0	0	0	0	0	0	1
2026-02-21 19:14:00+00	NEW	IDLE	0	0	0	0	0	0	0
2026-02-21 19:26:00+00	OLD	SEALED_MIST	0	0	0	0	0	0	0
2026-02-21 19:26:00+00	NEW	IDLE	0	0	0	0	0	0	0
2026-02-21 19:28:00+00	OLD	SEALED_MIST	0	0	0	0	0	0	1
2026-02-21 19:28:00+00	NEW	IDLE	0	0	0	0	0	0	0
2026-02-21 19:48:00+00	OLD	SEALED_MIST	0	0	0	0	0	0	0
2026-02-21 19:48:00+00	NEW	IDLE	0	0	0	0	0	0	0
2026-02-21 19:50:00+00	OLD	SEALED_MIST	0	0	0	0	0	0	1
2026-02-21 19:50:00+00	NEW	IDLE	0	0	0	0	0	0	0
2026-02-21 19:52:00+00	OLD	SEALED_MIST	0	0	0	0	0	0	1
2026-02-21 19:52:00+00	NEW	IDLE	0	0	0	0	0	0	0
2026-02-22 18:24:00+00	OLD	SEALED_MIST	0	0	0	0	0	0	0
2026-02-22 18:24:00+00	NEW	IDLE	0	0	0	0	0	0	0
2026-02-22 18:26:00+00	OLD	SEALED_MIST	0	0	0	0	0	0	1
2026-02-22 18:26:00+00	NEW	IDLE	0	0	0	0	0	0	0
2026-02-22 18:28:00+00	OLD	SEALED_MIST	0	0	0	0	0	0	1
2026-02-22 18:28:00+00	NEW	IDLE	0	0	0	0	0	0	0
2026-02-22 18:30:00+00	OLD	SEALED_MIST	0	0	0	0	0	0	1
2026-02-22 18:30:00+00	NEW	IDLE	0	0	0	0	0	0	0
2026-02-22 18:52:00+00	OLD	SEALED_MIST	0	0	0	0	0	0	0
2026-02-22 18:52:00+00	NEW	IDLE	0	0	0	0	0	0	0
2026-02-22 18:54:00+00	OLD	SEALED_MIST	0	0	0	0	0	0	1
2026-02-22 18:54:00+00	NEW	IDLE	0	0	0	0	0	0	0
2026-02-22 19:06:00+00	OLD	SEALED_MIST	0	0	0	0	0	0	0
2026-02-22 19:06:00+00	NEW	IDLE	0	0	0	0	0	0	0
2026-02-22 19:08:00+00	OLD	SEALED_MIST	0	0	0	0	0	0	1
2026-02-22 19:08:00+00	NEW	IDLE	0	0	0	0	0	0	0
2026-02-22 19:18:00+00	OLD	SEALED_MIST	0	0	0	0	0	0	0
2026-02-22 19:18:00+00	NEW	IDLE	0	0	0	0	0	0	0
2026-02-22 19:20:00+00	OLD	SEALED_MIST	0	0	0	0	0	0	1
2026-02-22 19:20:00+00	NEW	IDLE	0	0	0	0	0	0	0
2026-02-22 19:38:00+00	OLD	SEALED_MIST	0	0	0	0	0	0	0
2026-02-22 19:38:00+00	NEW	IDLE	0	0	0	0	0	0	0
2026-02-22 19:50:00+00	OLD	SEALED_MIST	0	0	0	0	0	0	0
2026-02-22 19:50:00+00	NEW	IDLE	0	0	0	0	0	0	0
2026-02-22 19:52:00+00	OLD	SEALED_MIST	0	0	0	0	0	0	1
2026-02-22 19:52:00+00	NEW	IDLE	0	0	0	0	0	0	0
2026-02-22 20:12:00+00	OLD	SEALED_MIST	0	0	0	0	0	0	0
2026-02-22 20:12:00+00	NEW	IDLE	0	0	0	0	0	0	0
2026-02-22 20:14:00+00	OLD	SEALED_MIST	0	0	0	0	0	0	1
2026-02-22 20:14:00+00	NEW	IDLE	0	0	0	0	0	0	0
2026-02-22 20:42:00+00	OLD	SEALED_MIST	0	0	0	0	0	0	0
2026-02-22 20:42:00+00	NEW	IDLE	0	0	0	0	0	0	0
2026-02-22 20:44:00+00	OLD	SEALED_MIST	0	0	0	0	0	0	1
2026-02-22 20:44:00+00	NEW	IDLE	0	0	0	0	0	0	0
2026-02-22 21:02:00+00	OLD	SEALED_MIST	0	0	0	0	0	0	0
2026-02-22 21:02:00+00	NEW	IDLE	0	0	0	0	0	0	0
2026-02-22 21:04:00+00	OLD	SEALED_MIST	0	0	0	0	0	0	1
2026-02-22 21:04:00+00	NEW	IDLE	0	0	0	0	0	0	0
2026-02-22 21:06:00+00	OLD	SEALED_MIST	0	0	0	0	0	0	1
2026-02-22 21:06:00+00	NEW	IDLE	0	0	0	0	0	0	0
2026-02-22 21:26:00+00	OLD	SEALED_MIST	0	0	0	0	0	0	0
2026-02-22 21:26:00+00	NEW	IDLE	0	0	0	0	0	0	0
2026-02-22 21:50:00+00	OLD	SEALED_MIST	0	0	0	0	0	0	0
2026-02-22 21:50:00+00	NEW	IDLE	0	0	0	0	0	0	0
2026-02-22 21:52:00+00	OLD	SEALED_MIST	0	0	0	0	0	0	1
2026-02-22 21:52:00+00	NEW	IDLE	0	0	0	0	0	0	0
2026-02-22 21:54:00+00	OLD	SEALED_MIST	0	0	0	0	0	0	1
2026-02-22 21:54:00+00	NEW	IDLE	0	0	0	0	0	0	0
2026-02-22 21:56:00+00	OLD	SEALED_MIST	0	0	0	0	0	0	1
2026-02-22 21:56:00+00	NEW	IDLE	0	0	0	0	0	0	0
2026-02-23 18:28:00+00	OLD	SEALED_MIST	0	0	0	0	0	0	0
2026-02-23 18:28:00+00	NEW	IDLE	0	0	0	0	0	0	0
2026-02-23 18:30:00+00	OLD	SEALED_MIST	0	0	0	0	0	0	1
2026-02-23 18:30:00+00	NEW	IDLE	0	0	0	0	0	0	0
2026-02-23 18:42:00+00	OLD	VENTILATE	1	1	1	0	0	0	0
2026-02-23 18:42:00+00	NEW	VENTILATE	0	1	1	0	0	0	0
2026-02-23 18:44:00+00	OLD	VENTILATE	1	1	1	1	0	0	0
2026-02-23 18:44:00+00	NEW	VENTILATE	0	1	1	1	0	0	0
2026-02-23 18:46:00+00	OLD	VENTILATE	1	1	1	0	0	0	0
2026-02-23 18:46:00+00	NEW	VENTILATE	0	1	1	0	0	0	0
2026-02-23 18:48:00+00	OLD	VENTILATE	1	1	1	0	0	0	0
2026-02-23 18:48:00+00	NEW	VENTILATE	0	1	1	0	0	0	0
2026-02-23 18:50:00+00	OLD	VENTILATE	1	1	1	1	0	0	0
2026-02-23 18:50:00+00	NEW	VENTILATE	0	1	1	1	0	0	0
2026-02-23 18:52:00+00	OLD	VENTILATE	1	1	1	0	0	0	0
2026-02-23 18:52:00+00	NEW	VENTILATE	0	1	1	0	0	0	0
2026-02-23 18:54:00+00	OLD	VENTILATE	1	1	1	1	0	0	0
2026-02-23 18:54:00+00	NEW	VENTILATE	0	1	1	1	0	0	0
2026-02-23 18:56:00+00	OLD	VENTILATE	1	1	1	1	0	0	0
2026-02-23 18:56:00+00	NEW	VENTILATE	0	1	1	1	0	0	0
2026-02-23 18:58:00+00	OLD	VENTILATE	1	1	1	0	0	0	0
2026-02-23 18:58:00+00	NEW	VENTILATE	0	1	1	0	0	0	0
2026-02-23 21:10:00+00	OLD	SEALED_MIST	0	0	0	0	0	0	0
2026-02-23 21:10:00+00	NEW	IDLE	0	0	0	0	0	0	0
2026-02-23 21:22:00+00	OLD	SEALED_MIST	0	0	0	0	0	0	0
2026-02-23 21:22:00+00	NEW	IDLE	0	0	0	0	0	0	0
2026-02-23 21:32:00+00	OLD	SEALED_MIST	0	0	0	0	0	0	0
2026-02-23 21:32:00+00	NEW	IDLE	0	0	0	0	0	0	0
2026-02-23 21:40:00+00	OLD	SEALED_MIST	0	0	0	0	0	0	0
2026-02-23 21:40:00+00	NEW	IDLE	0	0	0	0	0	0	0
2026-02-23 21:44:00+00	OLD	SEALED_MIST	0	0	0	0	0	0	0
2026-02-23 21:44:00+00	NEW	IDLE	0	0	0	0	0	0	0
2026-02-24 18:04:00+00	OLD	SEALED_MIST	0	0	0	0	0	0	0
2026-02-24 18:04:00+00	NEW	IDLE	0	0	0	0	0	0	0
2026-02-24 18:18:00+00	OLD	SEALED_MIST	0	0	0	0	0	0	0
2026-02-24 18:18:00+00	NEW	IDLE	0	0	0	0	0	0	0
2026-02-24 18:22:00+00	OLD	VENTILATE	1	1	1	0	0	0	0
2026-02-24 18:22:00+00	NEW	VENTILATE	0	1	1	0	0	0	0
2026-02-24 18:24:00+00	OLD	VENTILATE	1	1	1	0	0	0	0
2026-02-24 18:24:00+00	NEW	VENTILATE	0	1	1	0	0	0	0
2026-02-24 18:26:00+00	OLD	VENTILATE	1	1	1	0	0	0	0
2026-02-24 18:26:00+00	NEW	VENTILATE	0	1	1	0	0	0	0
2026-02-24 18:28:00+00	OLD	VENTILATE	1	1	1	0	0	0	0
2026-02-24 18:28:00+00	NEW	VENTILATE	0	1	1	0	0	0	0
2026-02-24 18:30:00+00	OLD	VENTILATE	1	1	1	0	0	0	0
2026-02-24 18:30:00+00	NEW	VENTILATE	0	1	1	0	0	0	0
2026-02-24 18:34:00+00	OLD	VENTILATE	1	1	1	0	0	0	0
2026-02-24 18:34:00+00	NEW	VENTILATE	0	1	1	0	0	0	0
2026-02-24 18:36:00+00	OLD	VENTILATE	1	1	1	0	0	0	0
2026-02-24 18:36:00+00	NEW	VENTILATE	0	1	1	0	0	0	0
2026-02-24 18:38:00+00	OLD	VENTILATE	1	1	1	0	0	0	0
2026-02-24 18:38:00+00	NEW	VENTILATE	0	1	1	0	0	0	0
2026-02-24 18:40:00+00	OLD	VENTILATE	1	1	1	0	0	0	0
2026-02-24 18:40:00+00	NEW	VENTILATE	0	1	1	0	0	0	0
2026-02-24 18:42:00+00	OLD	VENTILATE	1	1	1	0	0	0	0
2026-02-24 18:42:00+00	NEW	VENTILATE	0	1	1	0	0	0	0
2026-02-24 18:44:00+00	OLD	VENTILATE	1	1	1	0	0	0	0
2026-02-24 18:44:00+00	NEW	VENTILATE	0	1	1	0	0	0	0
2026-02-24 18:46:00+00	OLD	VENTILATE	1	1	1	0	0	0	0
2026-02-24 18:46:00+00	NEW	VENTILATE	0	1	1	0	0	0	0
2026-02-24 18:48:00+00	OLD	VENTILATE	1	1	1	0	0	0	0
2026-02-24 18:48:00+00	NEW	VENTILATE	0	1	1	0	0	0	0
2026-02-24 18:50:00+00	OLD	VENTILATE	1	1	1	0	0	0	0
2026-02-24 18:50:00+00	NEW	VENTILATE	0	1	1	0	0	0	0
2026-02-24 18:52:00+00	OLD	VENTILATE	1	1	1	1	0	0	0
2026-02-24 18:52:00+00	NEW	VENTILATE	0	1	1	1	0	0	0
2026-02-24 18:54:00+00	OLD	VENTILATE	1	1	1	1	0	0	0
2026-02-24 18:54:00+00	NEW	VENTILATE	0	1	1	1	0	0	0
2026-02-24 18:56:00+00	OLD	VENTILATE	1	1	1	1	0	0	0
2026-02-24 18:56:00+00	NEW	VENTILATE	0	1	1	1	0	0	0
2026-02-24 18:58:00+00	OLD	VENTILATE	1	1	1	1	0	0	0
2026-02-24 18:58:00+00	NEW	VENTILATE	0	1	1	1	0	0	0
2026-02-25 00:12:00+00	OLD	SEALED_MIST	0	0	0	0	0	0	0
2026-02-25 00:12:00+00	NEW	IDLE	0	0	0	0	0	0	0
2026-02-25 18:02:00+00	OLD	SEALED_MIST	0	0	0	0	0	0	0
2026-02-25 18:02:00+00	NEW	IDLE	0	0	0	0	0	0	0
2026-02-25 18:12:00+00	OLD	SEALED_MIST	0	0	0	0	0	0	0
2026-02-25 18:12:00+00	NEW	IDLE	0	0	0	0	0	0	0
2026-02-25 18:20:00+00	OLD	SEALED_MIST	0	0	0	0	0	0	0
2026-02-25 18:20:00+00	NEW	IDLE	0	0	0	0	0	0	0
2026-02-25 18:28:00+00	OLD	VENTILATE	1	1	1	1	0	0	0
2026-02-25 18:28:00+00	NEW	VENTILATE	0	1	1	1	0	0	0
2026-02-25 18:30:00+00	OLD	VENTILATE	1	1	1	1	0	0	0
2026-02-25 18:30:00+00	NEW	VENTILATE	0	1	1	1	0	0	0
2026-02-25 18:32:00+00	OLD	VENTILATE	1	1	1	1	0	0	0
2026-02-25 18:32:00+00	NEW	VENTILATE	0	1	1	1	0	0	0
2026-02-25 18:34:00+00	OLD	VENTILATE	1	1	1	1	0	0	0
2026-02-25 18:34:00+00	NEW	VENTILATE	0	1	1	1	0	0	0
2026-02-25 18:36:00+00	OLD	VENTILATE	1	1	1	1	0	0	0
2026-02-25 18:36:00+00	NEW	VENTILATE	0	1	1	1	0	0	0
2026-02-25 18:38:00+00	OLD	VENTILATE	1	1	1	1	0	0	0
2026-02-25 18:38:00+00	NEW	VENTILATE	0	1	1	1	0	0	0
2026-02-25 18:40:00+00	OLD	VENTILATE	1	1	1	1	0	0	0
2026-02-25 18:40:00+00	NEW	VENTILATE	0	1	1	1	0	0	0
2026-02-25 18:42:00+00	OLD	VENTILATE	1	1	1	1	0	0	0
2026-02-25 18:42:00+00	NEW	VENTILATE	0	1	1	1	0	0	0
2026-02-25 18:44:00+00	OLD	VENTILATE	1	1	1	1	0	0	0
2026-02-25 18:44:00+00	NEW	VENTILATE	0	1	1	1	0	0	0
2026-02-25 18:46:00+00	OLD	VENTILATE	1	1	1	1	0	0	0
2026-02-25 18:46:00+00	NEW	VENTILATE	0	1	1	1	0	0	0
2026-02-25 18:48:00+00	OLD	VENTILATE	1	1	1	1	0	0	0
2026-02-25 18:48:00+00	NEW	VENTILATE	0	1	1	1	0	0	0
2026-02-25 18:50:00+00	OLD	VENTILATE	1	1	1	1	0	0	0
2026-02-25 18:50:00+00	NEW	VENTILATE	0	1	1	1	0	0	0
2026-02-25 18:52:00+00	OLD	VENTILATE	1	1	1	1	0	0	0
2026-02-25 18:52:00+00	NEW	VENTILATE	0	1	1	1	0	0	0
2026-02-25 18:54:00+00	OLD	VENTILATE	1	1	1	1	0	0	0
2026-02-25 18:54:00+00	NEW	VENTILATE	0	1	1	1	0	0	0
2026-02-25 18:56:00+00	OLD	VENTILATE	1	1	1	1	0	0	0
2026-02-25 18:56:00+00	NEW	VENTILATE	0	1	1	1	0	0	0
2026-02-25 18:58:00+00	OLD	VENTILATE	1	1	1	1	0	0	0
2026-02-25 18:58:00+00	NEW	VENTILATE	0	1	1	1	0	0	0
2026-02-26 18:08:00+00	OLD	SEALED_MIST	0	0	0	0	0	0	0
2026-02-26 18:08:00+00	NEW	IDLE	0	0	0	0	0	0	0
2026-02-26 18:10:00+00	OLD	SEALED_MIST	0	0	0	0	0	0	1
2026-02-26 18:10:00+00	NEW	IDLE	0	0	0	0	0	0	0
2026-02-26 18:22:00+00	OLD	VENTILATE	1	1	1	0	0	0	0
2026-02-26 18:22:00+00	NEW	VENTILATE	0	1	1	0	0	0	0
2026-02-26 18:24:00+00	OLD	VENTILATE	1	1	1	0	0	0	0
2026-02-26 18:24:00+00	NEW	VENTILATE	0	1	1	0	0	0	0
2026-02-26 18:26:00+00	OLD	VENTILATE	1	1	1	0	0	0	0
2026-02-26 18:26:00+00	NEW	VENTILATE	0	1	1	0	0	0	0
2026-02-26 18:28:00+00	OLD	VENTILATE	1	1	1	0	0	0	0
2026-02-26 18:28:00+00	NEW	VENTILATE	0	1	1	0	0	0	0
2026-02-26 18:30:00+00	OLD	VENTILATE	1	1	1	0	0	0	0
2026-02-26 18:30:00+00	NEW	VENTILATE	0	1	1	0	0	0	0
2026-02-26 18:32:00+00	OLD	VENTILATE	1	1	1	0	0	0	0
2026-02-26 18:32:00+00	NEW	VENTILATE	0	1	1	0	0	0	0
2026-02-26 18:34:00+00	OLD	VENTILATE	1	1	1	0	0	0	0
2026-02-26 18:34:00+00	NEW	VENTILATE	0	1	1	0	0	0	0
2026-02-26 18:36:00+00	OLD	VENTILATE	1	1	1	0	0	0	0
2026-02-26 18:36:00+00	NEW	VENTILATE	0	1	1	0	0	0	0
2026-02-26 18:38:00+00	OLD	VENTILATE	1	1	1	0	0	0	0
2026-02-26 18:38:00+00	NEW	VENTILATE	0	1	1	0	0	0	0
2026-02-26 18:40:00+00	OLD	VENTILATE	1	1	1	1	0	0	0
2026-02-26 18:40:00+00	NEW	VENTILATE	0	1	1	1	0	0	0
2026-02-26 18:42:00+00	OLD	VENTILATE	1	1	1	1	0	0	0
2026-02-26 18:42:00+00	NEW	VENTILATE	0	1	1	1	0	0	0
2026-02-26 18:44:00+00	OLD	VENTILATE	1	1	1	1	0	0	0
2026-02-26 18:44:00+00	NEW	VENTILATE	0	1	1	1	0	0	0
2026-02-26 18:46:00+00	OLD	VENTILATE	1	1	1	1	0	0	0
2026-02-26 18:46:00+00	NEW	VENTILATE	0	1	1	1	0	0	0
2026-02-26 18:48:00+00	OLD	VENTILATE	1	1	1	1	0	0	0
2026-02-26 18:48:00+00	NEW	VENTILATE	0	1	1	1	0	0	0
2026-02-26 18:50:00+00	OLD	VENTILATE	1	1	1	1	0	0	0
2026-02-26 18:50:00+00	NEW	VENTILATE	0	1	1	1	0	0	0
2026-02-26 18:52:00+00	OLD	VENTILATE	1	1	1	1	0	0	0
2026-02-26 18:52:00+00	NEW	VENTILATE	0	1	1	1	0	0	0
2026-02-26 18:54:00+00	OLD	VENTILATE	1	1	1	1	0	0	0
2026-02-26 18:54:00+00	NEW	VENTILATE	0	1	1	1	0	0	0
2026-02-26 18:56:00+00	OLD	VENTILATE	1	1	1	1	0	0	0
2026-02-26 18:56:00+00	NEW	VENTILATE	0	1	1	1	0	0	0
2026-02-26 18:58:00+00	OLD	VENTILATE	1	1	1	1	0	0	0
2026-02-26 18:58:00+00	NEW	VENTILATE	0	1	1	1	0	0	0
2026-02-27 18:06:00+00	OLD	VENTILATE	1	1	1	0	0	0	0
2026-02-27 18:06:00+00	NEW	VENTILATE	0	1	1	0	0	0	0
2026-02-27 18:08:00+00	OLD	VENTILATE	1	1	1	0	0	0	0
2026-02-27 18:08:00+00	NEW	VENTILATE	0	1	1	0	0	0	0
2026-02-27 18:10:00+00	OLD	VENTILATE	1	1	1	0	0	0	0
2026-02-27 18:10:00+00	NEW	VENTILATE	0	1	1	0	0	0	0
2026-02-27 18:12:00+00	OLD	VENTILATE	1	1	1	0	0	0	0
2026-02-27 18:12:00+00	NEW	VENTILATE	0	1	1	0	0	0	0
2026-02-27 18:14:00+00	OLD	VENTILATE	1	1	1	0	0	0	0
2026-02-27 18:14:00+00	NEW	VENTILATE	0	1	1	0	0	0	0
2026-02-27 18:16:00+00	OLD	VENTILATE	1	1	1	0	0	0	0
2026-02-27 18:16:00+00	NEW	VENTILATE	0	1	1	0	0	0	0
2026-02-27 18:18:00+00	OLD	VENTILATE	1	1	1	0	0	0	0
2026-02-27 18:18:00+00	NEW	VENTILATE	0	1	1	0	0	0	0
2026-02-27 18:20:00+00	OLD	VENTILATE	1	1	1	0	0	0	0
2026-02-27 18:20:00+00	NEW	VENTILATE	0	1	1	0	0	0	0
2026-02-27 18:22:00+00	OLD	VENTILATE	1	1	1	1	0	0	0
2026-02-27 18:22:00+00	NEW	VENTILATE	0	1	1	1	0	0	0
2026-02-27 18:24:00+00	OLD	VENTILATE	1	1	1	1	0	0	0
2026-02-27 18:24:00+00	NEW	VENTILATE	0	1	1	1	0	0	0
2026-02-27 18:26:00+00	OLD	VENTILATE	1	1	1	1	0	0	0
2026-02-27 18:26:00+00	NEW	VENTILATE	0	1	1	1	0	0	0
2026-02-27 18:28:00+00	OLD	VENTILATE	1	1	1	1	0	0	0
2026-02-27 18:28:00+00	NEW	VENTILATE	0	1	1	1	0	0	0
2026-02-27 18:30:00+00	OLD	VENTILATE	1	1	1	1	0	0	0
2026-02-27 18:30:00+00	NEW	VENTILATE	0	1	1	1	0	0	0
2026-02-27 18:32:00+00	OLD	VENTILATE	1	1	1	1	0	0	0
2026-02-27 18:32:00+00	NEW	VENTILATE	0	1	1	1	0	0	0
2026-02-27 18:34:00+00	OLD	VENTILATE	1	1	1	1	0	0	0
2026-02-27 18:34:00+00	NEW	VENTILATE	0	1	1	1	0	0	0
2026-02-27 18:36:00+00	OLD	VENTILATE	1	1	1	1	0	0	0
2026-02-27 18:36:00+00	NEW	VENTILATE	0	1	1	1	0	0	0
2026-02-27 18:38:00+00	OLD	VENTILATE	1	1	1	1	0	0	0
2026-02-27 18:38:00+00	NEW	VENTILATE	0	1	1	1	0	0	0
2026-02-27 18:40:00+00	OLD	VENTILATE	1	1	1	1	0	0	0
2026-02-27 18:40:00+00	NEW	VENTILATE	0	1	1	1	0	0	0
2026-02-27 18:42:00+00	OLD	VENTILATE	1	1	1	1	0	0	0
2026-02-27 18:42:00+00	NEW	VENTILATE	0	1	1	1	0	0	0
2026-02-27 18:44:00+00	OLD	VENTILATE	1	1	1	1	0	0	0
2026-02-27 18:44:00+00	NEW	VENTILATE	0	1	1	1	0	0	0
2026-02-27 18:46:00+00	OLD	VENTILATE	1	1	1	1	0	0	0
2026-02-27 18:46:00+00	NEW	VENTILATE	0	1	1	1	0	0	0
2026-02-27 18:48:00+00	OLD	VENTILATE	1	1	1	1	0	0	0
2026-02-27 18:48:00+00	NEW	VENTILATE	0	1	1	1	0	0	0
2026-02-27 18:50:00+00	OLD	VENTILATE	1	1	1	1	0	0	0
2026-02-27 18:50:00+00	NEW	VENTILATE	0	1	1	1	0	0	0
2026-02-27 18:52:00+00	OLD	VENTILATE	1	1	1	1	0	0	0
2026-02-27 18:52:00+00	NEW	VENTILATE	0	1	1	1	0	0	0
2026-02-27 18:54:00+00	OLD	VENTILATE	1	1	1	1	0	0	0
2026-02-27 18:54:00+00	NEW	VENTILATE	0	1	1	1	0	0	0
2026-02-27 18:56:00+00	OLD	VENTILATE	1	1	1	1	0	0	0
2026-02-27 18:56:00+00	NEW	VENTILATE	0	1	1	1	0	0	0
2026-02-27 18:58:00+00	OLD	VENTILATE	1	1	1	1	0	0	0
2026-02-27 18:58:00+00	NEW	VENTILATE	0	1	1	1	0	0	0
2026-02-27 20:42:00+00	OLD	SEALED_MIST	0	0	0	0	0	0	0
2026-02-27 20:42:00+00	NEW	IDLE	0	0	0	0	0	0	0
2026-02-27 20:52:00+00	OLD	SEALED_MIST	0	0	0	0	0	0	0
2026-02-27 20:52:00+00	NEW	IDLE	0	0	0	0	0	0	0
2026-02-27 21:06:00+00	OLD	SEALED_MIST	0	0	0	0	0	0	0
2026-02-27 21:06:00+00	NEW	IDLE	0	0	0	0	0	0	0
2026-02-27 21:26:00+00	OLD	SEALED_MIST	0	0	0	0	0	0	0
2026-02-27 21:26:00+00	NEW	IDLE	0	0	0	0	0	0	0
2026-02-27 21:28:00+00	OLD	SEALED_MIST	0	0	0	0	0	0	1
2026-02-27 21:28:00+00	NEW	IDLE	0	0	0	0	0	0	0
2026-02-28 18:04:00+00	OLD	SEALED_MIST	0	0	0	0	0	0	0
2026-02-28 18:04:00+00	NEW	IDLE	0	0	0	0	0	0	0
2026-02-28 18:14:00+00	OLD	VENTILATE	1	1	1	0	0	0	0
2026-02-28 18:14:00+00	NEW	VENTILATE	0	1	1	0	0	0	0
2026-02-28 18:16:00+00	OLD	VENTILATE	1	1	1	0	0	0	0
2026-02-28 18:16:00+00	NEW	VENTILATE	0	1	1	0	0	0	0
2026-02-28 18:18:00+00	OLD	VENTILATE	1	1	1	0	0	0	0
2026-02-28 18:18:00+00	NEW	VENTILATE	0	1	1	0	0	0	0
2026-02-28 18:20:00+00	OLD	VENTILATE	1	1	1	1	0	0	0
2026-02-28 18:20:00+00	NEW	VENTILATE	0	1	1	1	0	0	0
2026-02-28 18:22:00+00	OLD	VENTILATE	1	1	1	1	0	0	0
2026-02-28 18:22:00+00	NEW	VENTILATE	0	1	1	1	0	0	0
2026-02-28 18:24:00+00	OLD	VENTILATE	1	1	1	1	0	0	0
2026-02-28 18:24:00+00	NEW	VENTILATE	0	1	1	1	0	0	0
2026-02-28 18:26:00+00	OLD	VENTILATE	1	1	1	1	0	0	0
2026-02-28 18:26:00+00	NEW	VENTILATE	0	1	1	1	0	0	0
2026-02-28 18:28:00+00	OLD	VENTILATE	1	1	1	1	0	0	0
2026-02-28 18:28:00+00	NEW	VENTILATE	0	1	1	1	0	0	0
2026-02-28 18:30:00+00	OLD	VENTILATE	1	1	1	1	0	0	0
2026-02-28 18:30:00+00	NEW	VENTILATE	0	1	1	1	0	0	0
2026-02-28 18:32:00+00	OLD	VENTILATE	1	1	1	1	0	0	0
2026-02-28 18:32:00+00	NEW	VENTILATE	0	1	1	1	0	0	0
2026-02-28 18:34:00+00	OLD	VENTILATE	1	1	1	1	0	0	0
2026-02-28 18:34:00+00	NEW	VENTILATE	0	1	1	1	0	0	0
2026-02-28 18:36:00+00	OLD	VENTILATE	1	1	1	1	0	0	0
2026-02-28 18:36:00+00	NEW	VENTILATE	0	1	1	1	0	0	0
2026-02-28 18:38:00+00	OLD	VENTILATE	1	1	1	1	0	0	0
2026-02-28 18:38:00+00	NEW	VENTILATE	0	1	1	1	0	0	0
2026-02-28 18:40:00+00	OLD	VENTILATE	1	1	1	1	0	0	0
2026-02-28 18:40:00+00	NEW	VENTILATE	0	1	1	1	0	0	0
2026-02-28 18:42:00+00	OLD	VENTILATE	1	1	1	1	0	0	0
2026-02-28 18:42:00+00	NEW	VENTILATE	0	1	1	1	0	0	0
2026-02-28 18:44:00+00	OLD	VENTILATE	1	1	1	1	0	0	0
2026-02-28 18:44:00+00	NEW	VENTILATE	0	1	1	1	0	0	0
2026-02-28 18:46:00+00	OLD	VENTILATE	1	1	1	1	0	0	0
2026-02-28 18:46:00+00	NEW	VENTILATE	0	1	1	1	0	0	0
2026-02-28 18:48:00+00	OLD	VENTILATE	1	1	1	1	0	0	0
2026-02-28 18:48:00+00	NEW	VENTILATE	0	1	1	1	0	0	0
2026-02-28 18:50:00+00	OLD	VENTILATE	1	1	1	1	0	0	0
2026-02-28 18:50:00+00	NEW	VENTILATE	0	1	1	1	0	0	0
2026-02-28 18:52:00+00	OLD	VENTILATE	1	1	1	1	0	0	0
2026-02-28 18:52:00+00	NEW	VENTILATE	0	1	1	1	0	0	0
2026-02-28 18:54:00+00	OLD	VENTILATE	1	1	1	1	0	0	0
2026-02-28 18:54:00+00	NEW	VENTILATE	0	1	1	1	0	0	0
2026-02-28 18:56:00+00	OLD	VENTILATE	1	1	1	1	0	0	0
2026-02-28 18:56:00+00	NEW	VENTILATE	0	1	1	1	0	0	0
2026-02-28 18:58:00+00	OLD	VENTILATE	1	1	1	1	0	0	0
2026-02-28 18:58:00+00	NEW	VENTILATE	0	1	1	1	0	0	0
2026-03-01 18:02:00+00	OLD	SEALED_MIST	0	0	0	0	0	0	0
2026-03-01 18:02:00+00	NEW	IDLE	0	0	0	0	0	0	0
2026-03-01 18:16:00+00	OLD	SEALED_MIST	0	0	0	0	0	0	0
2026-03-01 18:16:00+00	NEW	IDLE	0	0	0	0	0	0	0
2026-03-01 18:20:00+00	OLD	SEALED_MIST	0	0	0	0	0	0	0
2026-03-01 18:20:00+00	NEW	IDLE	0	0	0	0	0	0	0
2026-03-01 18:22:00+00	OLD	SEALED_MIST	1	0	0	0	0	0	3
2026-03-01 18:22:00+00	NEW	IDLE	0	0	0	0	0	0	0
2026-03-01 18:24:00+00	OLD	SEALED_MIST	1	0	0	0	0	0	3
2026-03-01 18:24:00+00	NEW	IDLE	0	0	0	0	0	0	0
2026-03-01 18:26:00+00	OLD	SEALED_MIST	1	0	0	0	0	0	3
2026-03-01 18:26:00+00	NEW	IDLE	0	0	0	0	0	0	0
2026-03-01 18:38:00+00	OLD	SEALED_MIST	1	0	0	0	0	0	3
2026-03-01 18:38:00+00	NEW	IDLE	0	0	0	0	0	0	0
2026-03-01 18:40:00+00	OLD	VENTILATE	1	1	1	0	0	0	0
2026-03-01 18:40:00+00	NEW	VENTILATE	0	1	1	0	0	0	0
2026-03-01 18:42:00+00	OLD	VENTILATE	1	1	1	0	0	0	0
2026-03-01 18:42:00+00	NEW	VENTILATE	0	1	1	0	0	0	0
2026-03-01 18:44:00+00	OLD	VENTILATE	1	1	1	0	0	0	0
2026-03-01 18:44:00+00	NEW	VENTILATE	0	1	1	0	0	0	0
2026-03-01 18:46:00+00	OLD	VENTILATE	1	1	1	0	0	0	0
2026-03-01 18:46:00+00	NEW	VENTILATE	0	1	1	0	0	0	0
2026-03-01 18:48:00+00	OLD	VENTILATE	1	1	1	1	0	0	0
2026-03-01 18:48:00+00	NEW	VENTILATE	0	1	1	1	0	0	0
2026-03-01 18:50:00+00	OLD	VENTILATE	1	1	1	1	0	0	0
2026-03-01 18:50:00+00	NEW	VENTILATE	0	1	1	1	0	0	0
2026-03-01 18:52:00+00	OLD	VENTILATE	1	1	1	1	0	0	0
2026-03-01 18:52:00+00	NEW	VENTILATE	0	1	1	1	0	0	0
2026-03-01 18:54:00+00	OLD	VENTILATE	1	1	1	1	0	0	0
2026-03-01 18:54:00+00	NEW	VENTILATE	0	1	1	1	0	0	0
2026-03-01 18:56:00+00	OLD	VENTILATE	1	1	1	1	0	0	0
2026-03-01 18:56:00+00	NEW	VENTILATE	0	1	1	1	0	0	0
2026-03-01 18:58:00+00	OLD	VENTILATE	1	1	1	1	0	0	0
2026-03-01 18:58:00+00	NEW	VENTILATE	0	1	1	1	0	0	0
2026-03-02 18:16:00+00	OLD	SEALED_MIST	0	0	0	0	0	0	0
2026-03-02 18:16:00+00	NEW	IDLE	0	0	0	0	0	0	0
2026-03-02 18:18:00+00	OLD	SEALED_MIST	0	0	0	0	0	0	1
2026-03-02 18:18:00+00	NEW	IDLE	0	0	0	0	0	0	0
2026-03-02 18:20:00+00	OLD	SEALED_MIST	0	0	0	0	0	0	1
2026-03-02 18:20:00+00	NEW	IDLE	0	0	0	0	0	0	0
2026-03-02 18:34:00+00	OLD	VENTILATE	1	1	1	0	0	0	0
2026-03-02 18:34:00+00	NEW	VENTILATE	0	1	1	0	0	0	0
2026-03-02 18:36:00+00	OLD	VENTILATE	1	1	1	0	0	0	0
2026-03-02 18:36:00+00	NEW	VENTILATE	0	1	1	0	0	0	0
2026-03-02 18:38:00+00	OLD	VENTILATE	1	1	1	0	0	0	0
2026-03-02 18:38:00+00	NEW	VENTILATE	0	1	1	0	0	0	0
2026-03-02 18:40:00+00	OLD	VENTILATE	1	1	1	0	0	0	0
2026-03-02 18:40:00+00	NEW	VENTILATE	0	1	1	0	0	0	0
2026-03-02 18:42:00+00	OLD	VENTILATE	1	1	1	0	0	0	0
2026-03-02 18:42:00+00	NEW	VENTILATE	0	1	1	0	0	0	0
2026-03-02 18:44:00+00	OLD	VENTILATE	1	1	1	0	0	0	0
2026-03-02 18:44:00+00	NEW	VENTILATE	0	1	1	0	0	0	0
2026-03-02 18:46:00+00	OLD	VENTILATE	1	1	1	0	0	0	0
2026-03-02 18:46:00+00	NEW	VENTILATE	0	1	1	0	0	0	0
2026-03-02 18:48:00+00	OLD	VENTILATE	1	1	1	0	0	0	0
2026-03-02 18:48:00+00	NEW	VENTILATE	0	1	1	0	0	0	0
2026-03-02 18:50:00+00	OLD	VENTILATE	1	1	1	0	0	0	0
2026-03-02 18:50:00+00	NEW	VENTILATE	0	1	1	0	0	0	0
2026-03-02 18:52:00+00	OLD	VENTILATE	1	1	1	0	0	0	0
2026-03-02 18:52:00+00	NEW	VENTILATE	0	1	1	0	0	0	0
2026-03-02 18:54:00+00	OLD	VENTILATE	1	1	1	0	0	0	0
2026-03-02 18:54:00+00	NEW	VENTILATE	0	1	1	0	0	0	0
2026-03-02 18:56:00+00	OLD	VENTILATE	1	1	1	0	0	0	0
2026-03-02 18:56:00+00	NEW	VENTILATE	0	1	1	0	0	0	0
2026-03-02 18:58:00+00	OLD	VENTILATE	1	1	1	1	0	0	0
2026-03-02 18:58:00+00	NEW	VENTILATE	0	1	1	1	0	0	0
2026-03-03 00:04:00+00	OLD	SEALED_MIST	0	0	0	0	0	0	0
2026-03-03 00:04:00+00	NEW	IDLE	0	0	0	0	0	0	0
2026-03-03 00:08:00+00	OLD	SEALED_MIST	0	0	0	0	0	0	1
2026-03-03 00:08:00+00	NEW	IDLE	0	0	0	0	0	0	0
2026-03-03 00:10:00+00	OLD	SEALED_MIST	0	0	0	0	0	0	1
2026-03-03 00:10:00+00	NEW	IDLE	0	0	0	0	0	0	0
2026-03-03 00:22:00+00	OLD	SEALED_MIST	0	0	0	0	0	0	0
2026-03-03 00:22:00+00	NEW	IDLE	0	0	0	0	0	0	0
2026-03-03 00:24:00+00	OLD	SEALED_MIST	0	0	0	0	0	0	1
2026-03-03 00:24:00+00	NEW	IDLE	0	0	0	0	0	0	0
2026-03-03 00:26:00+00	OLD	SEALED_MIST	0	0	0	0	0	0	1
2026-03-03 00:26:00+00	NEW	IDLE	0	0	0	0	0	0	0
2026-03-03 00:28:00+00	OLD	SEALED_MIST	0	0	0	0	0	0	1
2026-03-03 00:28:00+00	NEW	IDLE	0	0	0	0	0	0	0
2026-03-03 18:32:00+00	OLD	SEALED_MIST	0	0	0	0	0	0	0
2026-03-03 18:32:00+00	NEW	IDLE	0	0	0	0	0	0	0
2026-03-03 19:20:00+00	OLD	SEALED_MIST	0	0	0	0	0	0	0
2026-03-03 19:20:00+00	NEW	IDLE	0	0	0	0	0	0	0
2026-03-03 19:22:00+00	OLD	SEALED_MIST	0	0	0	0	0	0	1
2026-03-03 19:22:00+00	NEW	IDLE	0	0	0	0	0	0	0
2026-03-03 21:20:00+00	OLD	SEALED_MIST	0	0	0	0	0	0	0
2026-03-03 21:20:00+00	NEW	IDLE	0	0	0	0	0	0	0
2026-03-03 21:22:00+00	OLD	SEALED_MIST	0	0	0	0	0	0	1
2026-03-03 21:22:00+00	NEW	IDLE	0	0	0	0	0	0	0
2026-03-03 21:36:00+00	OLD	SEALED_MIST	0	0	0	0	0	0	0
2026-03-03 21:36:00+00	NEW	IDLE	0	0	0	0	0	0	0
2026-03-03 21:52:00+00	OLD	SEALED_MIST	0	0	0	0	0	0	0
2026-03-03 21:52:00+00	NEW	IDLE	0	0	0	0	0	0	0
2026-03-04 18:18:00+00	OLD	SEALED_MIST	0	0	0	0	0	0	0
2026-03-04 18:18:00+00	NEW	IDLE	0	0	0	0	0	0	0
2026-03-04 18:20:00+00	OLD	SEALED_MIST	0	0	0	0	0	0	1
2026-03-04 18:20:00+00	NEW	IDLE	0	0	0	0	0	0	0
2026-03-04 18:28:00+00	OLD	VENTILATE	1	1	1	0	0	0	0
2026-03-04 18:28:00+00	NEW	VENTILATE	0	1	1	0	0	0	0
2026-03-04 18:30:00+00	OLD	VENTILATE	1	1	1	0	0	0	0
2026-03-04 18:30:00+00	NEW	VENTILATE	0	1	1	0	0	0	0
2026-03-04 18:32:00+00	OLD	VENTILATE	1	1	1	0	0	0	0
2026-03-04 18:32:00+00	NEW	VENTILATE	0	1	1	0	0	0	0
2026-03-04 18:34:00+00	OLD	VENTILATE	1	1	1	0	0	0	0
2026-03-04 18:34:00+00	NEW	VENTILATE	0	1	1	0	0	0	0
2026-03-04 18:36:00+00	OLD	VENTILATE	1	1	1	0	0	0	0
2026-03-04 18:36:00+00	NEW	VENTILATE	0	1	1	0	0	0	0
2026-03-04 18:38:00+00	OLD	VENTILATE	1	1	1	0	0	0	0
2026-03-04 18:38:00+00	NEW	VENTILATE	0	1	1	0	0	0	0
2026-03-04 18:40:00+00	OLD	VENTILATE	1	1	1	0	0	0	0
2026-03-04 18:40:00+00	NEW	VENTILATE	0	1	1	0	0	0	0
2026-03-04 18:42:00+00	OLD	VENTILATE	1	1	1	0	0	0	0
2026-03-04 18:42:00+00	NEW	VENTILATE	0	1	1	0	0	0	0
2026-03-04 18:44:00+00	OLD	VENTILATE	1	1	1	0	0	0	0
2026-03-04 18:44:00+00	NEW	VENTILATE	0	1	1	0	0	0	0
2026-03-04 18:46:00+00	OLD	VENTILATE	1	1	1	0	0	0	0
2026-03-04 18:46:00+00	NEW	VENTILATE	0	1	1	0	0	0	0
2026-03-04 18:48:00+00	OLD	VENTILATE	1	1	1	0	0	0	0
2026-03-04 18:48:00+00	NEW	VENTILATE	0	1	1	0	0	0	0
2026-03-04 18:50:00+00	OLD	VENTILATE	1	1	1	0	0	0	0
2026-03-04 18:50:00+00	NEW	VENTILATE	0	1	1	0	0	0	0
2026-03-04 18:52:00+00	OLD	VENTILATE	1	1	1	0	0	0	0
2026-03-04 18:52:00+00	NEW	VENTILATE	0	1	1	0	0	0	0
2026-03-04 18:54:00+00	OLD	VENTILATE	1	1	1	0	0	0	0
2026-03-04 18:54:00+00	NEW	VENTILATE	0	1	1	0	0	0	0
2026-03-04 18:56:00+00	OLD	VENTILATE	1	1	1	1	0	0	0
2026-03-04 18:56:00+00	NEW	VENTILATE	0	1	1	1	0	0	0
2026-03-04 18:58:00+00	OLD	VENTILATE	1	1	1	1	0	0	0
2026-03-04 18:58:00+00	NEW	VENTILATE	0	1	1	1	0	0	0
2026-03-05 18:02:00+00	OLD	SEALED_MIST	0	0	0	0	0	0	0
2026-03-05 18:02:00+00	NEW	IDLE	0	0	0	0	0	0	0
2026-03-05 18:04:00+00	OLD	SEALED_MIST	0	0	0	0	0	0	1
2026-03-05 18:04:00+00	NEW	IDLE	0	0	0	0	0	0	0
2026-03-05 18:06:00+00	OLD	VENTILATE	1	1	1	0	0	0	0
2026-03-05 18:06:00+00	NEW	VENTILATE	0	1	1	0	0	0	0
2026-03-05 18:08:00+00	OLD	VENTILATE	1	1	1	0	0	0	0
2026-03-05 18:08:00+00	NEW	VENTILATE	0	1	1	0	0	0	0
2026-03-05 18:10:00+00	OLD	VENTILATE	1	1	1	0	0	0	0
2026-03-05 18:10:00+00	NEW	VENTILATE	0	1	1	0	0	0	0
2026-03-05 18:12:00+00	OLD	VENTILATE	1	1	1	0	0	0	0
2026-03-05 18:12:00+00	NEW	VENTILATE	0	1	1	0	0	0	0
2026-03-05 18:14:00+00	OLD	VENTILATE	1	1	1	0	0	0	0
2026-03-05 18:14:00+00	NEW	VENTILATE	0	1	1	0	0	0	0
2026-03-05 18:16:00+00	OLD	VENTILATE	1	1	1	0	0	0	0
2026-03-05 18:16:00+00	NEW	VENTILATE	0	1	1	0	0	0	0
2026-03-05 18:20:00+00	OLD	VENTILATE	1	1	1	1	0	0	0
2026-03-05 18:20:00+00	NEW	VENTILATE	0	1	1	1	0	0	0
2026-03-05 18:22:00+00	OLD	VENTILATE	1	1	1	1	0	0	0
2026-03-05 18:22:00+00	NEW	VENTILATE	0	1	1	1	0	0	0
2026-03-05 18:24:00+00	OLD	VENTILATE	1	1	1	1	0	0	0
2026-03-05 18:24:00+00	NEW	VENTILATE	0	1	1	1	0	0	0
2026-03-05 18:26:00+00	OLD	VENTILATE	1	1	1	1	0	0	0
2026-03-05 18:26:00+00	NEW	VENTILATE	0	1	1	1	0	0	0
2026-03-05 18:28:00+00	OLD	VENTILATE	1	1	1	1	0	0	0
2026-03-05 18:28:00+00	NEW	VENTILATE	0	1	1	1	0	0	0
2026-03-05 18:30:00+00	OLD	VENTILATE	1	1	1	1	0	0	0
2026-03-05 18:30:00+00	NEW	VENTILATE	0	1	1	1	0	0	0
2026-03-05 18:32:00+00	OLD	VENTILATE	1	1	1	1	0	0	0
2026-03-05 18:32:00+00	NEW	VENTILATE	0	1	1	1	0	0	0
2026-03-05 18:34:00+00	OLD	VENTILATE	1	1	1	1	0	0	0
2026-03-05 18:34:00+00	NEW	VENTILATE	0	1	1	1	0	0	0
2026-03-05 18:36:00+00	OLD	VENTILATE	1	1	1	1	0	0	0
2026-03-05 18:36:00+00	NEW	VENTILATE	0	1	1	1	0	0	0
2026-03-05 18:38:00+00	OLD	VENTILATE	1	1	1	1	0	0	0
2026-03-05 18:38:00+00	NEW	VENTILATE	0	1	1	1	0	0	0
2026-03-05 18:40:00+00	OLD	VENTILATE	1	1	1	1	0	0	0
2026-03-05 18:40:00+00	NEW	VENTILATE	0	1	1	1	0	0	0
2026-03-05 18:42:00+00	OLD	VENTILATE	1	1	1	1	0	0	0
2026-03-05 18:42:00+00	NEW	VENTILATE	0	1	1	1	0	0	0
2026-03-05 18:44:00+00	OLD	VENTILATE	1	1	1	1	0	0	0
2026-03-05 18:44:00+00	NEW	VENTILATE	0	1	1	1	0	0	0
2026-03-05 18:46:00+00	OLD	VENTILATE	1	1	1	1	0	0	0
2026-03-05 18:46:00+00	NEW	VENTILATE	0	1	1	1	0	0	0
2026-03-05 18:48:00+00	OLD	VENTILATE	1	1	1	1	0	0	0
2026-03-05 18:48:00+00	NEW	VENTILATE	0	1	1	1	0	0	0
2026-03-05 18:50:00+00	OLD	VENTILATE	1	1	1	1	0	0	0
2026-03-05 18:50:00+00	NEW	VENTILATE	0	1	1	1	0	0	0
2026-03-05 18:52:00+00	OLD	VENTILATE	1	1	1	1	0	0	0
2026-03-05 18:52:00+00	NEW	VENTILATE	0	1	1	1	0	0	0
2026-03-05 18:54:00+00	OLD	VENTILATE	1	1	1	1	0	0	0
2026-03-05 18:54:00+00	NEW	VENTILATE	0	1	1	1	0	0	0
2026-03-05 18:56:00+00	OLD	VENTILATE	1	1	1	1	0	0	0
2026-03-05 18:56:00+00	NEW	VENTILATE	0	1	1	1	0	0	0
2026-03-05 18:58:00+00	OLD	VENTILATE	1	1	1	1	0	0	0
2026-03-05 18:58:00+00	NEW	VENTILATE	0	1	1	1	0	0	0
2026-03-07 18:02:00+00	OLD	SEALED_MIST	0	0	0	0	0	0	0
2026-03-07 18:02:00+00	NEW	IDLE	0	0	0	0	0	0	0
2026-03-07 18:04:00+00	OLD	SEALED_MIST	0	0	0	0	0	0	1
2026-03-07 18:04:00+00	NEW	IDLE	0	0	0	0	0	0	0
2026-03-07 18:18:00+00	OLD	SEALED_MIST	0	0	0	0	0	0	0
2026-03-07 18:18:00+00	NEW	IDLE	0	0	0	0	0	0	0
2026-03-07 18:20:00+00	OLD	SEALED_MIST	0	0	0	0	0	0	1
2026-03-07 18:20:00+00	NEW	IDLE	0	0	0	0	0	0	0
2026-03-07 18:30:00+00	OLD	VENTILATE	1	1	1	0	0	0	0
2026-03-07 18:30:00+00	NEW	VENTILATE	0	1	1	0	0	0	0
2026-03-07 18:32:00+00	OLD	VENTILATE	1	1	1	0	0	0	0
2026-03-07 18:32:00+00	NEW	VENTILATE	0	1	1	0	0	0	0
2026-03-07 18:34:00+00	OLD	VENTILATE	1	1	1	0	0	0	0
2026-03-07 18:34:00+00	NEW	VENTILATE	0	1	1	0	0	0	0
2026-03-07 18:44:00+00	OLD	SEALED_MIST	0	0	0	0	0	0	0
2026-03-07 18:44:00+00	NEW	IDLE	0	0	0	0	0	0	0
2026-03-07 18:46:00+00	OLD	VENTILATE	1	1	1	0	0	0	0
2026-03-07 18:46:00+00	NEW	VENTILATE	0	1	1	0	0	0	0
2026-03-07 18:48:00+00	OLD	VENTILATE	1	1	1	0	0	0	0
2026-03-07 18:48:00+00	NEW	VENTILATE	0	1	1	0	0	0	0
2026-03-07 18:50:00+00	OLD	VENTILATE	1	1	1	0	0	0	0
2026-03-07 18:50:00+00	NEW	VENTILATE	0	1	1	0	0	0	0
2026-03-07 18:52:00+00	OLD	VENTILATE	1	1	1	0	0	0	0
2026-03-07 18:52:00+00	NEW	VENTILATE	0	1	1	0	0	0	0
2026-03-07 18:54:00+00	OLD	VENTILATE	1	1	1	0	0	0	0
2026-03-07 18:54:00+00	NEW	VENTILATE	0	1	1	0	0	0	0
2026-03-07 18:56:00+00	OLD	VENTILATE	1	1	1	0	0	0	0
2026-03-07 18:56:00+00	NEW	VENTILATE	0	1	1	0	0	0	0
2026-03-07 18:58:00+00	OLD	VENTILATE	1	1	1	0	0	0	0
2026-03-07 18:58:00+00	NEW	VENTILATE	0	1	1	0	0	0	0
2026-03-08 18:04:00+00	OLD	VENTILATE	1	1	1	0	0	0	0
2026-03-08 18:04:00+00	NEW	VENTILATE	0	1	1	0	0	0	0
2026-03-08 18:06:00+00	OLD	VENTILATE	1	1	1	0	0	0	0
2026-03-08 18:06:00+00	NEW	VENTILATE	0	1	1	0	0	0	0
2026-03-08 18:08:00+00	OLD	VENTILATE	1	1	1	0	0	0	0
2026-03-08 18:08:00+00	NEW	VENTILATE	0	1	1	0	0	0	0
2026-03-08 18:10:00+00	OLD	VENTILATE	1	1	1	0	0	0	0
2026-03-08 18:10:00+00	NEW	VENTILATE	0	1	1	0	0	0	0
2026-03-08 18:12:00+00	OLD	VENTILATE	1	1	1	0	0	0	0
2026-03-08 18:12:00+00	NEW	VENTILATE	0	1	1	0	0	0	0
2026-03-08 18:14:00+00	OLD	VENTILATE	1	1	1	0	0	0	0
2026-03-08 18:14:00+00	NEW	VENTILATE	0	1	1	0	0	0	0
2026-03-08 18:16:00+00	OLD	VENTILATE	1	1	1	0	0	0	0
2026-03-08 18:16:00+00	NEW	VENTILATE	0	1	1	0	0	0	0
2026-03-08 18:18:00+00	OLD	VENTILATE	1	1	1	0	0	0	0
2026-03-08 18:18:00+00	NEW	VENTILATE	0	1	1	0	0	0	0
2026-03-08 18:20:00+00	OLD	VENTILATE	1	1	1	1	0	0	0
2026-03-08 18:20:00+00	NEW	VENTILATE	0	1	1	1	0	0	0
2026-03-08 18:22:00+00	OLD	VENTILATE	1	1	1	1	0	0	0
2026-03-08 18:22:00+00	NEW	VENTILATE	0	1	1	1	0	0	0
2026-03-08 18:24:00+00	OLD	VENTILATE	1	1	1	1	0	0	0
2026-03-08 18:24:00+00	NEW	VENTILATE	0	1	1	1	0	0	0
2026-03-08 18:26:00+00	OLD	VENTILATE	1	1	1	1	0	0	0
2026-03-08 18:26:00+00	NEW	VENTILATE	0	1	1	1	0	0	0
2026-03-08 18:28:00+00	OLD	VENTILATE	1	1	1	1	0	0	0
2026-03-08 18:28:00+00	NEW	VENTILATE	0	1	1	1	0	0	0
2026-03-08 18:30:00+00	OLD	VENTILATE	1	1	1	1	0	0	0
2026-03-08 18:30:00+00	NEW	VENTILATE	0	1	1	1	0	0	0
2026-03-08 18:32:00+00	OLD	VENTILATE	1	1	1	1	0	0	0
2026-03-08 18:32:00+00	NEW	VENTILATE	0	1	1	1	0	0	0
2026-03-08 18:34:00+00	OLD	VENTILATE	1	1	1	1	0	0	0
2026-03-08 18:34:00+00	NEW	VENTILATE	0	1	1	1	0	0	0
2026-03-08 18:36:00+00	OLD	VENTILATE	1	1	1	1	0	0	0
2026-03-08 18:36:00+00	NEW	VENTILATE	0	1	1	1	0	0	0
2026-03-08 18:38:00+00	OLD	VENTILATE	1	1	1	1	0	0	0
2026-03-08 18:38:00+00	NEW	VENTILATE	0	1	1	1	0	0	0
2026-03-08 18:40:00+00	OLD	VENTILATE	1	1	1	1	0	0	0
2026-03-08 18:40:00+00	NEW	VENTILATE	0	1	1	1	0	0	0
2026-03-08 18:42:00+00	OLD	VENTILATE	1	1	1	1	0	0	0
2026-03-08 18:42:00+00	NEW	VENTILATE	0	1	1	1	0	0	0
2026-03-08 18:44:00+00	OLD	VENTILATE	1	1	1	1	0	0	0
2026-03-08 18:44:00+00	NEW	VENTILATE	0	1	1	1	0	0	0
2026-03-08 18:46:00+00	OLD	VENTILATE	1	1	1	1	0	0	0
2026-03-08 18:46:00+00	NEW	VENTILATE	0	1	1	1	0	0	0
2026-03-08 18:48:00+00	OLD	VENTILATE	1	1	1	1	0	0	0
2026-03-08 18:48:00+00	NEW	VENTILATE	0	1	1	1	0	0	0
2026-03-08 18:50:00+00	OLD	VENTILATE	1	1	1	1	0	0	0
2026-03-08 18:50:00+00	NEW	VENTILATE	0	1	1	1	0	0	0
2026-03-08 18:52:00+00	OLD	VENTILATE	1	1	1	1	0	0	0
2026-03-08 18:52:00+00	NEW	VENTILATE	0	1	1	1	0	0	0
2026-03-08 18:54:00+00	OLD	VENTILATE	1	1	1	1	0	0	0
2026-03-08 18:54:00+00	NEW	VENTILATE	0	1	1	1	0	0	0
2026-03-08 18:56:00+00	OLD	VENTILATE	1	1	1	1	0	0	0
2026-03-08 18:56:00+00	NEW	VENTILATE	0	1	1	1	0	0	0
2026-03-08 18:58:00+00	OLD	VENTILATE	1	1	1	1	0	0	0
2026-03-08 18:58:00+00	NEW	VENTILATE	0	1	1	1	0	0	0
2026-03-09 00:00:00+00	OLD	SEALED_MIST	0	0	0	0	0	0	0
2026-03-09 00:00:00+00	NEW	IDLE	0	0	0	0	0	0	0
2026-03-09 18:00:00+00	OLD	VENTILATE	1	1	1	1	0	0	0
2026-03-09 18:00:00+00	NEW	VENTILATE	0	1	1	1	0	0	0
2026-03-09 18:02:00+00	OLD	VENTILATE	1	1	1	1	0	0	0
2026-03-09 18:02:00+00	NEW	VENTILATE	0	1	1	1	0	0	0
2026-03-09 18:04:00+00	OLD	VENTILATE	1	1	1	1	0	0	0
2026-03-09 18:04:00+00	NEW	VENTILATE	0	1	1	1	0	0	0
2026-03-09 18:06:00+00	OLD	VENTILATE	1	1	1	1	0	0	0
2026-03-09 18:06:00+00	NEW	VENTILATE	0	1	1	1	0	0	0
2026-03-09 18:08:00+00	OLD	VENTILATE	1	1	1	1	0	0	0
2026-03-09 18:08:00+00	NEW	VENTILATE	0	1	1	1	0	0	0
2026-03-09 18:10:00+00	OLD	VENTILATE	1	1	1	1	0	0	0
2026-03-09 18:10:00+00	NEW	VENTILATE	0	1	1	1	0	0	0
2026-03-09 18:12:00+00	OLD	VENTILATE	1	1	1	1	0	0	0
2026-03-09 18:12:00+00	NEW	VENTILATE	0	1	1	1	0	0	0
2026-03-09 18:14:00+00	OLD	VENTILATE	1	1	1	1	0	0	0
2026-03-09 18:14:00+00	NEW	VENTILATE	0	1	1	1	0	0	0
2026-03-09 18:16:00+00	OLD	VENTILATE	1	1	1	1	0	0	0
2026-03-09 18:16:00+00	NEW	VENTILATE	0	1	1	1	0	0	0
2026-03-09 18:18:00+00	OLD	VENTILATE	1	1	1	1	0	0	0
2026-03-09 18:18:00+00	NEW	VENTILATE	0	1	1	1	0	0	0
2026-03-09 18:20:00+00	OLD	VENTILATE	1	1	1	1	0	0	0
2026-03-09 18:20:00+00	NEW	VENTILATE	0	1	1	1	0	0	0
2026-03-09 18:22:00+00	OLD	VENTILATE	1	1	1	1	0	0	0
2026-03-09 18:22:00+00	NEW	VENTILATE	0	1	1	1	0	0	0
2026-03-09 18:24:00+00	OLD	VENTILATE	1	1	1	1	0	0	0
2026-03-09 18:24:00+00	NEW	VENTILATE	0	1	1	1	0	0	0
2026-03-09 18:26:00+00	OLD	VENTILATE	1	1	1	1	0	0	0
2026-03-09 18:26:00+00	NEW	VENTILATE	0	1	1	1	0	0	0
2026-03-09 18:28:00+00	OLD	VENTILATE	1	1	1	1	0	0	0
2026-03-09 18:28:00+00	NEW	VENTILATE	0	1	1	1	0	0	0
2026-03-09 18:30:00+00	OLD	VENTILATE	1	1	1	1	0	0	0
2026-03-09 18:30:00+00	NEW	VENTILATE	0	1	1	1	0	0	0
2026-03-09 18:32:00+00	OLD	VENTILATE	1	1	1	1	0	0	0
2026-03-09 18:32:00+00	NEW	VENTILATE	0	1	1	1	0	0	0
2026-03-09 18:34:00+00	OLD	VENTILATE	1	1	1	1	0	0	0
2026-03-09 18:34:00+00	NEW	VENTILATE	0	1	1	1	0	0	0
2026-03-09 18:36:00+00	OLD	VENTILATE	1	1	1	1	0	0	0
2026-03-09 18:36:00+00	NEW	VENTILATE	0	1	1	1	0	0	0
2026-03-09 18:38:00+00	OLD	VENTILATE	1	1	1	1	0	0	0
2026-03-09 18:38:00+00	NEW	VENTILATE	0	1	1	1	0	0	0
2026-03-09 18:40:00+00	OLD	VENTILATE	1	1	1	1	0	0	0
2026-03-09 18:40:00+00	NEW	VENTILATE	0	1	1	1	0	0	0
2026-03-09 18:42:00+00	OLD	VENTILATE	1	1	1	1	0	0	0
2026-03-09 18:42:00+00	NEW	VENTILATE	0	1	1	1	0	0	0
2026-03-09 18:44:00+00	OLD	VENTILATE	1	1	1	1	0	0	0
2026-03-09 18:44:00+00	NEW	VENTILATE	0	1	1	1	0	0	0
2026-03-09 18:46:00+00	OLD	VENTILATE	1	1	1	1	0	0	0
2026-03-09 18:46:00+00	NEW	VENTILATE	0	1	1	1	0	0	0
2026-03-09 18:48:00+00	OLD	VENTILATE	1	1	1	1	0	0	0
2026-03-09 18:48:00+00	NEW	VENTILATE	0	1	1	1	0	0	0
2026-03-09 18:50:00+00	OLD	VENTILATE	1	1	1	1	0	0	0
2026-03-09 18:50:00+00	NEW	VENTILATE	0	1	1	1	0	0	0
2026-03-09 18:52:00+00	OLD	VENTILATE	1	1	1	1	0	0	0
2026-03-09 18:52:00+00	NEW	VENTILATE	0	1	1	1	0	0	0
2026-03-09 18:54:00+00	OLD	VENTILATE	1	1	1	1	0	0	0
2026-03-09 18:54:00+00	NEW	VENTILATE	0	1	1	1	0	0	0
2026-03-09 18:56:00+00	OLD	VENTILATE	1	1	1	1	0	0	0
2026-03-09 18:56:00+00	NEW	VENTILATE	0	1	1	1	0	0	0
2026-03-09 18:58:00+00	OLD	VENTILATE	1	1	1	1	0	0	0
2026-03-09 18:58:00+00	NEW	VENTILATE	0	1	1	1	0	0	0
2026-03-10 00:00:00+00	OLD	VENTILATE	1	1	1	0	0	0	0
2026-03-10 00:00:00+00	NEW	VENTILATE	0	1	1	0	0	0	0
2026-03-10 00:02:00+00	OLD	VENTILATE	1	1	1	0	0	0	0
2026-03-10 00:02:00+00	NEW	VENTILATE	0	1	1	0	0	0	0
2026-03-10 00:04:00+00	OLD	VENTILATE	1	1	1	0	0	0	0
2026-03-10 00:04:00+00	NEW	VENTILATE	0	1	1	0	0	0	0
2026-03-10 00:06:00+00	OLD	VENTILATE	1	1	1	0	0	0	0
2026-03-10 00:06:00+00	NEW	VENTILATE	0	1	1	0	0	0	0
2026-03-10 00:08:00+00	OLD	VENTILATE	1	1	1	0	0	0	0
2026-03-10 00:08:00+00	NEW	VENTILATE	0	1	1	0	0	0	0
2026-03-10 00:24:00+00	OLD	SEALED_MIST	0	0	0	0	0	0	0
2026-03-10 00:24:00+00	NEW	IDLE	0	0	0	0	0	0	0
2026-03-10 18:22:00+00	OLD	SEALED_MIST	0	0	0	0	0	0	0
2026-03-10 18:22:00+00	NEW	IDLE	0	0	0	0	0	0	0
2026-03-10 18:24:00+00	OLD	SEALED_MIST	0	0	0	0	0	0	1
2026-03-10 18:24:00+00	NEW	IDLE	0	0	0	0	0	0	0
2026-03-10 18:26:00+00	OLD	SEALED_MIST	0	0	0	0	0	0	1
2026-03-10 18:26:00+00	NEW	IDLE	0	0	0	0	0	0	0
2026-03-10 18:28:00+00	OLD	SEALED_MIST	0	0	0	0	0	0	1
2026-03-10 18:28:00+00	NEW	IDLE	0	0	0	0	0	0	0
2026-03-10 18:48:00+00	OLD	SEALED_MIST	0	0	0	0	0	0	0
2026-03-10 18:48:00+00	NEW	IDLE	0	0	0	0	0	0	0
2026-03-10 18:50:00+00	OLD	SEALED_MIST	0	0	0	0	0	0	1
2026-03-10 18:50:00+00	NEW	IDLE	0	0	0	0	0	0	0
2026-03-10 19:52:00+00	OLD	SEALED_MIST	0	0	0	0	0	0	0
2026-03-10 19:52:00+00	NEW	IDLE	0	0	0	0	0	0	0
2026-03-10 19:54:00+00	OLD	SEALED_MIST	0	0	0	0	0	0	1
2026-03-10 19:54:00+00	NEW	IDLE	0	0	0	0	0	0	0
2026-03-10 19:58:00+00	OLD	SEALED_MIST	0	0	0	0	0	0	0
2026-03-10 19:58:00+00	NEW	IDLE	0	0	0	0	0	0	0
2026-03-10 20:00:00+00	OLD	SEALED_MIST	0	0	0	0	0	0	1
2026-03-10 20:00:00+00	NEW	IDLE	0	0	0	0	0	0	0
2026-03-10 20:02:00+00	OLD	SEALED_MIST	0	0	0	0	0	0	1
2026-03-10 20:02:00+00	NEW	IDLE	0	0	0	0	0	0	0
2026-03-10 20:04:00+00	OLD	SEALED_MIST	0	0	0	0	0	0	1
2026-03-10 20:04:00+00	NEW	IDLE	0	0	0	0	0	0	0
2026-03-10 20:52:00+00	OLD	SEALED_MIST	0	0	0	0	0	0	0
2026-03-10 20:52:00+00	NEW	IDLE	0	0	0	0	0	0	0
2026-03-11 18:28:00+00	OLD	SEALED_MIST	0	0	0	0	0	0	0
2026-03-11 18:28:00+00	NEW	IDLE	0	0	0	0	0	0	0
2026-03-11 18:30:00+00	OLD	SEALED_MIST	0	0	0	0	0	0	1
2026-03-11 18:30:00+00	NEW	IDLE	0	0	0	0	0	0	0
2026-03-11 18:32:00+00	OLD	SEALED_MIST	0	0	0	0	0	0	1
2026-03-11 18:32:00+00	NEW	IDLE	0	0	0	0	0	0	0
2026-03-11 18:44:00+00	OLD	VENTILATE	1	1	1	0	0	0	0
2026-03-11 18:44:00+00	NEW	VENTILATE	0	1	1	0	0	0	0
2026-03-11 19:02:00+00	OLD	SEALED_MIST	0	0	0	0	0	0	0
2026-03-11 19:02:00+00	NEW	IDLE	0	0	0	0	0	0	0
2026-03-11 19:04:00+00	OLD	SEALED_MIST	0	0	0	0	0	0	1
2026-03-11 19:04:00+00	NEW	IDLE	0	0	0	0	0	0	0
2026-03-11 19:28:00+00	OLD	SEALED_MIST	0	0	0	0	0	0	0
2026-03-11 19:28:00+00	NEW	IDLE	0	0	0	0	0	0	0
2026-03-11 19:30:00+00	OLD	SEALED_MIST	0	0	0	0	0	0	1
2026-03-11 19:30:00+00	NEW	IDLE	0	0	0	0	0	0	0
2026-03-11 19:34:00+00	OLD	SEALED_MIST	0	0	0	0	0	0	0
2026-03-11 19:34:00+00	NEW	IDLE	0	0	0	0	0	0	0
2026-03-11 19:36:00+00	OLD	SEALED_MIST	0	0	0	0	0	0	1
2026-03-11 19:36:00+00	NEW	IDLE	0	0	0	0	0	0	0
2026-03-11 19:50:00+00	OLD	SEALED_MIST	0	0	0	0	0	0	0
2026-03-11 19:50:00+00	NEW	IDLE	0	0	0	0	0	0	0
2026-03-11 19:52:00+00	OLD	SEALED_MIST	0	0	0	0	0	0	1
2026-03-11 19:52:00+00	NEW	IDLE	0	0	0	0	0	0	0
2026-03-11 19:54:00+00	OLD	SEALED_MIST	0	0	0	0	0	0	1
2026-03-11 19:54:00+00	NEW	IDLE	0	0	0	0	0	0	0
2026-03-11 19:56:00+00	OLD	SEALED_MIST	0	0	0	0	0	0	1
2026-03-11 19:56:00+00	NEW	IDLE	0	0	0	0	0	0	0
2026-03-11 20:10:00+00	OLD	SEALED_MIST	0	0	0	0	0	0	0
2026-03-11 20:10:00+00	NEW	IDLE	0	0	0	0	0	0	0
2026-03-11 20:28:00+00	OLD	SEALED_MIST	0	0	0	0	0	0	0
2026-03-11 20:28:00+00	NEW	IDLE	0	0	0	0	0	0	0
2026-03-11 20:30:00+00	OLD	SEALED_MIST	0	0	0	0	0	0	1
2026-03-11 20:30:00+00	NEW	IDLE	0	0	0	0	0	0	0
2026-03-11 20:34:00+00	OLD	SEALED_MIST	0	0	0	0	0	0	0
2026-03-11 20:34:00+00	NEW	IDLE	0	0	0	0	0	0	0
2026-03-11 20:40:00+00	OLD	SEALED_MIST	0	0	0	0	0	0	0
2026-03-11 20:40:00+00	NEW	IDLE	0	0	0	0	0	0	0
2026-03-11 20:50:00+00	OLD	SEALED_MIST	0	0	0	0	0	0	0
2026-03-11 20:50:00+00	NEW	IDLE	0	0	0	0	0	0	0
2026-03-11 21:04:00+00	OLD	SEALED_MIST	0	0	0	0	0	0	0
2026-03-11 21:04:00+00	NEW	IDLE	0	0	0	0	0	0	0
2026-03-11 21:18:00+00	OLD	SEALED_MIST	0	0	0	0	0	0	0
2026-03-11 21:18:00+00	NEW	IDLE	0	0	0	0	0	0	0
2026-03-11 21:36:00+00	OLD	SEALED_MIST	0	0	0	0	0	0	0
2026-03-11 21:36:00+00	NEW	IDLE	0	0	0	0	0	0	0
2026-03-11 21:44:00+00	OLD	SEALED_MIST	0	0	0	0	0	0	0
2026-03-11 21:44:00+00	NEW	IDLE	0	0	0	0	0	0	0
2026-03-12 18:00:00+00	OLD	VENTILATE	1	1	1	0	0	0	0
2026-03-12 18:00:00+00	NEW	VENTILATE	0	1	1	0	0	0	0
2026-03-12 18:02:00+00	OLD	VENTILATE	1	1	1	0	0	0	0
2026-03-12 18:02:00+00	NEW	VENTILATE	0	1	1	0	0	0	0
2026-03-12 18:04:00+00	OLD	VENTILATE	1	1	1	0	0	0	0
2026-03-12 18:04:00+00	NEW	VENTILATE	0	1	1	0	0	0	0
2026-03-12 18:06:00+00	OLD	VENTILATE	1	1	1	0	0	0	0
2026-03-12 18:06:00+00	NEW	VENTILATE	0	1	1	0	0	0	0
2026-03-12 18:08:00+00	OLD	VENTILATE	1	1	1	0	0	0	0
2026-03-12 18:08:00+00	NEW	VENTILATE	0	1	1	0	0	0	0
2026-03-12 18:10:00+00	OLD	VENTILATE	1	1	1	0	0	0	0
2026-03-12 18:10:00+00	NEW	VENTILATE	0	1	1	0	0	0	0
2026-03-12 18:12:00+00	OLD	VENTILATE	1	1	1	0	0	0	0
2026-03-12 18:12:00+00	NEW	VENTILATE	0	1	1	0	0	0	0
2026-03-12 18:14:00+00	OLD	VENTILATE	1	1	1	0	0	0	0
2026-03-12 18:14:00+00	NEW	VENTILATE	0	1	1	0	0	0	0
2026-03-12 18:16:00+00	OLD	VENTILATE	1	1	1	0	0	0	0
2026-03-12 18:16:00+00	NEW	VENTILATE	0	1	1	0	0	0	0
2026-03-12 18:18:00+00	OLD	VENTILATE	1	1	1	0	0	0	0
2026-03-12 18:18:00+00	NEW	VENTILATE	0	1	1	0	0	0	0
2026-03-12 18:20:00+00	OLD	VENTILATE	1	1	1	0	0	0	0
2026-03-12 18:20:00+00	NEW	VENTILATE	0	1	1	0	0	0	0
2026-03-12 18:22:00+00	OLD	VENTILATE	1	1	1	0	0	0	0
2026-03-12 18:22:00+00	NEW	VENTILATE	0	1	1	0	0	0	0
2026-03-12 18:24:00+00	OLD	VENTILATE	1	1	1	0	0	0	0
2026-03-12 18:24:00+00	NEW	VENTILATE	0	1	1	0	0	0	0
2026-03-12 18:26:00+00	OLD	VENTILATE	1	1	1	0	0	0	0
2026-03-12 18:26:00+00	NEW	VENTILATE	0	1	1	0	0	0	0
2026-03-12 18:28:00+00	OLD	VENTILATE	1	1	1	0	0	0	0
2026-03-12 18:28:00+00	NEW	VENTILATE	0	1	1	0	0	0	0
2026-03-12 18:30:00+00	OLD	VENTILATE	1	1	1	0	0	0	0
2026-03-12 18:30:00+00	NEW	VENTILATE	0	1	1	0	0	0	0
2026-03-12 18:32:00+00	OLD	VENTILATE	1	1	1	0	0	0	0
2026-03-12 18:32:00+00	NEW	VENTILATE	0	1	1	0	0	0	0
2026-03-12 18:34:00+00	OLD	VENTILATE	1	1	1	0	0	0	0
2026-03-12 18:34:00+00	NEW	VENTILATE	0	1	1	0	0	0	0
2026-03-12 18:36:00+00	OLD	VENTILATE	1	1	1	0	0	0	0
2026-03-12 18:36:00+00	NEW	VENTILATE	0	1	1	0	0	0	0
2026-03-12 18:38:00+00	OLD	VENTILATE	1	1	1	0	0	0	0
2026-03-12 18:38:00+00	NEW	VENTILATE	0	1	1	0	0	0	0
2026-03-12 18:40:00+00	OLD	VENTILATE	1	1	1	0	0	0	0
2026-03-12 18:40:00+00	NEW	VENTILATE	0	1	1	0	0	0	0
2026-03-12 18:42:00+00	OLD	VENTILATE	1	1	1	0	0	0	0
2026-03-12 18:42:00+00	NEW	VENTILATE	0	1	1	0	0	0	0
2026-03-12 18:44:00+00	OLD	VENTILATE	1	1	1	0	0	0	0
2026-03-12 18:44:00+00	NEW	VENTILATE	0	1	1	0	0	0	0
2026-03-12 18:46:00+00	OLD	VENTILATE	1	1	1	0	0	0	0
2026-03-12 18:46:00+00	NEW	VENTILATE	0	1	1	0	0	0	0
2026-03-12 18:48:00+00	OLD	VENTILATE	1	1	1	0	0	0	0
2026-03-12 18:48:00+00	NEW	VENTILATE	0	1	1	0	0	0	0
2026-03-12 18:50:00+00	OLD	VENTILATE	1	1	1	0	0	0	0
2026-03-12 18:50:00+00	NEW	VENTILATE	0	1	1	0	0	0	0
2026-03-12 18:52:00+00	OLD	VENTILATE	1	1	1	0	0	0	0
2026-03-12 18:52:00+00	NEW	VENTILATE	0	1	1	0	0	0	0
2026-03-12 18:54:00+00	OLD	VENTILATE	1	1	1	0	0	0	0
2026-03-12 18:54:00+00	NEW	VENTILATE	0	1	1	0	0	0	0
2026-03-12 18:56:00+00	OLD	VENTILATE	1	1	1	0	0	0	0
2026-03-12 18:56:00+00	NEW	VENTILATE	0	1	1	0	0	0	0
2026-03-12 18:58:00+00	OLD	VENTILATE	1	1	1	0	0	0	0
2026-03-12 18:58:00+00	NEW	VENTILATE	0	1	1	0	0	0	0
2026-03-13 00:00:00+00	OLD	SEALED_MIST	0	0	0	0	0	0	0
2026-03-13 00:00:00+00	NEW	IDLE	0	0	0	0	0	0	0
2026-03-13 00:02:00+00	OLD	SEALED_MIST	0	0	0	0	0	0	1
2026-03-13 00:02:00+00	NEW	IDLE	0	0	0	0	0	0	0
2026-03-13 00:04:00+00	OLD	SEALED_MIST	0	0	0	0	0	0	1
2026-03-13 00:04:00+00	NEW	IDLE	0	0	0	0	0	0	0
2026-03-13 00:06:00+00	OLD	SEALED_MIST	0	0	0	0	0	0	1
2026-03-13 00:06:00+00	NEW	IDLE	0	0	0	0	0	0	0
2026-03-13 00:18:00+00	OLD	SEALED_MIST	0	0	0	0	0	0	0
2026-03-13 00:18:00+00	NEW	IDLE	0	0	0	0	0	0	0
2026-03-13 00:20:00+00	OLD	SEALED_MIST	0	0	0	0	0	0	1
2026-03-13 00:20:00+00	NEW	IDLE	0	0	0	0	0	0	0
2026-03-13 00:22:00+00	OLD	SEALED_MIST	0	0	0	0	0	0	1
2026-03-13 00:22:00+00	NEW	IDLE	0	0	0	0	0	0	0
2026-03-13 00:24:00+00	OLD	SEALED_MIST	0	0	0	0	0	0	1
2026-03-13 00:24:00+00	NEW	IDLE	0	0	0	0	0	0	0
2026-03-13 18:12:00+00	OLD	SEALED_MIST	0	0	0	0	0	0	0
2026-03-13 18:12:00+00	NEW	IDLE	0	0	0	0	0	0	0
2026-03-13 18:18:00+00	OLD	SEALED_MIST	0	0	0	0	0	0	0
2026-03-13 18:18:00+00	NEW	IDLE	0	0	0	0	0	0	0
2026-03-13 18:36:00+00	OLD	SEALED_MIST	0	0	0	0	0	0	0
2026-03-13 18:36:00+00	NEW	IDLE	0	0	0	0	0	0	0
2026-03-13 18:38:00+00	OLD	SEALED_MIST	0	0	0	0	0	0	1
2026-03-13 18:38:00+00	NEW	IDLE	0	0	0	0	0	0	0
2026-03-13 19:16:00+00	OLD	SEALED_MIST	0	0	0	0	0	0	0
2026-03-13 19:16:00+00	NEW	IDLE	0	0	0	0	0	0	0
2026-03-13 19:18:00+00	OLD	SEALED_MIST	0	0	0	0	0	0	1
2026-03-13 19:18:00+00	NEW	IDLE	0	0	0	0	0	0	0
2026-03-13 19:20:00+00	OLD	SEALED_MIST	0	0	0	0	0	0	1
2026-03-13 19:20:00+00	NEW	IDLE	0	0	0	0	0	0	0
2026-03-13 19:22:00+00	OLD	SEALED_MIST	0	0	0	0	0	0	1
2026-03-13 19:22:00+00	NEW	IDLE	0	0	0	0	0	0	0
2026-03-13 19:34:00+00	OLD	SEALED_MIST	0	0	0	0	0	0	0
2026-03-13 19:34:00+00	NEW	IDLE	0	0	0	0	0	0	0
2026-03-13 19:36:00+00	OLD	SEALED_MIST	0	0	0	0	0	0	1
2026-03-13 19:36:00+00	NEW	IDLE	0	0	0	0	0	0	0
2026-03-13 19:38:00+00	OLD	SEALED_MIST	0	0	0	0	0	0	1
2026-03-13 19:38:00+00	NEW	IDLE	0	0	0	0	0	0	0
2026-03-13 19:40:00+00	OLD	SEALED_MIST	0	0	0	0	0	0	1
2026-03-13 19:40:00+00	NEW	IDLE	0	0	0	0	0	0	0
2026-03-13 20:18:00+00	OLD	SEALED_MIST	0	0	0	0	0	0	0
2026-03-13 20:18:00+00	NEW	IDLE	0	0	0	0	0	0	0
2026-03-13 20:20:00+00	OLD	SEALED_MIST	0	0	0	0	0	0	1
2026-03-13 20:20:00+00	NEW	IDLE	0	0	0	0	0	0	0
2026-03-13 20:22:00+00	OLD	SEALED_MIST	0	0	0	0	0	0	1
2026-03-13 20:22:00+00	NEW	IDLE	0	0	0	0	0	0	0
2026-03-13 20:24:00+00	OLD	SEALED_MIST	0	0	0	0	0	0	1
2026-03-13 20:24:00+00	NEW	IDLE	0	0	0	0	0	0	0
2026-03-13 20:40:00+00	OLD	SEALED_MIST	0	0	0	0	0	0	0
2026-03-13 20:40:00+00	NEW	IDLE	0	0	0	0	0	0	0
2026-03-13 20:42:00+00	OLD	SEALED_MIST	0	0	0	0	0	0	1
2026-03-13 20:42:00+00	NEW	IDLE	0	0	0	0	0	0	0
2026-03-13 20:44:00+00	OLD	SEALED_MIST	0	0	0	0	0	0	1
2026-03-13 20:44:00+00	NEW	IDLE	0	0	0	0	0	0	0
2026-03-13 20:46:00+00	OLD	SEALED_MIST	0	0	0	0	0	0	1
2026-03-13 20:46:00+00	NEW	IDLE	0	0	0	0	0	0	0
2026-03-13 21:56:00+00	OLD	SEALED_MIST	0	0	0	0	0	0	0
2026-03-13 21:56:00+00	NEW	IDLE	0	0	0	0	0	0	0
2026-03-13 21:58:00+00	OLD	SEALED_MIST	0	0	0	0	0	0	1
2026-03-13 21:58:00+00	NEW	IDLE	0	0	0	0	0	0	0
2026-03-14 18:00:00+00	OLD	VENTILATE	1	1	1	1	0	0	0
2026-03-14 18:00:00+00	NEW	VENTILATE	0	1	1	1	0	0	0
2026-03-14 18:02:00+00	OLD	VENTILATE	1	1	1	1	0	0	0
2026-03-14 18:02:00+00	NEW	VENTILATE	0	1	1	1	0	0	0
2026-03-14 18:04:00+00	OLD	VENTILATE	1	1	1	1	0	0	0
2026-03-14 18:04:00+00	NEW	VENTILATE	0	1	1	1	0	0	0
2026-03-14 18:06:00+00	OLD	VENTILATE	1	1	1	1	0	0	0
2026-03-14 18:06:00+00	NEW	VENTILATE	0	1	1	1	0	0	0
2026-03-14 18:08:00+00	OLD	VENTILATE	1	1	1	1	0	0	0
2026-03-14 18:08:00+00	NEW	VENTILATE	0	1	1	1	0	0	0
2026-03-14 18:10:00+00	OLD	VENTILATE	1	1	1	1	0	0	0
2026-03-14 18:10:00+00	NEW	VENTILATE	0	1	1	1	0	0	0
2026-03-14 18:12:00+00	OLD	VENTILATE	1	1	1	1	0	0	0
2026-03-14 18:12:00+00	NEW	VENTILATE	0	1	1	1	0	0	0
2026-03-14 18:14:00+00	OLD	VENTILATE	1	1	1	1	0	0	0
2026-03-14 18:14:00+00	NEW	VENTILATE	0	1	1	1	0	0	0
2026-03-14 18:16:00+00	OLD	VENTILATE	1	1	1	1	0	0	0
2026-03-14 18:16:00+00	NEW	VENTILATE	0	1	1	1	0	0	0
2026-03-14 18:18:00+00	OLD	VENTILATE	1	1	1	1	0	0	0
2026-03-14 18:18:00+00	NEW	VENTILATE	0	1	1	1	0	0	0
2026-03-14 18:20:00+00	OLD	VENTILATE	1	1	1	1	0	0	0
2026-03-14 18:20:00+00	NEW	VENTILATE	0	1	1	1	0	0	0
2026-03-14 18:22:00+00	OLD	VENTILATE	1	1	1	1	0	0	0
2026-03-14 18:22:00+00	NEW	VENTILATE	0	1	1	1	0	0	0
2026-03-14 18:24:00+00	OLD	VENTILATE	1	1	1	1	0	0	0
2026-03-14 18:24:00+00	NEW	VENTILATE	0	1	1	1	0	0	0
2026-03-14 18:26:00+00	OLD	VENTILATE	1	1	1	1	0	0	0
2026-03-14 18:26:00+00	NEW	VENTILATE	0	1	1	1	0	0	0
2026-03-14 18:28:00+00	OLD	VENTILATE	1	1	1	1	0	0	0
2026-03-14 18:28:00+00	NEW	VENTILATE	0	1	1	1	0	0	0
2026-03-14 18:30:00+00	OLD	VENTILATE	1	1	1	1	0	0	0
2026-03-14 18:30:00+00	NEW	VENTILATE	0	1	1	1	0	0	0
2026-03-14 18:32:00+00	OLD	VENTILATE	1	1	1	0	0	0	0
2026-03-14 18:32:00+00	NEW	VENTILATE	0	1	1	0	0	0	0
2026-03-14 18:34:00+00	OLD	VENTILATE	1	1	1	0	0	0	0
2026-03-14 18:34:00+00	NEW	VENTILATE	0	1	1	0	0	0	0
2026-03-14 18:36:00+00	OLD	VENTILATE	1	1	1	0	0	0	0
2026-03-14 18:36:00+00	NEW	VENTILATE	0	1	1	0	0	0	0
2026-03-14 18:38:00+00	OLD	VENTILATE	1	1	1	0	0	0	0
2026-03-14 18:38:00+00	NEW	VENTILATE	0	1	1	0	0	0	0
2026-03-14 18:40:00+00	OLD	VENTILATE	1	1	1	0	0	0	0
2026-03-14 18:40:00+00	NEW	VENTILATE	0	1	1	0	0	0	0
2026-03-14 18:42:00+00	OLD	VENTILATE	1	1	1	0	0	0	0
2026-03-14 18:42:00+00	NEW	VENTILATE	0	1	1	0	0	0	0
2026-03-14 18:44:00+00	OLD	VENTILATE	1	1	1	0	0	0	0
2026-03-14 18:44:00+00	NEW	VENTILATE	0	1	1	0	0	0	0
2026-03-14 18:46:00+00	OLD	VENTILATE	1	1	1	0	0	0	0
2026-03-14 18:46:00+00	NEW	VENTILATE	0	1	1	0	0	0	0
2026-03-14 18:48:00+00	OLD	VENTILATE	1	1	1	0	0	0	0
2026-03-14 18:48:00+00	NEW	VENTILATE	0	1	1	0	0	0	0
2026-03-14 18:50:00+00	OLD	VENTILATE	1	1	1	0	0	0	0
2026-03-14 18:50:00+00	NEW	VENTILATE	0	1	1	0	0	0	0
2026-03-14 18:52:00+00	OLD	VENTILATE	1	1	1	0	0	0	0
2026-03-14 18:52:00+00	NEW	VENTILATE	0	1	1	0	0	0	0
2026-03-14 18:54:00+00	OLD	VENTILATE	1	1	1	0	0	0	0
2026-03-14 18:54:00+00	NEW	VENTILATE	0	1	1	0	0	0	0
2026-03-14 18:56:00+00	OLD	VENTILATE	1	1	1	0	0	0	0
2026-03-14 18:56:00+00	NEW	VENTILATE	0	1	1	0	0	0	0
2026-03-14 18:58:00+00	OLD	VENTILATE	1	1	1	0	0	0	0
2026-03-14 18:58:00+00	NEW	VENTILATE	0	1	1	0	0	0	0
2026-03-15 00:00:00+00	OLD	VENTILATE	1	1	1	0	0	0	0
2026-03-15 00:00:00+00	NEW	VENTILATE	0	1	1	0	0	0	0
2026-03-15 00:02:00+00	OLD	SEALED_MIST	1	0	0	0	0	0	3
2026-03-15 00:02:00+00	NEW	IDLE	0	0	0	0	0	0	0
2026-03-15 18:20:00+00	OLD	SEALED_MIST	0	0	0	0	0	0	0
2026-03-15 18:20:00+00	NEW	IDLE	0	0	0	0	0	0	0
2026-03-15 18:22:00+00	OLD	SEALED_MIST	0	0	0	0	0	0	1
2026-03-15 18:22:00+00	NEW	IDLE	0	0	0	0	0	0	0
2026-03-15 18:36:00+00	OLD	SEALED_MIST	0	0	0	0	0	0	0
2026-03-15 18:36:00+00	NEW	IDLE	0	0	0	0	0	0	0
2026-03-15 18:38:00+00	OLD	SEALED_MIST	0	0	0	0	0	0	1
2026-03-15 18:38:00+00	NEW	IDLE	0	0	0	0	0	0	0
2026-03-15 18:40:00+00	OLD	SEALED_MIST	0	0	0	0	0	0	1
2026-03-15 18:40:00+00	NEW	IDLE	0	0	0	0	0	0	0
2026-03-15 18:46:00+00	OLD	SEALED_MIST	0	0	0	0	0	0	0
2026-03-15 18:46:00+00	NEW	IDLE	0	0	0	0	0	0	0
2026-03-15 18:48:00+00	OLD	VENTILATE	1	1	1	0	0	0	0
2026-03-15 18:48:00+00	NEW	VENTILATE	0	1	1	0	0	0	0
2026-03-15 18:52:00+00	OLD	SEALED_MIST	0	0	0	0	0	0	0
2026-03-15 18:52:00+00	NEW	IDLE	0	0	0	0	0	0	0
2026-03-15 19:00:00+00	OLD	SEALED_MIST	0	0	0	0	0	0	0
2026-03-15 19:00:00+00	NEW	IDLE	0	0	0	0	0	0	0
2026-03-15 19:02:00+00	OLD	SEALED_MIST	0	0	0	0	0	0	1
2026-03-15 19:02:00+00	NEW	IDLE	0	0	0	0	0	0	0
2026-03-15 19:04:00+00	OLD	SEALED_MIST	0	0	0	0	0	0	1
2026-03-15 19:04:00+00	NEW	IDLE	0	0	0	0	0	0	0
2026-03-15 19:10:00+00	OLD	SEALED_MIST	0	0	0	0	0	0	0
2026-03-15 19:10:00+00	NEW	IDLE	0	0	0	0	0	0	0
2026-03-15 19:32:00+00	OLD	SEALED_MIST	0	0	0	0	0	0	0
2026-03-15 19:32:00+00	NEW	IDLE	0	0	0	0	0	0	0
2026-03-15 19:34:00+00	OLD	SEALED_MIST	0	0	0	0	0	0	1
2026-03-15 19:34:00+00	NEW	IDLE	0	0	0	0	0	0	0
2026-03-15 19:46:00+00	OLD	SEALED_MIST	0	0	0	0	0	0	0
2026-03-15 19:46:00+00	NEW	IDLE	0	0	0	0	0	0	0
2026-03-15 20:38:00+00	OLD	SEALED_MIST	0	0	0	0	0	0	0
2026-03-15 20:38:00+00	NEW	IDLE	0	0	0	0	0	0	0
2026-03-16 18:04:00+00	OLD	SEALED_MIST	0	0	0	0	0	0	0
2026-03-16 18:04:00+00	NEW	IDLE	0	0	0	0	0	0	0
2026-03-16 18:06:00+00	OLD	SEALED_MIST	0	0	0	0	0	0	1
2026-03-16 18:06:00+00	NEW	IDLE	0	0	0	0	0	0	0
2026-03-16 18:08:00+00	OLD	SEALED_MIST	0	0	0	0	0	0	1
2026-03-16 18:08:00+00	NEW	IDLE	0	0	0	0	0	0	0
2026-03-16 18:10:00+00	OLD	SEALED_MIST	0	0	0	0	0	0	1
2026-03-16 18:10:00+00	NEW	IDLE	0	0	0	0	0	0	0
2026-03-16 18:14:00+00	OLD	VENTILATE	1	1	1	0	0	0	0
2026-03-16 18:14:00+00	NEW	VENTILATE	0	1	1	0	0	0	0
2026-03-16 18:30:00+00	OLD	VENTILATE	1	1	1	0	0	0	0
2026-03-16 18:30:00+00	NEW	VENTILATE	0	1	1	0	0	0	0
2026-03-16 18:32:00+00	OLD	VENTILATE	1	1	1	0	0	0	0
2026-03-16 18:32:00+00	NEW	VENTILATE	0	1	1	0	0	0	0
2026-03-16 18:42:00+00	OLD	VENTILATE	1	1	1	0	0	0	0
2026-03-16 18:42:00+00	NEW	VENTILATE	0	1	1	0	0	0	0
2026-03-16 18:44:00+00	OLD	VENTILATE	1	1	1	0	0	0	0
2026-03-16 18:44:00+00	NEW	VENTILATE	0	1	1	0	0	0	0
2026-03-16 18:46:00+00	OLD	VENTILATE	1	1	1	0	0	0	0
2026-03-16 18:46:00+00	NEW	VENTILATE	0	1	1	0	0	0	0
2026-03-16 18:48:00+00	OLD	VENTILATE	1	1	1	0	0	0	0
2026-03-16 18:48:00+00	NEW	VENTILATE	0	1	1	0	0	0	0
2026-03-16 18:50:00+00	OLD	VENTILATE	1	1	1	0	0	0	0
2026-03-16 18:50:00+00	NEW	VENTILATE	0	1	1	0	0	0	0
2026-03-16 18:52:00+00	OLD	VENTILATE	1	1	1	0	0	0	0
2026-03-16 18:52:00+00	NEW	VENTILATE	0	1	1	0	0	0	0
2026-03-16 18:54:00+00	OLD	VENTILATE	1	1	1	0	0	0	0
2026-03-16 18:54:00+00	NEW	VENTILATE	0	1	1	0	0	0	0
2026-03-16 18:56:00+00	OLD	VENTILATE	1	1	1	0	0	0	0
2026-03-16 18:56:00+00	NEW	VENTILATE	0	1	1	0	0	0	0
2026-03-16 18:58:00+00	OLD	VENTILATE	1	1	1	0	0	0	0
2026-03-16 18:58:00+00	NEW	VENTILATE	0	1	1	0	0	0	0
2026-03-17 18:00:00+00	OLD	VENTILATE	1	1	1	1	0	0	0
2026-03-17 18:00:00+00	NEW	VENTILATE	0	1	1	1	0	0	0
2026-03-17 18:02:00+00	OLD	VENTILATE	1	1	1	1	0	0	0
2026-03-17 18:02:00+00	NEW	VENTILATE	0	1	1	1	0	0	0
2026-03-17 18:04:00+00	OLD	VENTILATE	1	1	1	1	0	0	0
2026-03-17 18:04:00+00	NEW	VENTILATE	0	1	1	1	0	0	0
2026-03-17 18:06:00+00	OLD	VENTILATE	1	1	1	1	0	0	0
2026-03-17 18:06:00+00	NEW	VENTILATE	0	1	1	1	0	0	0
2026-03-17 18:08:00+00	OLD	VENTILATE	1	1	1	1	0	0	0
2026-03-17 18:08:00+00	NEW	VENTILATE	0	1	1	1	0	0	0
2026-03-17 18:10:00+00	OLD	VENTILATE	1	1	1	1	0	0	0
2026-03-17 18:10:00+00	NEW	VENTILATE	0	1	1	1	0	0	0
2026-03-17 18:12:00+00	OLD	VENTILATE	1	1	1	1	0	0	0
2026-03-17 18:12:00+00	NEW	VENTILATE	0	1	1	1	0	0	0
2026-03-17 18:14:00+00	OLD	VENTILATE	1	1	1	1	0	0	0
2026-03-17 18:14:00+00	NEW	VENTILATE	0	1	1	1	0	0	0
2026-03-17 18:16:00+00	OLD	VENTILATE	1	1	1	1	0	0	0
2026-03-17 18:16:00+00	NEW	VENTILATE	0	1	1	1	0	0	0
2026-03-17 18:18:00+00	OLD	VENTILATE	1	1	1	1	0	0	0
2026-03-17 18:18:00+00	NEW	VENTILATE	0	1	1	1	0	0	0
2026-03-17 18:20:00+00	OLD	VENTILATE	1	1	1	1	0	0	0
2026-03-17 18:20:00+00	NEW	VENTILATE	0	1	1	1	0	0	0
2026-03-17 18:22:00+00	OLD	VENTILATE	1	1	1	1	0	0	0
2026-03-17 18:22:00+00	NEW	VENTILATE	0	1	1	1	0	0	0
2026-03-17 18:24:00+00	OLD	VENTILATE	1	1	1	1	0	0	0
2026-03-17 18:24:00+00	NEW	VENTILATE	0	1	1	1	0	0	0
2026-03-17 18:26:00+00	OLD	VENTILATE	1	1	1	1	0	0	0
2026-03-17 18:26:00+00	NEW	VENTILATE	0	1	1	1	0	0	0
2026-03-17 18:28:00+00	OLD	VENTILATE	1	1	1	1	0	0	0
2026-03-17 18:28:00+00	NEW	VENTILATE	0	1	1	1	0	0	0
2026-03-17 18:30:00+00	OLD	VENTILATE	1	1	1	1	0	0	0
2026-03-17 18:30:00+00	NEW	VENTILATE	0	1	1	1	0	0	0
2026-03-17 18:32:00+00	OLD	VENTILATE	1	1	1	1	0	0	0
2026-03-17 18:32:00+00	NEW	VENTILATE	0	1	1	1	0	0	0
2026-03-17 18:34:00+00	OLD	VENTILATE	1	1	1	1	0	0	0
2026-03-17 18:34:00+00	NEW	VENTILATE	0	1	1	1	0	0	0
2026-03-17 18:36:00+00	OLD	VENTILATE	1	1	1	1	0	0	0
2026-03-17 18:36:00+00	NEW	VENTILATE	0	1	1	1	0	0	0
2026-03-17 18:38:00+00	OLD	VENTILATE	1	1	1	1	0	0	0
2026-03-17 18:38:00+00	NEW	VENTILATE	0	1	1	1	0	0	0
2026-03-17 18:40:00+00	OLD	VENTILATE	1	1	1	1	0	0	0
2026-03-17 18:40:00+00	NEW	VENTILATE	0	1	1	1	0	0	0
2026-03-17 18:42:00+00	OLD	VENTILATE	1	1	1	1	0	0	0
2026-03-17 18:42:00+00	NEW	VENTILATE	0	1	1	1	0	0	0
2026-03-17 18:44:00+00	OLD	VENTILATE	1	1	1	1	0	0	0
2026-03-17 18:44:00+00	NEW	VENTILATE	0	1	1	1	0	0	0
2026-03-17 18:46:00+00	OLD	VENTILATE	1	1	1	1	0	0	0
2026-03-17 18:46:00+00	NEW	VENTILATE	0	1	1	1	0	0	0
2026-03-17 18:48:00+00	OLD	VENTILATE	1	1	1	1	0	0	0
2026-03-17 18:48:00+00	NEW	VENTILATE	0	1	1	1	0	0	0
2026-03-17 18:50:00+00	OLD	VENTILATE	1	1	1	1	0	0	0
2026-03-17 18:50:00+00	NEW	VENTILATE	0	1	1	1	0	0	0
2026-03-17 18:52:00+00	OLD	VENTILATE	1	1	1	1	0	0	0
2026-03-17 18:52:00+00	NEW	VENTILATE	0	1	1	1	0	0	0
2026-03-17 18:54:00+00	OLD	VENTILATE	1	1	1	1	0	0	0
2026-03-17 18:54:00+00	NEW	VENTILATE	0	1	1	1	0	0	0
2026-03-17 18:56:00+00	OLD	VENTILATE	1	1	1	1	0	0	0
2026-03-17 18:56:00+00	NEW	VENTILATE	0	1	1	1	0	0	0
2026-03-17 18:58:00+00	OLD	VENTILATE	1	1	1	1	0	0	0
2026-03-17 18:58:00+00	NEW	VENTILATE	0	1	1	1	0	0	0
2026-03-18 00:00:00+00	OLD	VENTILATE	1	1	1	0	0	0	0
2026-03-18 00:00:00+00	NEW	VENTILATE	0	1	1	0	0	0	0
2026-03-18 00:02:00+00	OLD	VENTILATE	1	1	1	0	0	0	0
2026-03-18 00:02:00+00	NEW	VENTILATE	0	1	1	0	0	0	0
2026-03-18 00:04:00+00	OLD	VENTILATE	1	1	1	0	0	0	0
2026-03-18 00:04:00+00	NEW	VENTILATE	0	1	1	0	0	0	0
2026-03-18 00:06:00+00	OLD	VENTILATE	1	1	1	0	0	0	0
2026-03-18 00:06:00+00	NEW	VENTILATE	0	1	1	0	0	0	0
2026-03-18 00:08:00+00	OLD	VENTILATE	1	1	1	0	0	0	0
2026-03-18 00:08:00+00	NEW	VENTILATE	0	1	1	0	0	0	0
2026-03-18 00:10:00+00	OLD	VENTILATE	1	1	1	0	0	0	0
2026-03-18 00:10:00+00	NEW	VENTILATE	0	1	1	0	0	0	0
2026-03-18 00:12:00+00	OLD	VENTILATE	1	1	1	0	0	0	0
2026-03-18 00:12:00+00	NEW	VENTILATE	0	1	1	0	0	0	0
2026-03-18 00:14:00+00	OLD	VENTILATE	1	1	1	0	0	0	0
2026-03-18 00:14:00+00	NEW	VENTILATE	0	1	1	0	0	0	0
2026-03-18 00:16:00+00	OLD	VENTILATE	1	1	1	0	0	0	0
2026-03-18 00:16:00+00	NEW	VENTILATE	0	1	1	0	0	0	0
2026-03-18 00:18:00+00	OLD	VENTILATE	1	1	1	0	0	0	0
2026-03-18 00:18:00+00	NEW	VENTILATE	0	1	1	0	0	0	0
2026-03-18 00:20:00+00	OLD	VENTILATE	1	1	1	0	0	0	0
2026-03-18 00:20:00+00	NEW	VENTILATE	0	1	1	0	0	0	0
2026-03-18 00:22:00+00	OLD	VENTILATE	1	1	1	0	0	0	0
2026-03-18 00:22:00+00	NEW	VENTILATE	0	1	1	0	0	0	0
2026-03-18 00:24:00+00	OLD	VENTILATE	1	1	1	0	0	0	0
2026-03-18 00:24:00+00	NEW	VENTILATE	0	1	1	0	0	0	0
2026-03-18 00:26:00+00	OLD	VENTILATE	1	1	1	0	0	0	0
2026-03-18 00:26:00+00	NEW	VENTILATE	0	1	1	0	0	0	0
2026-03-18 00:38:00+00	OLD	VENTILATE	1	1	1	1	0	0	0
2026-03-18 00:38:00+00	NEW	VENTILATE	0	1	1	1	0	0	0
2026-03-18 01:56:00+00	OLD	VENTILATE	1	1	1	1	0	0	0
2026-03-18 01:56:00+00	NEW	VENTILATE	0	1	1	1	0	0	0
2026-03-18 01:58:00+00	OLD	VENTILATE	1	1	1	1	0	0	0
2026-03-18 01:58:00+00	NEW	VENTILATE	0	1	1	1	0	0	0
2026-03-18 02:00:00+00	OLD	VENTILATE	1	1	1	1	0	0	0
2026-03-18 02:00:00+00	NEW	VENTILATE	0	1	1	1	0	0	0
2026-03-18 02:02:00+00	OLD	VENTILATE	1	1	1	0	0	0	0
2026-03-18 02:02:00+00	NEW	VENTILATE	0	1	1	0	0	0	0
2026-03-18 02:04:00+00	OLD	VENTILATE	1	1	1	0	0	0	0
2026-03-18 02:04:00+00	NEW	VENTILATE	0	1	1	0	0	0	0
2026-03-18 02:06:00+00	OLD	SEALED_MIST	0	0	0	0	0	0	0
2026-03-18 02:06:00+00	NEW	IDLE	0	0	0	0	0	0	0
2026-03-18 02:08:00+00	OLD	SEALED_MIST	0	0	0	0	0	0	1
2026-03-18 02:08:00+00	NEW	IDLE	0	0	0	0	0	0	0
2026-03-18 18:00:00+00	OLD	VENTILATE	1	1	1	1	0	0	0
2026-03-18 18:00:00+00	NEW	VENTILATE	0	1	1	1	0	0	0
2026-03-18 18:02:00+00	OLD	VENTILATE	1	1	1	1	0	0	0
2026-03-18 18:02:00+00	NEW	VENTILATE	0	1	1	1	0	0	0
2026-03-18 18:04:00+00	OLD	VENTILATE	1	1	1	1	0	0	0
2026-03-18 18:04:00+00	NEW	VENTILATE	0	1	1	1	0	0	0
2026-03-18 18:06:00+00	OLD	VENTILATE	1	1	1	1	0	0	0
2026-03-18 18:06:00+00	NEW	VENTILATE	0	1	1	1	0	0	0
2026-03-18 18:08:00+00	OLD	VENTILATE	1	1	1	1	0	0	0
2026-03-18 18:08:00+00	NEW	VENTILATE	0	1	1	1	0	0	0
2026-03-18 18:10:00+00	OLD	VENTILATE	1	1	1	1	0	0	0
2026-03-18 18:10:00+00	NEW	VENTILATE	0	1	1	1	0	0	0
2026-03-18 18:12:00+00	OLD	VENTILATE	1	1	1	1	0	0	0
2026-03-18 18:12:00+00	NEW	VENTILATE	0	1	1	1	0	0	0
2026-03-18 18:14:00+00	OLD	VENTILATE	1	1	1	1	0	0	0
2026-03-18 18:14:00+00	NEW	VENTILATE	0	1	1	1	0	0	0
2026-03-18 18:16:00+00	OLD	VENTILATE	1	1	1	1	0	0	0
2026-03-18 18:16:00+00	NEW	VENTILATE	0	1	1	1	0	0	0
2026-03-18 18:20:00+00	OLD	VENTILATE	1	1	1	1	0	0	0
2026-03-18 18:20:00+00	NEW	VENTILATE	0	1	1	1	0	0	0
2026-03-18 18:22:00+00	OLD	VENTILATE	1	1	1	1	0	0	0
2026-03-18 18:22:00+00	NEW	VENTILATE	0	1	1	1	0	0	0
2026-03-18 18:24:00+00	OLD	VENTILATE	1	1	1	1	0	0	0
2026-03-18 18:24:00+00	NEW	VENTILATE	0	1	1	1	0	0	0
2026-03-18 18:26:00+00	OLD	VENTILATE	1	1	1	1	0	0	0
2026-03-18 18:26:00+00	NEW	VENTILATE	0	1	1	1	0	0	0
2026-03-18 18:30:00+00	OLD	VENTILATE	1	1	1	1	0	0	0
2026-03-18 18:30:00+00	NEW	VENTILATE	0	1	1	1	0	0	0
2026-03-18 18:32:00+00	OLD	VENTILATE	1	1	1	1	0	0	0
2026-03-18 18:32:00+00	NEW	VENTILATE	0	1	1	1	0	0	0
2026-03-18 18:34:00+00	OLD	VENTILATE	1	1	1	1	0	0	0
2026-03-18 18:34:00+00	NEW	VENTILATE	0	1	1	1	0	0	0
2026-03-18 18:36:00+00	OLD	VENTILATE	1	1	1	1	0	0	0
2026-03-18 18:36:00+00	NEW	VENTILATE	0	1	1	1	0	0	0
2026-03-18 18:42:00+00	OLD	VENTILATE	1	1	1	1	0	0	0
2026-03-18 18:42:00+00	NEW	VENTILATE	0	1	1	1	0	0	0
2026-03-18 18:44:00+00	OLD	VENTILATE	1	1	1	1	0	0	0
2026-03-18 18:44:00+00	NEW	VENTILATE	0	1	1	1	0	0	0
2026-03-18 18:46:00+00	OLD	VENTILATE	1	1	1	1	0	0	0
2026-03-18 18:46:00+00	NEW	VENTILATE	0	1	1	1	0	0	0
2026-03-18 18:48:00+00	OLD	VENTILATE	1	1	1	1	0	0	0
2026-03-18 18:48:00+00	NEW	VENTILATE	0	1	1	1	0	0	0
2026-03-19 00:00:00+00	OLD	VENTILATE	1	1	1	1	0	0	0
2026-03-19 00:00:00+00	NEW	VENTILATE	0	1	1	1	0	0	0
2026-03-19 00:02:00+00	OLD	VENTILATE	1	1	1	1	0	0	0
2026-03-19 00:02:00+00	NEW	VENTILATE	0	1	1	1	0	0	0
2026-03-19 00:04:00+00	OLD	VENTILATE	1	1	1	1	0	0	0
2026-03-19 00:04:00+00	NEW	VENTILATE	0	1	1	1	0	0	0
2026-03-19 00:06:00+00	OLD	VENTILATE	1	1	1	1	0	0	0
2026-03-19 00:06:00+00	NEW	VENTILATE	0	1	1	1	0	0	0
2026-03-19 00:08:00+00	OLD	VENTILATE	1	1	1	1	0	0	0
2026-03-19 00:08:00+00	NEW	VENTILATE	0	1	1	1	0	0	0
2026-03-19 00:10:00+00	OLD	VENTILATE	1	1	1	1	0	0	0
2026-03-19 00:10:00+00	NEW	VENTILATE	0	1	1	1	0	0	0
2026-03-19 00:12:00+00	OLD	VENTILATE	1	1	1	1	0	0	0
2026-03-19 00:12:00+00	NEW	VENTILATE	0	1	1	1	0	0	0
2026-03-19 00:14:00+00	OLD	VENTILATE	1	1	1	1	0	0	0
2026-03-19 00:14:00+00	NEW	VENTILATE	0	1	1	1	0	0	0
2026-03-19 00:16:00+00	OLD	VENTILATE	1	1	1	1	0	0	0
2026-03-19 00:16:00+00	NEW	VENTILATE	0	1	1	1	0	0	0
2026-03-19 00:18:00+00	OLD	VENTILATE	1	1	1	1	0	0	0
2026-03-19 00:18:00+00	NEW	VENTILATE	0	1	1	1	0	0	0
2026-03-19 00:20:00+00	OLD	VENTILATE	1	1	1	1	0	0	0
2026-03-19 00:20:00+00	NEW	VENTILATE	0	1	1	1	0	0	0
2026-03-19 00:22:00+00	OLD	VENTILATE	1	1	1	1	0	0	0
2026-03-19 00:22:00+00	NEW	VENTILATE	0	1	1	1	0	0	0
2026-03-19 00:24:00+00	OLD	VENTILATE	1	1	1	1	0	0	0
2026-03-19 00:24:00+00	NEW	VENTILATE	0	1	1	1	0	0	0
2026-03-19 00:26:00+00	OLD	VENTILATE	1	1	1	1	0	0	0
2026-03-19 00:26:00+00	NEW	VENTILATE	0	1	1	1	0	0	0
2026-03-19 00:28:00+00	OLD	VENTILATE	1	1	1	1	0	0	0
2026-03-19 00:28:00+00	NEW	VENTILATE	0	1	1	1	0	0	0
2026-03-19 00:30:00+00	OLD	VENTILATE	1	1	1	1	0	0	0
2026-03-19 00:30:00+00	NEW	VENTILATE	0	1	1	1	0	0	0
2026-03-19 00:32:00+00	OLD	VENTILATE	1	1	1	1	0	0	0
2026-03-19 00:32:00+00	NEW	VENTILATE	0	1	1	1	0	0	0
2026-03-19 00:34:00+00	OLD	VENTILATE	1	1	1	1	0	0	0
2026-03-19 00:34:00+00	NEW	VENTILATE	0	1	1	1	0	0	0
2026-03-19 00:36:00+00	OLD	VENTILATE	1	1	1	1	0	0	0
2026-03-19 00:36:00+00	NEW	VENTILATE	0	1	1	1	0	0	0
2026-03-19 00:38:00+00	OLD	VENTILATE	1	1	1	1	0	0	0
2026-03-19 00:38:00+00	NEW	VENTILATE	0	1	1	1	0	0	0
2026-03-19 00:40:00+00	OLD	VENTILATE	1	1	1	1	0	0	0
2026-03-19 00:40:00+00	NEW	VENTILATE	0	1	1	1	0	0	0
2026-03-19 00:42:00+00	OLD	VENTILATE	1	1	1	1	0	0	0
2026-03-19 00:42:00+00	NEW	VENTILATE	0	1	1	1	0	0	0
2026-03-19 00:44:00+00	OLD	VENTILATE	1	1	1	1	0	0	0
2026-03-19 00:44:00+00	NEW	VENTILATE	0	1	1	1	0	0	0
2026-03-19 00:46:00+00	OLD	VENTILATE	1	1	1	1	0	0	0
2026-03-19 00:46:00+00	NEW	VENTILATE	0	1	1	1	0	0	0
2026-03-19 00:48:00+00	OLD	VENTILATE	1	1	1	1	0	0	0
2026-03-19 00:48:00+00	NEW	VENTILATE	0	1	1	1	0	0	0
2026-03-19 00:50:00+00	OLD	VENTILATE	1	1	1	1	0	0	0
2026-03-19 00:50:00+00	NEW	VENTILATE	0	1	1	1	0	0	0
2026-03-19 00:52:00+00	OLD	VENTILATE	1	1	1	1	0	0	0
2026-03-19 00:52:00+00	NEW	VENTILATE	0	1	1	1	0	0	0
2026-03-19 00:54:00+00	OLD	VENTILATE	1	1	1	0	0	0	0
2026-03-19 00:54:00+00	NEW	VENTILATE	0	1	1	0	0	0	0
2026-03-19 00:56:00+00	OLD	VENTILATE	1	1	1	0	0	0	0
2026-03-19 00:56:00+00	NEW	VENTILATE	0	1	1	0	0	0	0
2026-03-19 00:58:00+00	OLD	VENTILATE	1	1	1	0	0	0	0
2026-03-19 00:58:00+00	NEW	VENTILATE	0	1	1	0	0	0	0
2026-03-19 01:00:00+00	OLD	VENTILATE	1	1	1	0	0	0	0
2026-03-19 01:00:00+00	NEW	VENTILATE	0	1	1	0	0	0	0
2026-03-19 01:02:00+00	OLD	VENTILATE	1	1	1	0	0	0	0
2026-03-19 01:02:00+00	NEW	VENTILATE	0	1	1	0	0	0	0
2026-03-19 01:04:00+00	OLD	VENTILATE	1	1	1	0	0	0	0
2026-03-19 01:04:00+00	NEW	VENTILATE	0	1	1	0	0	0	0
2026-03-19 01:06:00+00	OLD	VENTILATE	1	1	1	0	0	0	0
2026-03-19 01:06:00+00	NEW	VENTILATE	0	1	1	0	0	0	0
2026-03-19 01:08:00+00	OLD	VENTILATE	1	1	1	0	0	0	0
2026-03-19 01:08:00+00	NEW	VENTILATE	0	1	1	0	0	0	0
2026-03-19 01:10:00+00	OLD	VENTILATE	1	1	1	0	0	0	0
2026-03-19 01:10:00+00	NEW	VENTILATE	0	1	1	0	0	0	0
2026-03-19 01:12:00+00	OLD	VENTILATE	1	1	1	0	0	0	0
2026-03-19 01:12:00+00	NEW	VENTILATE	0	1	1	0	0	0	0
2026-03-19 01:14:00+00	OLD	VENTILATE	1	1	1	0	0	0	0
2026-03-19 01:14:00+00	NEW	VENTILATE	0	1	1	0	0	0	0
2026-03-19 01:16:00+00	OLD	VENTILATE	1	1	1	0	0	0	0
2026-03-19 01:16:00+00	NEW	VENTILATE	0	1	1	0	0	0	0
2026-03-19 01:18:00+00	OLD	VENTILATE	1	1	1	0	0	0	0
2026-03-19 01:18:00+00	NEW	VENTILATE	0	1	1	0	0	0	0
2026-03-19 01:20:00+00	OLD	VENTILATE	1	1	1	0	0	0	0
2026-03-19 01:20:00+00	NEW	VENTILATE	0	1	1	0	0	0	0
2026-03-19 18:00:00+00	OLD	VENTILATE	1	1	1	1	0	0	0
2026-03-19 18:00:00+00	NEW	VENTILATE	0	1	1	1	0	0	0
2026-03-19 18:04:00+00	OLD	VENTILATE	1	1	1	1	0	0	0
2026-03-19 18:04:00+00	NEW	VENTILATE	0	1	1	1	0	0	0
2026-03-19 18:06:00+00	OLD	VENTILATE	1	1	1	1	0	0	0
2026-03-19 18:06:00+00	NEW	VENTILATE	0	1	1	1	0	0	0
2026-03-19 18:08:00+00	OLD	VENTILATE	1	1	1	1	0	0	0
2026-03-19 18:08:00+00	NEW	VENTILATE	0	1	1	1	0	0	0
2026-03-19 18:10:00+00	OLD	VENTILATE	1	1	1	1	0	0	0
2026-03-19 18:10:00+00	NEW	VENTILATE	0	1	1	1	0	0	0
2026-03-19 18:14:00+00	OLD	VENTILATE	1	1	1	1	0	0	0
2026-03-19 18:14:00+00	NEW	VENTILATE	0	1	1	1	0	0	0
2026-03-19 18:16:00+00	OLD	VENTILATE	1	1	1	1	0	0	0
2026-03-19 18:16:00+00	NEW	VENTILATE	0	1	1	1	0	0	0
2026-03-19 18:18:00+00	OLD	VENTILATE	1	1	1	1	0	0	0
2026-03-19 18:18:00+00	NEW	VENTILATE	0	1	1	1	0	0	0
2026-03-19 18:20:00+00	OLD	VENTILATE	1	1	1	1	0	0	0
2026-03-19 18:20:00+00	NEW	VENTILATE	0	1	1	1	0	0	0
2026-03-19 18:22:00+00	OLD	VENTILATE	1	1	1	1	0	0	0
2026-03-19 18:22:00+00	NEW	VENTILATE	0	1	1	1	0	0	0
2026-03-19 18:26:00+00	OLD	VENTILATE	1	1	1	1	0	0	0
2026-03-19 18:26:00+00	NEW	VENTILATE	0	1	1	1	0	0	0
2026-03-19 18:28:00+00	OLD	VENTILATE	1	1	1	1	0	0	0
2026-03-19 18:28:00+00	NEW	VENTILATE	0	1	1	1	0	0	0
2026-03-19 18:30:00+00	OLD	VENTILATE	1	1	1	1	0	0	0
2026-03-19 18:30:00+00	NEW	VENTILATE	0	1	1	1	0	0	0
2026-03-19 18:32:00+00	OLD	VENTILATE	1	1	1	1	0	0	0
2026-03-19 18:32:00+00	NEW	VENTILATE	0	1	1	1	0	0	0
2026-03-19 18:34:00+00	OLD	VENTILATE	1	1	1	1	0	0	0
2026-03-19 18:34:00+00	NEW	VENTILATE	0	1	1	1	0	0	0
2026-03-20 00:00:00+00	OLD	VENTILATE	1	1	1	1	0	0	0
2026-03-20 00:00:00+00	NEW	VENTILATE	0	1	1	1	0	0	0
2026-03-20 00:02:00+00	OLD	VENTILATE	1	1	1	1	0	0	0
2026-03-20 00:02:00+00	NEW	VENTILATE	0	1	1	1	0	0	0
2026-03-20 00:04:00+00	OLD	VENTILATE	1	1	1	1	0	0	0
2026-03-20 00:04:00+00	NEW	VENTILATE	0	1	1	1	0	0	0
2026-03-20 00:06:00+00	OLD	VENTILATE	1	1	1	1	0	0	0
2026-03-20 00:06:00+00	NEW	VENTILATE	0	1	1	1	0	0	0
2026-03-20 00:08:00+00	OLD	VENTILATE	1	1	1	1	0	0	0
2026-03-20 00:08:00+00	NEW	VENTILATE	0	1	1	1	0	0	0
2026-03-20 00:10:00+00	OLD	VENTILATE	1	1	1	1	0	0	0
2026-03-20 00:10:00+00	NEW	VENTILATE	0	1	1	1	0	0	0
2026-03-20 00:12:00+00	OLD	VENTILATE	1	1	1	1	0	0	0
2026-03-20 00:12:00+00	NEW	VENTILATE	0	1	1	1	0	0	0
2026-03-20 00:14:00+00	OLD	VENTILATE	1	1	1	1	0	0	0
2026-03-20 00:14:00+00	NEW	VENTILATE	0	1	1	1	0	0	0
2026-03-20 00:16:00+00	OLD	VENTILATE	1	1	1	1	0	0	0
2026-03-20 00:16:00+00	NEW	VENTILATE	0	1	1	1	0	0	0
2026-03-20 00:18:00+00	OLD	VENTILATE	1	1	1	1	0	0	0
2026-03-20 00:18:00+00	NEW	VENTILATE	0	1	1	1	0	0	0
2026-03-20 00:20:00+00	OLD	VENTILATE	1	1	1	1	0	0	0
2026-03-20 00:20:00+00	NEW	VENTILATE	0	1	1	1	0	0	0
2026-03-20 00:22:00+00	OLD	VENTILATE	1	1	1	1	0	0	0
2026-03-20 00:22:00+00	NEW	VENTILATE	0	1	1	1	0	0	0
2026-03-20 00:24:00+00	OLD	VENTILATE	1	1	1	1	0	0	0
2026-03-20 00:24:00+00	NEW	VENTILATE	0	1	1	1	0	0	0
2026-03-20 00:26:00+00	OLD	VENTILATE	1	1	1	1	0	0	0
2026-03-20 00:26:00+00	NEW	VENTILATE	0	1	1	1	0	0	0
2026-03-20 00:28:00+00	OLD	VENTILATE	1	1	1	1	0	0	0
2026-03-20 00:28:00+00	NEW	VENTILATE	0	1	1	1	0	0	0
2026-03-20 00:30:00+00	OLD	VENTILATE	1	1	1	1	0	0	0
2026-03-20 00:30:00+00	NEW	VENTILATE	0	1	1	1	0	0	0
2026-03-20 00:32:00+00	OLD	VENTILATE	1	1	1	1	0	0	0
2026-03-20 00:32:00+00	NEW	VENTILATE	0	1	1	1	0	0	0
2026-03-20 00:34:00+00	OLD	VENTILATE	1	1	1	1	0	0	0
2026-03-20 00:34:00+00	NEW	VENTILATE	0	1	1	1	0	0	0
2026-03-20 00:36:00+00	OLD	VENTILATE	1	1	1	1	0	0	0
2026-03-20 00:36:00+00	NEW	VENTILATE	0	1	1	1	0	0	0
2026-03-20 00:38:00+00	OLD	VENTILATE	1	1	1	1	0	0	0
2026-03-20 00:38:00+00	NEW	VENTILATE	0	1	1	1	0	0	0
2026-03-20 00:40:00+00	OLD	VENTILATE	1	1	1	1	0	0	0
2026-03-20 00:40:00+00	NEW	VENTILATE	0	1	1	1	0	0	0
2026-03-20 00:42:00+00	OLD	VENTILATE	1	1	1	1	0	0	0
2026-03-20 00:42:00+00	NEW	VENTILATE	0	1	1	1	0	0	0
2026-03-20 00:44:00+00	OLD	VENTILATE	1	1	1	1	0	0	0
2026-03-20 00:44:00+00	NEW	VENTILATE	0	1	1	1	0	0	0
2026-03-20 00:46:00+00	OLD	VENTILATE	1	1	1	1	0	0	0
2026-03-20 00:46:00+00	NEW	VENTILATE	0	1	1	1	0	0	0
2026-03-20 00:48:00+00	OLD	VENTILATE	1	1	1	1	0	0	0
2026-03-20 00:48:00+00	NEW	VENTILATE	0	1	1	1	0	0	0
2026-03-20 00:50:00+00	OLD	VENTILATE	1	1	1	1	0	0	0
2026-03-20 00:50:00+00	NEW	VENTILATE	0	1	1	1	0	0	0
2026-03-20 00:52:00+00	OLD	VENTILATE	1	1	1	1	0	0	0
2026-03-20 00:52:00+00	NEW	VENTILATE	0	1	1	1	0	0	0
2026-03-20 00:54:00+00	OLD	VENTILATE	1	1	1	1	0	0	0
2026-03-20 00:54:00+00	NEW	VENTILATE	0	1	1	1	0	0	0
2026-03-20 00:56:00+00	OLD	VENTILATE	1	1	1	1	0	0	0
2026-03-20 00:56:00+00	NEW	VENTILATE	0	1	1	1	0	0	0
2026-03-20 00:58:00+00	OLD	VENTILATE	1	1	1	1	0	0	0
2026-03-20 00:58:00+00	NEW	VENTILATE	0	1	1	1	0	0	0
2026-03-20 01:00:00+00	OLD	VENTILATE	1	1	1	1	0	0	0
2026-03-20 01:00:00+00	NEW	VENTILATE	0	1	1	1	0	0	0
2026-03-20 01:02:00+00	OLD	VENTILATE	1	1	1	1	0	0	0
2026-03-20 01:02:00+00	NEW	VENTILATE	0	1	1	1	0	0	0
2026-03-20 01:04:00+00	OLD	VENTILATE	1	1	1	1	0	0	0
2026-03-20 01:04:00+00	NEW	VENTILATE	0	1	1	1	0	0	0
2026-03-20 01:06:00+00	OLD	VENTILATE	1	1	1	1	0	0	0
2026-03-20 01:06:00+00	NEW	VENTILATE	0	1	1	1	0	0	0
2026-03-20 01:08:00+00	OLD	VENTILATE	1	1	1	0	0	0	0
2026-03-20 01:08:00+00	NEW	VENTILATE	0	1	1	0	0	0	0
2026-03-20 01:10:00+00	OLD	VENTILATE	1	1	1	0	0	0	0
2026-03-20 01:10:00+00	NEW	VENTILATE	0	1	1	0	0	0	0
2026-03-20 01:12:00+00	OLD	VENTILATE	1	1	1	0	0	0	0
2026-03-20 01:12:00+00	NEW	VENTILATE	0	1	1	0	0	0	0
2026-03-20 01:14:00+00	OLD	VENTILATE	1	1	1	0	0	0	0
2026-03-20 01:14:00+00	NEW	VENTILATE	0	1	1	0	0	0	0
2026-03-20 01:16:00+00	OLD	VENTILATE	1	1	1	0	0	0	0
2026-03-20 01:16:00+00	NEW	VENTILATE	0	1	1	0	0	0	0
2026-03-20 01:18:00+00	OLD	VENTILATE	1	1	1	0	0	0	0
2026-03-20 01:18:00+00	NEW	VENTILATE	0	1	1	0	0	0	0
2026-03-20 01:20:00+00	OLD	VENTILATE	1	1	1	0	0	0	0
2026-03-20 01:20:00+00	NEW	VENTILATE	0	1	1	0	0	0	0
2026-03-20 01:22:00+00	OLD	VENTILATE	1	1	1	0	0	0	0
2026-03-20 01:22:00+00	NEW	VENTILATE	0	1	1	0	0	0	0
2026-03-20 01:24:00+00	OLD	VENTILATE	1	1	1	0	0	0	0
2026-03-20 01:24:00+00	NEW	VENTILATE	0	1	1	0	0	0	0
2026-03-20 01:26:00+00	OLD	VENTILATE	1	1	1	0	0	0	0
2026-03-20 01:26:00+00	NEW	VENTILATE	0	1	1	0	0	0	0
2026-03-20 01:28:00+00	OLD	VENTILATE	1	1	1	0	0	0	0
2026-03-20 01:28:00+00	NEW	VENTILATE	0	1	1	0	0	0	0
2026-03-20 01:30:00+00	OLD	VENTILATE	1	1	1	0	0	0	0
2026-03-20 01:30:00+00	NEW	VENTILATE	0	1	1	0	0	0	0
2026-03-20 01:32:00+00	OLD	VENTILATE	1	1	1	0	0	0	0
2026-03-20 01:32:00+00	NEW	VENTILATE	0	1	1	0	0	0	0
2026-03-20 01:34:00+00	OLD	VENTILATE	1	1	1	0	0	0	0
2026-03-20 01:34:00+00	NEW	VENTILATE	0	1	1	0	0	0	0
2026-03-20 01:36:00+00	OLD	VENTILATE	1	1	1	0	0	0	0
2026-03-20 01:36:00+00	NEW	VENTILATE	0	1	1	0	0	0	0
2026-03-20 01:38:00+00	OLD	VENTILATE	1	1	1	0	0	0	0
2026-03-20 01:38:00+00	NEW	VENTILATE	0	1	1	0	0	0	0
2026-03-20 01:40:00+00	OLD	VENTILATE	1	1	1	0	0	0	0
2026-03-20 01:40:00+00	NEW	VENTILATE	0	1	1	0	0	0	0
2026-03-20 18:00:00+00	OLD	VENTILATE	1	1	1	1	0	0	0
2026-03-20 18:00:00+00	NEW	VENTILATE	0	1	1	1	0	0	0
2026-03-20 18:04:00+00	OLD	VENTILATE	1	1	1	1	0	0	0
2026-03-20 18:04:00+00	NEW	VENTILATE	0	1	1	1	0	0	0
2026-03-20 18:06:00+00	OLD	VENTILATE	1	1	1	1	0	0	0
2026-03-20 18:06:00+00	NEW	VENTILATE	0	1	1	1	0	0	0
2026-03-20 18:08:00+00	OLD	VENTILATE	1	1	1	1	0	0	0
2026-03-20 18:08:00+00	NEW	VENTILATE	0	1	1	1	0	0	0
2026-03-20 18:10:00+00	OLD	VENTILATE	1	1	1	1	0	0	0
2026-03-20 18:10:00+00	NEW	VENTILATE	0	1	1	1	0	0	0
2026-03-20 18:14:00+00	OLD	VENTILATE	1	1	1	1	0	0	0
2026-03-20 18:14:00+00	NEW	VENTILATE	0	1	1	1	0	0	0
2026-03-20 18:16:00+00	OLD	VENTILATE	1	1	1	1	0	0	0
2026-03-20 18:16:00+00	NEW	VENTILATE	0	1	1	1	0	0	0
2026-03-20 18:18:00+00	OLD	VENTILATE	1	1	1	1	0	0	0
2026-03-20 18:18:00+00	NEW	VENTILATE	0	1	1	1	0	0	0
2026-03-20 18:20:00+00	OLD	VENTILATE	1	1	1	1	0	0	0
2026-03-20 18:20:00+00	NEW	VENTILATE	0	1	1	1	0	0	0
2026-03-20 18:26:00+00	OLD	VENTILATE	1	1	1	1	0	0	0
2026-03-20 18:26:00+00	NEW	VENTILATE	0	1	1	1	0	0	0
2026-03-20 18:28:00+00	OLD	VENTILATE	1	1	1	1	0	0	0
2026-03-20 18:28:00+00	NEW	VENTILATE	0	1	1	1	0	0	0
2026-03-20 18:30:00+00	OLD	VENTILATE	1	1	1	1	0	0	0
2026-03-20 18:30:00+00	NEW	VENTILATE	0	1	1	1	0	0	0
2026-03-20 18:32:00+00	OLD	VENTILATE	1	1	1	1	0	0	0
2026-03-20 18:32:00+00	NEW	VENTILATE	0	1	1	1	0	0	0
2026-03-20 18:46:00+00	OLD	VENTILATE	1	1	1	1	0	0	0
2026-03-20 18:46:00+00	NEW	VENTILATE	0	1	1	1	0	0	0
2026-03-20 18:48:00+00	OLD	VENTILATE	1	1	1	1	0	0	0
2026-03-20 18:48:00+00	NEW	VENTILATE	0	1	1	1	0	0	0
2026-03-20 18:50:00+00	OLD	VENTILATE	1	1	1	1	0	0	0
2026-03-20 18:50:00+00	NEW	VENTILATE	0	1	1	1	0	0	0
2026-03-20 18:52:00+00	OLD	VENTILATE	1	1	1	1	0	0	0
2026-03-20 18:52:00+00	NEW	VENTILATE	0	1	1	1	0	0	0
2026-03-20 18:54:00+00	OLD	VENTILATE	1	1	1	1	0	0	0
2026-03-20 18:54:00+00	NEW	VENTILATE	0	1	1	1	0	0	0
2026-03-20 18:56:00+00	OLD	VENTILATE	1	1	1	1	0	0	0
2026-03-20 18:56:00+00	NEW	VENTILATE	0	1	1	1	0	0	0
2026-03-20 18:58:00+00	OLD	VENTILATE	1	1	1	1	0	0	0
2026-03-20 18:58:00+00	NEW	VENTILATE	0	1	1	1	0	0	0
2026-03-21 00:00:00+00	OLD	VENTILATE	1	1	1	1	0	0	0
2026-03-21 00:00:00+00	NEW	VENTILATE	0	1	1	1	0	0	0
2026-03-21 00:02:00+00	OLD	VENTILATE	1	1	1	1	0	0	0
2026-03-21 00:02:00+00	NEW	VENTILATE	0	1	1	1	0	0	0
2026-03-21 00:04:00+00	OLD	VENTILATE	1	1	1	1	0	0	0
2026-03-21 00:04:00+00	NEW	VENTILATE	0	1	1	1	0	0	0
2026-03-21 00:06:00+00	OLD	VENTILATE	1	1	1	1	0	0	0
2026-03-21 00:06:00+00	NEW	VENTILATE	0	1	1	1	0	0	0
2026-03-21 00:08:00+00	OLD	VENTILATE	1	1	1	1	0	0	0
2026-03-21 00:08:00+00	NEW	VENTILATE	0	1	1	1	0	0	0
2026-03-21 00:10:00+00	OLD	VENTILATE	1	1	1	1	0	0	0
2026-03-21 00:10:00+00	NEW	VENTILATE	0	1	1	1	0	0	0
2026-03-21 00:12:00+00	OLD	VENTILATE	1	1	1	1	0	0	0
2026-03-21 00:12:00+00	NEW	VENTILATE	0	1	1	1	0	0	0
2026-03-21 00:14:00+00	OLD	VENTILATE	1	1	1	1	0	0	0
2026-03-21 00:14:00+00	NEW	VENTILATE	0	1	1	1	0	0	0
2026-03-21 00:16:00+00	OLD	VENTILATE	1	1	1	1	0	0	0
2026-03-21 00:16:00+00	NEW	VENTILATE	0	1	1	1	0	0	0
2026-03-21 00:18:00+00	OLD	VENTILATE	1	1	1	1	0	0	0
2026-03-21 00:18:00+00	NEW	VENTILATE	0	1	1	1	0	0	0
2026-03-21 00:20:00+00	OLD	VENTILATE	1	1	1	1	0	0	0
2026-03-21 00:20:00+00	NEW	VENTILATE	0	1	1	1	0	0	0
2026-03-21 00:22:00+00	OLD	VENTILATE	1	1	1	1	0	0	0
2026-03-21 00:22:00+00	NEW	VENTILATE	0	1	1	1	0	0	0
2026-03-21 00:24:00+00	OLD	VENTILATE	1	1	1	1	0	0	0
2026-03-21 00:24:00+00	NEW	VENTILATE	0	1	1	1	0	0	0
2026-03-21 00:26:00+00	OLD	VENTILATE	1	1	1	1	0	0	0
2026-03-21 00:26:00+00	NEW	VENTILATE	0	1	1	1	0	0	0
2026-03-21 00:28:00+00	OLD	VENTILATE	1	1	1	1	0	0	0
2026-03-21 00:28:00+00	NEW	VENTILATE	0	1	1	1	0	0	0
2026-03-21 00:30:00+00	OLD	VENTILATE	1	1	1	1	0	0	0
2026-03-21 00:30:00+00	NEW	VENTILATE	0	1	1	1	0	0	0
2026-03-21 00:32:00+00	OLD	VENTILATE	1	1	1	1	0	0	0
2026-03-21 00:32:00+00	NEW	VENTILATE	0	1	1	1	0	0	0
2026-03-21 00:36:00+00	OLD	VENTILATE	1	1	1	1	0	0	0
2026-03-21 00:36:00+00	NEW	VENTILATE	0	1	1	1	0	0	0
2026-03-21 00:38:00+00	OLD	VENTILATE	1	1	1	1	0	0	0
2026-03-21 00:38:00+00	NEW	VENTILATE	0	1	1	1	0	0	0
2026-03-21 00:40:00+00	OLD	VENTILATE	1	1	1	1	0	0	0
2026-03-21 00:40:00+00	NEW	VENTILATE	0	1	1	1	0	0	0
2026-03-21 00:42:00+00	OLD	VENTILATE	1	1	1	1	0	0	0
2026-03-21 00:42:00+00	NEW	VENTILATE	0	1	1	1	0	0	0
2026-03-21 00:44:00+00	OLD	VENTILATE	1	1	1	1	0	0	0
2026-03-21 00:44:00+00	NEW	VENTILATE	0	1	1	1	0	0	0
2026-03-21 00:46:00+00	OLD	VENTILATE	1	1	1	1	0	0	0
2026-03-21 00:46:00+00	NEW	VENTILATE	0	1	1	1	0	0	0
2026-03-21 00:48:00+00	OLD	VENTILATE	1	1	1	1	0	0	0
2026-03-21 00:48:00+00	NEW	VENTILATE	0	1	1	1	0	0	0
2026-03-21 00:50:00+00	OLD	VENTILATE	1	1	1	1	0	0	0
2026-03-21 00:50:00+00	NEW	VENTILATE	0	1	1	1	0	0	0
2026-03-21 00:52:00+00	OLD	VENTILATE	1	1	1	1	0	0	0
2026-03-21 00:52:00+00	NEW	VENTILATE	0	1	1	1	0	0	0
2026-03-21 00:54:00+00	OLD	VENTILATE	1	1	1	1	0	0	0
2026-03-21 00:54:00+00	NEW	VENTILATE	0	1	1	1	0	0	0
2026-03-21 00:56:00+00	OLD	VENTILATE	1	1	1	1	0	0	0
2026-03-21 00:56:00+00	NEW	VENTILATE	0	1	1	1	0	0	0
2026-03-21 00:58:00+00	OLD	VENTILATE	1	1	1	1	0	0	0
2026-03-21 00:58:00+00	NEW	VENTILATE	0	1	1	1	0	0	0
2026-03-21 01:00:00+00	OLD	VENTILATE	1	1	1	1	0	0	0
2026-03-21 01:00:00+00	NEW	VENTILATE	0	1	1	1	0	0	0
2026-03-21 01:02:00+00	OLD	VENTILATE	1	1	1	1	0	0	0
2026-03-21 01:02:00+00	NEW	VENTILATE	0	1	1	1	0	0	0
2026-03-21 01:04:00+00	OLD	VENTILATE	1	1	1	1	0	0	0
2026-03-21 01:04:00+00	NEW	VENTILATE	0	1	1	1	0	0	0
2026-03-21 01:06:00+00	OLD	VENTILATE	1	1	1	1	0	0	0
2026-03-21 01:06:00+00	NEW	VENTILATE	0	1	1	1	0	0	0
2026-03-21 01:08:00+00	OLD	VENTILATE	1	1	1	1	0	0	0
2026-03-21 01:08:00+00	NEW	VENTILATE	0	1	1	1	0	0	0
2026-03-21 01:10:00+00	OLD	VENTILATE	1	1	1	0	0	0	0
2026-03-21 01:10:00+00	NEW	VENTILATE	0	1	1	0	0	0	0
2026-03-21 01:12:00+00	OLD	VENTILATE	1	1	1	0	0	0	0
2026-03-21 01:12:00+00	NEW	VENTILATE	0	1	1	0	0	0	0
2026-03-21 01:14:00+00	OLD	VENTILATE	1	1	1	0	0	0	0
2026-03-21 01:14:00+00	NEW	VENTILATE	0	1	1	0	0	0	0
2026-03-21 01:16:00+00	OLD	VENTILATE	1	1	1	0	0	0	0
2026-03-21 01:16:00+00	NEW	VENTILATE	0	1	1	0	0	0	0
2026-03-21 01:18:00+00	OLD	VENTILATE	1	1	1	0	0	0	0
2026-03-21 01:18:00+00	NEW	VENTILATE	0	1	1	0	0	0	0
2026-03-21 01:20:00+00	OLD	VENTILATE	1	1	1	0	0	0	0
2026-03-21 01:20:00+00	NEW	VENTILATE	0	1	1	0	0	0	0
2026-03-21 01:22:00+00	OLD	VENTILATE	1	1	1	0	0	0	0
2026-03-21 01:22:00+00	NEW	VENTILATE	0	1	1	0	0	0	0
2026-03-21 01:24:00+00	OLD	VENTILATE	1	1	1	0	0	0	0
2026-03-21 01:24:00+00	NEW	VENTILATE	0	1	1	0	0	0	0
2026-03-21 01:26:00+00	OLD	VENTILATE	1	1	1	0	0	0	0
2026-03-21 01:26:00+00	NEW	VENTILATE	0	1	1	0	0	0	0
2026-03-21 01:28:00+00	OLD	VENTILATE	1	1	1	0	0	0	0
2026-03-21 01:28:00+00	NEW	VENTILATE	0	1	1	0	0	0	0
2026-03-21 01:30:00+00	OLD	VENTILATE	1	1	1	0	0	0	0
2026-03-21 01:30:00+00	NEW	VENTILATE	0	1	1	0	0	0	0
2026-03-21 01:32:00+00	OLD	VENTILATE	1	1	1	0	0	0	0
2026-03-21 01:32:00+00	NEW	VENTILATE	0	1	1	0	0	0	0
2026-03-21 01:34:00+00	OLD	VENTILATE	1	1	1	0	0	0	0
2026-03-21 01:34:00+00	NEW	VENTILATE	0	1	1	0	0	0	0
2026-03-21 01:36:00+00	OLD	VENTILATE	1	1	1	0	0	0	0
2026-03-21 01:36:00+00	NEW	VENTILATE	0	1	1	0	0	0	0
2026-03-21 01:38:00+00	OLD	VENTILATE	1	1	1	0	0	0	0
2026-03-21 01:38:00+00	NEW	VENTILATE	0	1	1	0	0	0	0
2026-03-21 01:40:00+00	OLD	VENTILATE	1	1	1	0	0	0	0
2026-03-21 01:40:00+00	NEW	VENTILATE	0	1	1	0	0	0	0
2026-03-21 01:42:00+00	OLD	VENTILATE	1	1	1	0	0	0	0
2026-03-21 01:42:00+00	NEW	VENTILATE	0	1	1	0	0	0	0
2026-03-21 01:44:00+00	OLD	VENTILATE	1	1	1	0	0	0	0
2026-03-21 01:44:00+00	NEW	VENTILATE	0	1	1	0	0	0	0
2026-03-21 01:46:00+00	OLD	VENTILATE	1	1	1	0	0	0	0
2026-03-21 01:46:00+00	NEW	VENTILATE	0	1	1	0	0	0	0
2026-03-21 01:48:00+00	OLD	VENTILATE	1	1	1	0	0	0	0
2026-03-21 01:48:00+00	NEW	VENTILATE	0	1	1	0	0	0	0
2026-03-21 01:50:00+00	OLD	VENTILATE	1	1	1	0	0	0	0
2026-03-21 01:50:00+00	NEW	VENTILATE	0	1	1	0	0	0	0
2026-03-21 01:52:00+00	OLD	SEALED_MIST	0	0	0	0	0	0	0
2026-03-21 01:52:00+00	NEW	IDLE	0	0	0	0	0	0	0
2026-03-22 00:00:00+00	OLD	VENTILATE	1	1	1	1	0	0	0
2026-03-22 00:00:00+00	NEW	VENTILATE	0	1	1	1	0	0	0
2026-03-22 00:02:00+00	OLD	VENTILATE	1	1	1	1	0	0	0
2026-03-22 00:02:00+00	NEW	VENTILATE	0	1	1	1	0	0	0
2026-03-22 00:04:00+00	OLD	VENTILATE	1	1	1	1	0	0	0
2026-03-22 00:04:00+00	NEW	VENTILATE	0	1	1	1	0	0	0
2026-03-22 00:06:00+00	OLD	VENTILATE	1	1	1	1	0	0	0
2026-03-22 00:06:00+00	NEW	VENTILATE	0	1	1	1	0	0	0
2026-03-22 00:08:00+00	OLD	VENTILATE	1	1	1	1	0	0	0
2026-03-22 00:08:00+00	NEW	VENTILATE	0	1	1	1	0	0	0
2026-03-22 00:10:00+00	OLD	VENTILATE	1	1	1	1	0	0	0
2026-03-22 00:10:00+00	NEW	VENTILATE	0	1	1	1	0	0	0
2026-03-22 00:12:00+00	OLD	VENTILATE	1	1	1	1	0	0	0
2026-03-22 00:12:00+00	NEW	VENTILATE	0	1	1	1	0	0	0
2026-03-22 00:14:00+00	OLD	VENTILATE	1	1	1	1	0	0	0
2026-03-22 00:14:00+00	NEW	VENTILATE	0	1	1	1	0	0	0
2026-03-22 00:16:00+00	OLD	VENTILATE	1	1	1	1	0	0	0
2026-03-22 00:16:00+00	NEW	VENTILATE	0	1	1	1	0	0	0
2026-03-22 00:18:00+00	OLD	VENTILATE	1	1	1	1	0	0	0
2026-03-22 00:18:00+00	NEW	VENTILATE	0	1	1	1	0	0	0
2026-03-22 00:20:00+00	OLD	VENTILATE	1	1	1	1	0	0	0
2026-03-22 00:20:00+00	NEW	VENTILATE	0	1	1	1	0	0	0
2026-03-22 00:24:00+00	OLD	VENTILATE	1	1	1	1	0	0	0
2026-03-22 00:24:00+00	NEW	VENTILATE	0	1	1	1	0	0	0
2026-03-22 00:26:00+00	OLD	VENTILATE	1	1	1	1	0	0	0
2026-03-22 00:26:00+00	NEW	VENTILATE	0	1	1	1	0	0	0
2026-03-22 00:28:00+00	OLD	VENTILATE	1	1	1	1	0	0	0
2026-03-22 00:28:00+00	NEW	VENTILATE	0	1	1	1	0	0	0
2026-03-22 00:30:00+00	OLD	VENTILATE	1	1	1	1	0	0	0
2026-03-22 00:30:00+00	NEW	VENTILATE	0	1	1	1	0	0	0
2026-03-22 00:32:00+00	OLD	VENTILATE	1	1	1	1	0	0	0
2026-03-22 00:32:00+00	NEW	VENTILATE	0	1	1	1	0	0	0
2026-03-22 00:34:00+00	OLD	VENTILATE	1	1	1	1	0	0	0
2026-03-22 00:34:00+00	NEW	VENTILATE	0	1	1	1	0	0	0
2026-03-22 00:36:00+00	OLD	VENTILATE	1	1	1	1	0	0	0
2026-03-22 00:36:00+00	NEW	VENTILATE	0	1	1	1	0	0	0
2026-03-22 00:38:00+00	OLD	VENTILATE	1	1	1	1	0	0	0
2026-03-22 00:38:00+00	NEW	VENTILATE	0	1	1	1	0	0	0
2026-03-22 00:40:00+00	OLD	VENTILATE	1	1	1	1	0	0	0
2026-03-22 00:40:00+00	NEW	VENTILATE	0	1	1	1	0	0	0
2026-03-22 00:42:00+00	OLD	VENTILATE	1	1	1	1	0	0	0
2026-03-22 00:42:00+00	NEW	VENTILATE	0	1	1	1	0	0	0
2026-03-22 00:44:00+00	OLD	VENTILATE	1	1	1	1	0	0	0
2026-03-22 00:44:00+00	NEW	VENTILATE	0	1	1	1	0	0	0
2026-03-22 00:46:00+00	OLD	VENTILATE	1	1	1	1	0	0	0
2026-03-22 00:46:00+00	NEW	VENTILATE	0	1	1	1	0	0	0
2026-03-22 00:48:00+00	OLD	VENTILATE	1	1	1	1	0	0	0
2026-03-22 00:48:00+00	NEW	VENTILATE	0	1	1	1	0	0	0
2026-03-22 00:50:00+00	OLD	VENTILATE	1	1	1	1	0	0	0
2026-03-22 00:50:00+00	NEW	VENTILATE	0	1	1	1	0	0	0
2026-03-22 00:52:00+00	OLD	VENTILATE	1	1	1	1	0	0	0
2026-03-22 00:52:00+00	NEW	VENTILATE	0	1	1	1	0	0	0
2026-03-22 00:54:00+00	OLD	VENTILATE	1	1	1	1	0	0	0
2026-03-22 00:54:00+00	NEW	VENTILATE	0	1	1	1	0	0	0
2026-03-22 00:56:00+00	OLD	VENTILATE	1	1	1	1	0	0	0
2026-03-22 00:56:00+00	NEW	VENTILATE	0	1	1	1	0	0	0
2026-03-22 00:58:00+00	OLD	VENTILATE	1	1	1	1	0	0	0
2026-03-22 00:58:00+00	NEW	VENTILATE	0	1	1	1	0	0	0
2026-03-22 01:00:00+00	OLD	VENTILATE	1	1	1	1	0	0	0
2026-03-22 01:00:00+00	NEW	VENTILATE	0	1	1	1	0	0	0
2026-03-22 01:02:00+00	OLD	VENTILATE	1	1	1	1	0	0	0
2026-03-22 01:02:00+00	NEW	VENTILATE	0	1	1	1	0	0	0
2026-03-22 01:04:00+00	OLD	VENTILATE	1	1	1	1	0	0	0
2026-03-22 01:04:00+00	NEW	VENTILATE	0	1	1	1	0	0	0
2026-03-22 01:06:00+00	OLD	VENTILATE	1	1	1	1	0	0	0
2026-03-22 01:06:00+00	NEW	VENTILATE	0	1	1	1	0	0	0
2026-03-22 01:08:00+00	OLD	VENTILATE	1	1	1	1	0	0	0
2026-03-22 01:08:00+00	NEW	VENTILATE	0	1	1	1	0	0	0
2026-03-22 01:10:00+00	OLD	VENTILATE	1	1	1	1	0	0	0
2026-03-22 01:10:00+00	NEW	VENTILATE	0	1	1	1	0	0	0
2026-03-22 01:12:00+00	OLD	VENTILATE	1	1	1	1	0	0	0
2026-03-22 01:12:00+00	NEW	VENTILATE	0	1	1	1	0	0	0
2026-03-22 01:14:00+00	OLD	VENTILATE	1	1	1	1	0	0	0
2026-03-22 01:14:00+00	NEW	VENTILATE	0	1	1	1	0	0	0
2026-03-22 01:16:00+00	OLD	VENTILATE	1	1	1	1	0	0	0
2026-03-22 01:16:00+00	NEW	VENTILATE	0	1	1	1	0	0	0
2026-03-22 01:18:00+00	OLD	VENTILATE	1	1	1	1	0	0	0
2026-03-22 01:18:00+00	NEW	VENTILATE	0	1	1	1	0	0	0
2026-03-22 01:20:00+00	OLD	VENTILATE	1	1	1	1	0	0	0
2026-03-22 01:20:00+00	NEW	VENTILATE	0	1	1	1	0	0	0
2026-03-22 01:22:00+00	OLD	VENTILATE	1	1	1	1	0	0	0
2026-03-22 01:22:00+00	NEW	VENTILATE	0	1	1	1	0	0	0
2026-03-22 01:24:00+00	OLD	VENTILATE	1	1	1	1	0	0	0
2026-03-22 01:24:00+00	NEW	VENTILATE	0	1	1	1	0	0	0
2026-03-22 01:26:00+00	OLD	VENTILATE	1	1	1	1	0	0	0
2026-03-22 01:26:00+00	NEW	VENTILATE	0	1	1	1	0	0	0
2026-03-22 01:28:00+00	OLD	VENTILATE	1	1	1	1	0	0	0
2026-03-22 01:28:00+00	NEW	VENTILATE	0	1	1	1	0	0	0
2026-03-22 01:30:00+00	OLD	VENTILATE	1	1	1	1	0	0	0
2026-03-22 01:30:00+00	NEW	VENTILATE	0	1	1	1	0	0	0
2026-03-22 01:32:00+00	OLD	VENTILATE	1	1	1	0	0	0	0
2026-03-22 01:32:00+00	NEW	VENTILATE	0	1	1	0	0	0	0
2026-03-22 01:34:00+00	OLD	VENTILATE	1	1	1	0	0	0	0
2026-03-22 01:34:00+00	NEW	VENTILATE	0	1	1	0	0	0	0
2026-03-22 01:36:00+00	OLD	VENTILATE	1	1	1	0	0	0	0
2026-03-22 01:36:00+00	NEW	VENTILATE	0	1	1	0	0	0	0
2026-03-22 01:38:00+00	OLD	VENTILATE	1	1	1	0	0	0	0
2026-03-22 01:38:00+00	NEW	VENTILATE	0	1	1	0	0	0	0
2026-03-22 01:40:00+00	OLD	VENTILATE	1	1	1	0	0	0	0
2026-03-22 01:40:00+00	NEW	VENTILATE	0	1	1	0	0	0	0
2026-03-22 18:28:54.444784+00	OLD	VENTILATE	1	1	1	1	0	0	0
2026-03-22 18:28:54.444784+00	NEW	VENTILATE	0	1	1	1	0	0	0
2026-03-22 18:29:07.105515+00	OLD	VENTILATE	1	1	1	1	0	0	0
2026-03-22 18:29:07.105515+00	NEW	VENTILATE	0	1	1	1	0	0	0
2026-03-22 18:29:54.459898+00	OLD	VENTILATE	1	1	1	1	0	0	0
2026-03-22 18:29:54.459898+00	NEW	VENTILATE	0	1	1	1	0	0	0
2026-03-22 18:30:07.127884+00	OLD	VENTILATE	1	1	1	1	0	0	0
2026-03-22 18:30:07.127884+00	NEW	VENTILATE	0	1	1	1	0	0	0
2026-03-22 18:30:54.478586+00	OLD	VENTILATE	1	1	1	1	0	0	0
2026-03-22 18:30:54.478586+00	NEW	VENTILATE	0	1	1	1	0	0	0
2026-03-22 18:31:07.15939+00	OLD	VENTILATE	1	1	1	1	0	0	0
2026-03-22 18:31:07.15939+00	NEW	VENTILATE	0	1	1	1	0	0	0
2026-03-22 18:31:54.510825+00	OLD	VENTILATE	1	1	1	1	0	0	0
2026-03-22 18:31:54.510825+00	NEW	VENTILATE	0	1	1	1	0	0	0
2026-03-22 18:32:07.187611+00	OLD	VENTILATE	1	1	1	1	0	0	0
2026-03-22 18:32:07.187611+00	NEW	VENTILATE	0	1	1	1	0	0	0
2026-03-22 18:32:54.536681+00	OLD	VENTILATE	1	1	1	1	0	0	0
2026-03-22 18:32:54.536681+00	NEW	VENTILATE	0	1	1	1	0	0	0
2026-03-22 18:33:07.221332+00	OLD	VENTILATE	1	1	1	1	0	0	0
2026-03-22 18:33:07.221332+00	NEW	VENTILATE	0	1	1	1	0	0	0
2026-03-22 18:33:54.606703+00	OLD	VENTILATE	1	1	1	1	0	0	0
2026-03-22 18:33:54.606703+00	NEW	VENTILATE	0	1	1	1	0	0	0
2026-03-22 18:34:07.269345+00	OLD	VENTILATE	1	1	1	1	0	0	0
2026-03-22 18:34:07.269345+00	NEW	VENTILATE	0	1	1	1	0	0	0
2026-03-22 18:34:54.636581+00	OLD	VENTILATE	1	1	1	1	0	0	0
2026-03-22 18:34:54.636581+00	NEW	VENTILATE	0	1	1	1	0	0	0
2026-03-22 18:35:07.300952+00	OLD	VENTILATE	1	1	1	1	0	0	0
2026-03-22 18:35:07.300952+00	NEW	VENTILATE	0	1	1	1	0	0	0
2026-03-22 18:35:54.672755+00	OLD	VENTILATE	1	1	1	1	0	0	0
2026-03-22 18:35:54.672755+00	NEW	VENTILATE	0	1	1	1	0	0	0
2026-03-22 18:36:07.45965+00	OLD	VENTILATE	1	1	1	1	0	0	0
2026-03-22 18:36:07.45965+00	NEW	VENTILATE	0	1	1	1	0	0	0
2026-03-22 18:36:54.697242+00	OLD	VENTILATE	1	1	1	1	0	0	0
2026-03-22 18:36:54.697242+00	NEW	VENTILATE	0	1	1	1	0	0	0
2026-03-22 18:37:07.488644+00	OLD	VENTILATE	1	1	1	1	0	0	0
2026-03-22 18:37:07.488644+00	NEW	VENTILATE	0	1	1	1	0	0	0
2026-03-22 18:37:54.729927+00	OLD	VENTILATE	1	1	1	1	0	0	0
2026-03-22 18:37:54.729927+00	NEW	VENTILATE	0	1	1	1	0	0	0
2026-03-22 18:38:07.520302+00	OLD	VENTILATE	1	1	1	1	0	0	0
2026-03-22 18:38:07.520302+00	NEW	VENTILATE	0	1	1	1	0	0	0
2026-03-22 18:38:54.751798+00	OLD	VENTILATE	1	1	1	1	0	0	0
2026-03-22 18:38:54.751798+00	NEW	VENTILATE	0	1	1	1	0	0	0
2026-03-22 18:39:07.551502+00	OLD	VENTILATE	1	1	1	1	0	0	0
2026-03-22 18:39:07.551502+00	NEW	VENTILATE	0	1	1	1	0	0	0
2026-03-22 18:39:54.774007+00	OLD	VENTILATE	1	1	1	1	0	0	0
2026-03-22 18:39:54.774007+00	NEW	VENTILATE	0	1	1	1	0	0	0
2026-03-22 18:40:07.581609+00	OLD	VENTILATE	1	1	1	1	0	0	0
2026-03-22 18:40:07.581609+00	NEW	VENTILATE	0	1	1	1	0	0	0
2026-03-22 18:40:54.792101+00	OLD	VENTILATE	1	1	1	1	0	0	0
2026-03-22 18:40:54.792101+00	NEW	VENTILATE	0	1	1	1	0	0	0
2026-03-22 18:41:07.612639+00	OLD	VENTILATE	1	1	1	1	0	0	0
2026-03-22 18:41:07.612639+00	NEW	VENTILATE	0	1	1	1	0	0	0
2026-03-22 18:41:54.819634+00	OLD	VENTILATE	1	1	1	1	0	0	0
2026-03-22 18:41:54.819634+00	NEW	VENTILATE	0	1	1	1	0	0	0
2026-03-22 18:42:07.641953+00	OLD	VENTILATE	1	1	1	1	0	0	0
2026-03-22 18:42:07.641953+00	NEW	VENTILATE	0	1	1	1	0	0	0
2026-03-22 18:42:54.842564+00	OLD	VENTILATE	1	1	1	1	0	0	0
2026-03-22 18:42:54.842564+00	NEW	VENTILATE	0	1	1	1	0	0	0
2026-03-22 18:43:07.733434+00	OLD	VENTILATE	1	1	1	1	0	0	0
2026-03-22 18:43:07.733434+00	NEW	VENTILATE	0	1	1	1	0	0	0
2026-03-22 18:43:54.86634+00	OLD	VENTILATE	1	1	1	1	0	0	0
2026-03-22 18:43:54.86634+00	NEW	VENTILATE	0	1	1	1	0	0	0
2026-03-22 18:44:07.818416+00	OLD	VENTILATE	1	1	1	1	0	0	0
2026-03-22 18:44:07.818416+00	NEW	VENTILATE	0	1	1	1	0	0	0
2026-03-22 18:44:54.929535+00	OLD	VENTILATE	1	1	1	1	0	0	0
2026-03-22 18:44:54.929535+00	NEW	VENTILATE	0	1	1	1	0	0	0
2026-03-22 18:45:07.851061+00	OLD	VENTILATE	1	1	1	1	0	0	0
2026-03-22 18:45:07.851061+00	NEW	VENTILATE	0	1	1	1	0	0	0
2026-03-22 18:45:55.07973+00	OLD	VENTILATE	1	1	1	1	0	0	0
2026-03-22 18:45:55.07973+00	NEW	VENTILATE	0	1	1	1	0	0	0
2026-03-22 18:46:07.899233+00	OLD	VENTILATE	1	1	1	1	0	0	0
2026-03-22 18:46:07.899233+00	NEW	VENTILATE	0	1	1	1	0	0	0
2026-03-22 18:46:55.099668+00	OLD	VENTILATE	1	1	1	1	0	0	0
2026-03-22 18:46:55.099668+00	NEW	VENTILATE	0	1	1	1	0	0	0
2026-03-22 18:47:07.930993+00	OLD	VENTILATE	1	1	1	1	0	0	0
2026-03-22 18:47:07.930993+00	NEW	VENTILATE	0	1	1	1	0	0	0
2026-03-22 18:48:53.011381+00	OLD	VENTILATE	1	1	1	1	0	0	0
2026-03-22 18:48:53.011381+00	NEW	VENTILATE	0	1	1	1	0	0	0
2026-03-22 18:48:57.076522+00	OLD	VENTILATE	1	1	1	1	0	0	0
2026-03-22 18:48:57.076522+00	NEW	VENTILATE	0	1	1	1	0	0	0
2026-03-22 18:49:18.946507+00	OLD	VENTILATE	1	1	1	1	0	0	0
2026-03-22 18:49:18.946507+00	NEW	VENTILATE	0	1	1	1	0	0	0
2026-03-22 18:49:53.092+00	OLD	VENTILATE	1	1	1	1	0	0	0
2026-03-22 18:49:53.092+00	NEW	VENTILATE	0	1	1	1	0	0	0
2026-03-22 18:50:19.001197+00	OLD	VENTILATE	1	1	1	1	0	0	0
2026-03-22 18:50:19.001197+00	NEW	VENTILATE	0	1	1	1	0	0	0
2026-03-22 18:50:53.113675+00	OLD	VENTILATE	1	1	1	1	0	0	0
2026-03-22 18:50:53.113675+00	NEW	VENTILATE	0	1	1	1	0	0	0
2026-03-22 18:51:19.023921+00	OLD	VENTILATE	1	1	1	1	0	0	0
2026-03-22 18:51:19.023921+00	NEW	VENTILATE	0	1	1	1	0	0	0
2026-03-22 18:51:53.139565+00	OLD	VENTILATE	1	1	1	1	0	0	0
2026-03-22 18:51:53.139565+00	NEW	VENTILATE	0	1	1	1	0	0	0
2026-03-22 18:52:19.051351+00	OLD	VENTILATE	1	1	1	1	0	0	0
2026-03-22 18:52:19.051351+00	NEW	VENTILATE	0	1	1	1	0	0	0
2026-03-22 18:52:53.162572+00	OLD	VENTILATE	1	1	1	1	0	0	0
2026-03-22 18:52:53.162572+00	NEW	VENTILATE	0	1	1	1	0	0	0
2026-03-22 18:53:19.0784+00	OLD	VENTILATE	1	1	1	1	0	0	0
2026-03-22 18:53:19.0784+00	NEW	VENTILATE	0	1	1	1	0	0	0
2026-03-22 18:53:53.195162+00	OLD	VENTILATE	1	1	1	1	0	0	0
2026-03-22 18:53:53.195162+00	NEW	VENTILATE	0	1	1	1	0	0	0
2026-03-22 18:54:19.111963+00	OLD	VENTILATE	1	1	1	1	0	0	0
2026-03-22 18:54:19.111963+00	NEW	VENTILATE	0	1	1	1	0	0	0
2026-03-22 18:54:53.220323+00	OLD	VENTILATE	1	1	1	1	0	0	0
2026-03-22 18:54:53.220323+00	NEW	VENTILATE	0	1	1	1	0	0	0
2026-03-22 18:55:19.138803+00	OLD	VENTILATE	1	1	1	1	0	0	0
2026-03-22 18:55:19.138803+00	NEW	VENTILATE	0	1	1	1	0	0	0
2026-03-22 18:55:53.344821+00	OLD	VENTILATE	1	1	1	1	0	0	0
2026-03-22 18:55:53.344821+00	NEW	VENTILATE	0	1	1	1	0	0	0
2026-03-22 18:56:19.165339+00	OLD	VENTILATE	1	1	1	1	0	0	0
2026-03-22 18:56:19.165339+00	NEW	VENTILATE	0	1	1	1	0	0	0
2026-03-22 18:56:53.367984+00	OLD	VENTILATE	1	1	1	1	0	0	0
2026-03-22 18:56:53.367984+00	NEW	VENTILATE	0	1	1	1	0	0	0
2026-03-22 18:57:19.189408+00	OLD	VENTILATE	1	1	1	1	0	0	0
2026-03-22 18:57:19.189408+00	NEW	VENTILATE	0	1	1	1	0	0	0
2026-03-22 18:57:53.402699+00	OLD	VENTILATE	1	1	1	1	0	0	0
2026-03-22 18:57:53.402699+00	NEW	VENTILATE	0	1	1	1	0	0	0
2026-03-22 18:58:19.213781+00	OLD	VENTILATE	1	1	1	1	0	0	0
2026-03-22 18:58:19.213781+00	NEW	VENTILATE	0	1	1	1	0	0	0
2026-03-22 18:58:53.43298+00	OLD	VENTILATE	1	1	1	1	0	0	0
2026-03-22 18:58:53.43298+00	NEW	VENTILATE	0	1	1	1	0	0	0
2026-03-22 18:59:19.239099+00	OLD	VENTILATE	1	1	1	1	0	0	0
2026-03-22 18:59:19.239099+00	NEW	VENTILATE	0	1	1	1	0	0	0
2026-03-22 18:59:53.474998+00	OLD	VENTILATE	1	1	1	1	0	0	0
2026-03-22 18:59:53.474998+00	NEW	VENTILATE	0	1	1	1	0	0	0
2026-03-23 18:00:46.004649+00	OLD	VENTILATE	1	1	1	0	0	0	0
2026-03-23 18:00:46.004649+00	NEW	VENTILATE	0	1	1	0	0	0	0
2026-03-23 18:01:46.158175+00	OLD	VENTILATE	1	1	1	0	0	0	0
2026-03-23 18:01:46.158175+00	NEW	VENTILATE	0	1	1	0	0	0	0
2026-03-23 18:02:46.317787+00	OLD	SEALED_MIST	0	0	0	0	0	0	0
2026-03-23 18:02:46.317787+00	NEW	IDLE	0	0	0	0	0	0	0
2026-03-23 18:24:50.133731+00	OLD	VENTILATE	1	1	1	0	0	0	0
2026-03-23 18:24:50.133731+00	NEW	VENTILATE	0	1	1	0	0	0	0
2026-03-23 18:25:50.853307+00	OLD	VENTILATE	1	1	1	0	0	0	0
2026-03-23 18:25:50.853307+00	NEW	VENTILATE	0	1	1	0	0	0	0
2026-03-23 18:26:50.989513+00	OLD	VENTILATE	1	1	1	0	0	0	0
2026-03-23 18:26:50.989513+00	NEW	VENTILATE	0	1	1	0	0	0	0
2026-03-23 18:27:51.149322+00	OLD	VENTILATE	1	1	1	0	0	0	0
2026-03-23 18:27:51.149322+00	NEW	VENTILATE	0	1	1	0	0	0	0
2026-03-23 18:28:51.270247+00	OLD	VENTILATE	1	1	1	0	0	0	0
2026-03-23 18:28:51.270247+00	NEW	VENTILATE	0	1	1	0	0	0	0
2026-03-23 18:29:51.374591+00	OLD	VENTILATE	1	1	1	0	0	0	0
2026-03-23 18:29:51.374591+00	NEW	VENTILATE	0	1	1	0	0	0	0
2026-03-23 18:30:51.485286+00	OLD	VENTILATE	1	1	1	1	0	0	0
2026-03-23 18:30:51.485286+00	NEW	VENTILATE	0	1	1	1	0	0	0
2026-03-23 18:31:51.615097+00	OLD	VENTILATE	1	1	1	1	0	0	0
2026-03-23 18:31:51.615097+00	NEW	VENTILATE	0	1	1	1	0	0	0
2026-03-23 18:32:51.724991+00	OLD	VENTILATE	1	1	1	1	0	0	0
2026-03-23 18:32:51.724991+00	NEW	VENTILATE	0	1	1	1	0	0	0
2026-03-23 18:33:51.835198+00	OLD	VENTILATE	1	1	1	1	0	0	0
2026-03-23 18:33:51.835198+00	NEW	VENTILATE	0	1	1	1	0	0	0
2026-03-23 18:34:51.942712+00	OLD	VENTILATE	1	1	1	0	0	0	0
2026-03-23 18:34:51.942712+00	NEW	VENTILATE	0	1	1	0	0	0	0
2026-03-23 18:35:52.085037+00	OLD	VENTILATE	1	1	1	0	0	0	0
2026-03-23 18:35:52.085037+00	NEW	VENTILATE	0	1	1	0	0	0	0
2026-03-23 18:36:52.261245+00	OLD	VENTILATE	1	1	1	0	0	0	0
2026-03-23 18:36:52.261245+00	NEW	VENTILATE	0	1	1	0	0	0	0
2026-03-23 18:37:52.490337+00	OLD	VENTILATE	1	1	1	0	0	0	0
2026-03-23 18:37:52.490337+00	NEW	VENTILATE	0	1	1	0	0	0	0
2026-03-23 18:38:52.591688+00	OLD	VENTILATE	1	1	1	0	0	0	0
2026-03-23 18:38:52.591688+00	NEW	VENTILATE	0	1	1	0	0	0	0
2026-03-23 18:39:52.707231+00	OLD	VENTILATE	1	1	1	0	0	0	0
2026-03-23 18:39:52.707231+00	NEW	VENTILATE	0	1	1	0	0	0	0
2026-03-23 18:40:52.86025+00	OLD	VENTILATE	1	1	1	0	0	0	0
2026-03-23 18:40:52.86025+00	NEW	VENTILATE	0	1	1	0	0	0	0
2026-03-23 18:41:52.988601+00	OLD	VENTILATE	1	1	1	0	0	0	0
2026-03-23 18:41:52.988601+00	NEW	VENTILATE	0	1	1	0	0	0	0
2026-03-23 18:42:53.108629+00	OLD	VENTILATE	1	1	1	0	0	0	0
2026-03-23 18:42:53.108629+00	NEW	VENTILATE	0	1	1	0	0	0	0
2026-03-23 18:43:53.424699+00	OLD	VENTILATE	1	1	1	0	0	0	0
2026-03-23 18:43:53.424699+00	NEW	VENTILATE	0	1	1	0	0	0	0
2026-03-23 18:44:53.783936+00	OLD	VENTILATE	1	1	1	0	0	0	0
2026-03-23 18:44:53.783936+00	NEW	VENTILATE	0	1	1	0	0	0	0
2026-03-23 18:45:53.936759+00	OLD	VENTILATE	1	1	1	0	0	0	0
2026-03-23 18:45:53.936759+00	NEW	VENTILATE	0	1	1	0	0	0	0
2026-03-23 18:46:54.426893+00	OLD	VENTILATE	1	1	1	0	0	0	0
2026-03-23 18:46:54.426893+00	NEW	VENTILATE	0	1	1	0	0	0	0
2026-03-23 18:47:54.589666+00	OLD	VENTILATE	1	1	1	0	0	0	0
2026-03-23 18:47:54.589666+00	NEW	VENTILATE	0	1	1	0	0	0	0
2026-03-23 18:48:54.720399+00	OLD	VENTILATE	1	1	1	0	0	0	0
2026-03-23 18:48:54.720399+00	NEW	VENTILATE	0	1	1	0	0	0	0
2026-03-23 18:49:54.857812+00	OLD	VENTILATE	1	1	1	0	0	0	0
2026-03-23 18:49:54.857812+00	NEW	VENTILATE	0	1	1	0	0	0	0
2026-03-23 18:50:54.978496+00	OLD	VENTILATE	1	1	1	0	0	0	0
2026-03-23 18:50:54.978496+00	NEW	VENTILATE	0	1	1	0	0	0	0
2026-03-23 18:51:55.183147+00	OLD	VENTILATE	1	1	1	0	0	0	0
2026-03-23 18:51:55.183147+00	NEW	VENTILATE	0	1	1	0	0	0	0
2026-03-23 18:52:55.432671+00	OLD	VENTILATE	1	1	1	0	0	0	0
2026-03-23 18:52:55.432671+00	NEW	VENTILATE	0	1	1	0	0	0	0
2026-03-23 18:53:55.604745+00	OLD	VENTILATE	1	1	1	0	0	0	0
2026-03-23 18:53:55.604745+00	NEW	VENTILATE	0	1	1	0	0	0	0
2026-03-23 18:54:55.738683+00	OLD	VENTILATE	1	1	1	0	0	0	0
2026-03-23 18:54:55.738683+00	NEW	VENTILATE	0	1	1	0	0	0	0
2026-03-23 18:55:55.968209+00	OLD	VENTILATE	1	1	1	0	0	0	0
2026-03-23 18:55:55.968209+00	NEW	VENTILATE	0	1	1	0	0	0	0
2026-03-23 18:56:56.236476+00	OLD	VENTILATE	1	1	1	0	0	0	0
2026-03-23 18:56:56.236476+00	NEW	VENTILATE	0	1	1	0	0	0	0
2026-03-23 18:57:56.349349+00	OLD	VENTILATE	1	1	1	0	0	0	0
2026-03-23 18:57:56.349349+00	NEW	VENTILATE	0	1	1	0	0	0	0
2026-03-23 18:58:56.493988+00	OLD	VENTILATE	1	1	1	0	0	0	0
2026-03-23 18:58:56.493988+00	NEW	VENTILATE	0	1	1	0	0	0	0
2026-03-23 18:59:56.747127+00	OLD	VENTILATE	1	1	1	0	0	0	0
2026-03-23 18:59:56.747127+00	NEW	VENTILATE	0	1	1	0	0	0	0
2026-03-24 18:02:57.814187+00	OLD	VENTILATE	1	1	1	1	0	0	0
2026-03-24 18:02:57.814187+00	NEW	VENTILATE	0	1	1	1	0	0	0
2026-03-24 18:03:57.908045+00	OLD	VENTILATE	1	1	1	1	0	0	0
2026-03-24 18:03:57.908045+00	NEW	VENTILATE	0	1	1	1	0	0	0
2026-03-24 18:04:58.020413+00	OLD	VENTILATE	1	1	1	1	0	0	0
2026-03-24 18:04:58.020413+00	NEW	VENTILATE	0	1	1	1	0	0	0
2026-03-24 18:16:30.934228+00	OLD	VENTILATE	1	1	1	1	0	0	0
2026-03-24 18:16:30.934228+00	NEW	VENTILATE	0	1	1	1	0	0	0
2026-03-24 18:17:31.10558+00	OLD	VENTILATE	1	1	1	1	0	0	0
2026-03-24 18:17:31.10558+00	NEW	VENTILATE	0	1	1	1	0	0	0
2026-03-24 18:18:31.25872+00	OLD	VENTILATE	1	1	1	1	0	0	0
2026-03-24 18:18:31.25872+00	NEW	VENTILATE	0	1	1	1	0	0	0
2026-03-24 18:23:31.970708+00	OLD	VENTILATE	1	1	1	1	0	0	0
2026-03-24 18:23:31.970708+00	NEW	VENTILATE	0	1	1	1	0	0	0
2026-03-24 18:24:32.091928+00	OLD	VENTILATE	1	1	1	1	0	0	0
2026-03-24 18:24:32.091928+00	NEW	VENTILATE	0	1	1	1	0	0	0
2026-03-24 18:25:32.23732+00	OLD	VENTILATE	1	1	1	1	0	0	0
2026-03-24 18:25:32.23732+00	NEW	VENTILATE	0	1	1	1	0	0	0
2026-03-24 18:30:32.751189+00	OLD	VENTILATE	1	1	1	1	0	0	0
2026-03-24 18:30:32.751189+00	NEW	VENTILATE	0	1	1	1	0	0	0
2026-03-24 18:31:32.85965+00	OLD	VENTILATE	1	1	1	1	0	0	0
2026-03-24 18:31:32.85965+00	NEW	VENTILATE	0	1	1	1	0	0	0
2026-03-24 18:32:33.060754+00	OLD	VENTILATE	1	1	1	1	0	0	0
2026-03-24 18:32:33.060754+00	NEW	VENTILATE	0	1	1	1	0	0	0
2026-03-24 18:38:33.792868+00	OLD	VENTILATE	1	1	1	1	0	0	0
2026-03-24 18:38:33.792868+00	NEW	VENTILATE	0	1	1	1	0	0	0
2026-03-24 18:39:33.90953+00	OLD	VENTILATE	1	1	1	1	0	0	0
2026-03-24 18:39:33.90953+00	NEW	VENTILATE	0	1	1	1	0	0	0
2026-03-24 18:42:34.316953+00	OLD	VENTILATE	1	1	1	1	0	0	0
2026-03-24 18:42:34.316953+00	NEW	VENTILATE	0	1	1	1	0	0	0
2026-03-24 18:43:34.435205+00	OLD	VENTILATE	1	1	1	1	0	0	0
2026-03-24 18:43:34.435205+00	NEW	VENTILATE	0	1	1	1	0	0	0
2026-03-24 18:44:34.558894+00	OLD	VENTILATE	1	1	1	1	0	0	0
2026-03-24 18:44:34.558894+00	NEW	VENTILATE	0	1	1	1	0	0	0
2026-03-24 18:45:34.6871+00	OLD	VENTILATE	1	1	1	1	0	0	0
2026-03-24 18:45:34.6871+00	NEW	VENTILATE	0	1	1	1	0	0	0
2026-03-24 18:47:34.976424+00	OLD	VENTILATE	1	1	1	1	0	0	0
2026-03-24 18:47:34.976424+00	NEW	VENTILATE	0	1	1	1	0	0	0
2026-03-24 18:48:35.099576+00	OLD	VENTILATE	1	1	1	1	0	0	0
2026-03-24 18:48:35.099576+00	NEW	VENTILATE	0	1	1	1	0	0	0
2026-03-24 18:49:35.225921+00	OLD	VENTILATE	1	1	1	1	0	0	0
2026-03-24 18:49:35.225921+00	NEW	VENTILATE	0	1	1	1	0	0	0
2026-03-24 18:51:35.494102+00	OLD	VENTILATE	1	1	1	1	0	0	0
2026-03-24 18:51:35.494102+00	NEW	VENTILATE	0	1	1	1	0	0	0
2026-03-24 18:52:35.627581+00	OLD	VENTILATE	1	1	1	1	0	0	0
2026-03-24 18:52:35.627581+00	NEW	VENTILATE	0	1	1	1	0	0	0
2026-03-24 18:53:35.751981+00	OLD	VENTILATE	1	1	1	1	0	0	0
2026-03-24 18:53:35.751981+00	NEW	VENTILATE	0	1	1	1	0	0	0
2026-03-24 18:55:36.282348+00	OLD	VENTILATE	1	1	1	1	0	0	0
2026-03-24 18:55:36.282348+00	NEW	VENTILATE	0	1	1	1	0	0	0
2026-03-24 18:56:36.427963+00	OLD	VENTILATE	1	1	1	1	0	0	0
2026-03-24 18:56:36.427963+00	NEW	VENTILATE	0	1	1	1	0	0	0
2026-03-24 18:57:36.576873+00	OLD	VENTILATE	1	1	1	1	0	0	0
2026-03-24 18:57:36.576873+00	NEW	VENTILATE	0	1	1	1	0	0	0
2026-03-25 18:00:20.286347+00	OLD	VENTILATE	1	1	1	1	0	0	0
2026-03-25 18:00:20.286347+00	NEW	VENTILATE	0	1	1	1	0	0	0
2026-03-25 18:01:20.436153+00	OLD	VENTILATE	1	1	1	1	0	0	0
2026-03-25 18:01:20.436153+00	NEW	VENTILATE	0	1	1	1	0	0	0
2026-03-25 18:02:20.59188+00	OLD	VENTILATE	1	1	1	1	0	0	0
2026-03-25 18:02:20.59188+00	NEW	VENTILATE	0	1	1	1	0	0	0
2026-03-25 18:03:20.760645+00	OLD	VENTILATE	1	1	1	1	0	0	0
2026-03-25 18:03:20.760645+00	NEW	VENTILATE	0	1	1	1	0	0	0
2026-03-25 18:04:20.90272+00	OLD	VENTILATE	1	1	1	1	0	0	0
2026-03-25 18:04:20.90272+00	NEW	VENTILATE	0	1	1	1	0	0	0
2026-03-25 18:05:21.061777+00	OLD	VENTILATE	1	1	1	1	0	0	0
2026-03-25 18:05:21.061777+00	NEW	VENTILATE	0	1	1	1	0	0	0
2026-03-25 18:08:21.441494+00	OLD	VENTILATE	1	1	1	1	0	0	0
2026-03-25 18:08:21.441494+00	NEW	VENTILATE	0	1	1	1	0	0	0
2026-03-25 18:09:21.556134+00	OLD	VENTILATE	1	1	1	1	0	0	0
2026-03-25 18:09:21.556134+00	NEW	VENTILATE	0	1	1	1	0	0	0
2026-03-25 18:10:21.699649+00	OLD	VENTILATE	1	1	1	1	0	0	0
2026-03-25 18:10:21.699649+00	NEW	VENTILATE	0	1	1	1	0	0	0
2026-03-25 18:12:21.967871+00	OLD	VENTILATE	1	1	1	1	0	0	0
2026-03-25 18:12:21.967871+00	NEW	VENTILATE	0	1	1	1	0	0	0
2026-03-25 18:13:22.116722+00	OLD	VENTILATE	1	1	1	1	0	0	0
2026-03-25 18:13:22.116722+00	NEW	VENTILATE	0	1	1	1	0	0	0
2026-03-25 18:14:22.277196+00	OLD	VENTILATE	1	1	1	1	0	0	0
2026-03-25 18:14:22.277196+00	NEW	VENTILATE	0	1	1	1	0	0	0
2026-03-25 18:17:22.893502+00	OLD	VENTILATE	1	1	1	1	0	0	0
2026-03-25 18:17:22.893502+00	NEW	VENTILATE	0	1	1	1	0	0	0
2026-03-25 18:18:23.043363+00	OLD	VENTILATE	1	1	1	1	0	0	0
2026-03-25 18:18:23.043363+00	NEW	VENTILATE	0	1	1	1	0	0	0
2026-03-25 18:21:23.464374+00	OLD	VENTILATE	1	1	1	1	0	0	0
2026-03-25 18:21:23.464374+00	NEW	VENTILATE	0	1	1	1	0	0	0
2026-03-25 18:22:23.587282+00	OLD	VENTILATE	1	1	1	1	0	0	0
2026-03-25 18:22:23.587282+00	NEW	VENTILATE	0	1	1	1	0	0	0
2026-03-25 18:23:23.713052+00	OLD	VENTILATE	1	1	1	1	0	0	0
2026-03-25 18:23:23.713052+00	NEW	VENTILATE	0	1	1	1	0	0	0
2026-03-25 18:24:23.909374+00	OLD	VENTILATE	1	1	1	1	0	0	0
2026-03-25 18:24:23.909374+00	NEW	VENTILATE	0	1	1	1	0	0	0
2026-03-25 18:25:24.062448+00	OLD	VENTILATE	1	1	1	1	0	0	0
2026-03-25 18:25:24.062448+00	NEW	VENTILATE	0	1	1	1	0	0	0
2026-03-25 18:26:24.179878+00	OLD	VENTILATE	1	1	1	1	0	0	0
2026-03-25 18:26:24.179878+00	NEW	VENTILATE	0	1	1	1	0	0	0
2026-03-25 18:27:24.33351+00	OLD	VENTILATE	1	1	1	1	0	0	0
2026-03-25 18:27:24.33351+00	NEW	VENTILATE	0	1	1	1	0	0	0
2026-03-25 18:28:24.471039+00	OLD	VENTILATE	1	1	1	1	0	0	0
2026-03-25 18:28:24.471039+00	NEW	VENTILATE	0	1	1	1	0	0	0
2026-03-25 18:29:24.640569+00	OLD	VENTILATE	1	1	1	1	0	0	0
2026-03-25 18:29:24.640569+00	NEW	VENTILATE	0	1	1	1	0	0	0
2026-03-25 18:30:24.7737+00	OLD	VENTILATE	1	1	1	1	0	0	0
2026-03-25 18:30:24.7737+00	NEW	VENTILATE	0	1	1	1	0	0	0
2026-03-25 18:31:24.917758+00	OLD	VENTILATE	1	1	1	1	0	0	0
2026-03-25 18:31:24.917758+00	NEW	VENTILATE	0	1	1	1	0	0	0
2026-03-25 18:32:25.048485+00	OLD	VENTILATE	1	1	1	1	0	0	0
2026-03-25 18:32:25.048485+00	NEW	VENTILATE	0	1	1	1	0	0	0
2026-03-25 18:33:25.169306+00	OLD	VENTILATE	1	1	1	1	0	0	0
2026-03-25 18:33:25.169306+00	NEW	VENTILATE	0	1	1	1	0	0	0
2026-03-25 18:34:25.301592+00	OLD	VENTILATE	1	1	1	1	0	0	0
2026-03-25 18:34:25.301592+00	NEW	VENTILATE	0	1	1	1	0	0	0
2026-03-25 18:35:25.413539+00	OLD	VENTILATE	1	1	1	1	0	0	0
2026-03-25 18:35:25.413539+00	NEW	VENTILATE	0	1	1	1	0	0	0
2026-03-25 18:36:25.54767+00	OLD	VENTILATE	1	1	1	1	0	0	0
2026-03-25 18:36:25.54767+00	NEW	VENTILATE	0	1	1	1	0	0	0
2026-03-25 18:37:25.646041+00	OLD	VENTILATE	1	1	1	1	0	0	0
2026-03-25 18:37:25.646041+00	NEW	VENTILATE	0	1	1	1	0	0	0
2026-03-25 18:38:25.776602+00	OLD	VENTILATE	1	1	1	1	0	0	0
2026-03-25 18:38:25.776602+00	NEW	VENTILATE	0	1	1	1	0	0	0
2026-03-25 18:39:25.902741+00	OLD	VENTILATE	1	1	1	1	0	0	0
2026-03-25 18:39:25.902741+00	NEW	VENTILATE	0	1	1	1	0	0	0
2026-03-25 18:41:26.17288+00	OLD	VENTILATE	1	1	1	1	0	0	0
2026-03-25 18:41:26.17288+00	NEW	VENTILATE	0	1	1	1	0	0	0
2026-03-25 18:42:26.331156+00	OLD	VENTILATE	1	1	1	1	0	0	0
2026-03-25 18:42:26.331156+00	NEW	VENTILATE	0	1	1	1	0	0	0
2026-03-25 18:43:26.451398+00	OLD	VENTILATE	1	1	1	1	0	0	0
2026-03-25 18:43:26.451398+00	NEW	VENTILATE	0	1	1	1	0	0	0
2026-03-25 18:45:26.680668+00	OLD	VENTILATE	1	1	1	1	0	0	0
2026-03-25 18:45:26.680668+00	NEW	VENTILATE	0	1	1	1	0	0	0
2026-03-25 18:46:26.800828+00	OLD	VENTILATE	1	1	1	1	0	0	0
2026-03-25 18:46:26.800828+00	NEW	VENTILATE	0	1	1	1	0	0	0
2026-03-25 18:47:26.93756+00	OLD	VENTILATE	1	1	1	1	0	0	0
2026-03-25 18:47:26.93756+00	NEW	VENTILATE	0	1	1	1	0	0	0
2026-03-25 18:48:27.05703+00	OLD	VENTILATE	1	1	1	1	0	0	0
2026-03-25 18:48:27.05703+00	NEW	VENTILATE	0	1	1	1	0	0	0
2026-03-25 18:49:27.166268+00	OLD	VENTILATE	1	1	1	1	0	0	0
2026-03-25 18:49:27.166268+00	NEW	VENTILATE	0	1	1	1	0	0	0
2026-03-25 18:50:27.272367+00	OLD	VENTILATE	1	1	1	1	0	0	0
2026-03-25 18:50:27.272367+00	NEW	VENTILATE	0	1	1	1	0	0	0
2026-03-25 18:51:27.368225+00	OLD	VENTILATE	1	1	1	1	0	0	0
2026-03-25 18:51:27.368225+00	NEW	VENTILATE	0	1	1	1	0	0	0
2026-03-25 18:52:27.542109+00	OLD	VENTILATE	1	1	1	1	0	0	0
2026-03-25 18:52:27.542109+00	NEW	VENTILATE	0	1	1	1	0	0	0
2026-03-25 18:53:27.640443+00	OLD	VENTILATE	1	1	1	1	0	0	0
2026-03-25 18:53:27.640443+00	NEW	VENTILATE	0	1	1	1	0	0	0
2026-03-25 18:54:27.765831+00	OLD	VENTILATE	1	1	1	1	0	0	0
2026-03-25 18:54:27.765831+00	NEW	VENTILATE	0	1	1	1	0	0	0
2026-03-25 18:55:27.866093+00	OLD	VENTILATE	1	1	1	1	0	0	0
2026-03-25 18:55:27.866093+00	NEW	VENTILATE	0	1	1	1	0	0	0
2026-03-25 18:56:28.005422+00	OLD	VENTILATE	1	1	1	1	0	0	0
2026-03-25 18:56:28.005422+00	NEW	VENTILATE	0	1	1	1	0	0	0
2026-03-25 18:57:28.141677+00	OLD	VENTILATE	1	1	1	1	0	0	0
2026-03-25 18:57:28.141677+00	NEW	VENTILATE	0	1	1	1	0	0	0
2026-03-25 18:58:28.26865+00	OLD	VENTILATE	1	1	1	1	0	0	0
2026-03-25 18:58:28.26865+00	NEW	VENTILATE	0	1	1	1	0	0	0
2026-03-25 18:59:28.421251+00	OLD	VENTILATE	1	1	1	1	0	0	0
2026-03-25 18:59:28.421251+00	NEW	VENTILATE	0	1	1	1	0	0	0
2026-03-25 19:04:29.027995+00	OLD	SAFETY_COOL	0	1	1	1	0	0	0
2026-03-25 19:04:29.027995+00	NEW	SAFETY_COOL	1	1	1	1	0	0	0
2026-03-25 19:05:29.143134+00	OLD	SAFETY_COOL	0	1	1	1	0	0	0
2026-03-25 19:05:29.143134+00	NEW	SAFETY_COOL	1	1	1	1	0	0	0
2026-03-25 19:06:29.298315+00	OLD	SAFETY_COOL	0	1	1	1	0	0	0
2026-03-25 19:06:29.298315+00	NEW	SAFETY_COOL	1	1	1	1	0	0	0
2026-03-25 19:07:29.409479+00	OLD	SAFETY_COOL	0	1	1	1	0	0	0
2026-03-25 19:07:29.409479+00	NEW	SAFETY_COOL	1	1	1	1	0	0	0
2026-03-25 19:08:29.564147+00	OLD	SAFETY_COOL	0	1	1	1	0	0	0
2026-03-25 19:08:29.564147+00	NEW	SAFETY_COOL	1	1	1	1	0	0	0
2026-03-25 19:09:29.696081+00	OLD	SAFETY_COOL	0	1	1	1	0	0	0
2026-03-25 19:09:29.696081+00	NEW	SAFETY_COOL	1	1	1	1	0	0	0
2026-03-26 00:00:10.1817+00	OLD	VENTILATE	1	1	1	0	0	0	0
2026-03-26 00:00:10.1817+00	NEW	VENTILATE	0	1	1	0	0	0	0
2026-03-26 00:01:10.363126+00	OLD	VENTILATE	1	1	1	0	0	0	0
2026-03-26 00:01:10.363126+00	NEW	VENTILATE	0	1	1	0	0	0	0
2026-03-26 00:02:10.510979+00	OLD	VENTILATE	1	1	1	0	0	0	0
2026-03-26 00:02:10.510979+00	NEW	VENTILATE	0	1	1	0	0	0	0
2026-03-26 00:03:10.639915+00	OLD	VENTILATE	1	1	1	0	0	0	0
2026-03-26 00:03:10.639915+00	NEW	VENTILATE	0	1	1	0	0	0	0
2026-03-26 00:04:10.747873+00	OLD	VENTILATE	1	1	1	0	0	0	0
2026-03-26 00:04:10.747873+00	NEW	VENTILATE	0	1	1	0	0	0	0
2026-03-26 00:05:10.873627+00	OLD	VENTILATE	1	1	1	0	0	0	0
2026-03-26 00:05:10.873627+00	NEW	VENTILATE	0	1	1	0	0	0	0
2026-03-26 00:08:11.286371+00	OLD	VENTILATE	1	1	1	0	0	0	0
2026-03-26 00:08:11.286371+00	NEW	VENTILATE	0	1	1	0	0	0	0
2026-03-26 00:09:11.392509+00	OLD	VENTILATE	1	1	1	0	0	0	0
2026-03-26 00:09:11.392509+00	NEW	VENTILATE	0	1	1	0	0	0	0
2026-03-26 00:11:11.65841+00	OLD	VENTILATE	1	1	1	0	0	0	0
2026-03-26 00:11:11.65841+00	NEW	VENTILATE	0	1	1	0	0	0	0
2026-03-26 00:12:11.795795+00	OLD	VENTILATE	1	1	1	0	0	0	0
2026-03-26 00:12:11.795795+00	NEW	VENTILATE	0	1	1	0	0	0	0
2026-03-26 00:14:12.207637+00	OLD	VENTILATE	1	1	1	0	0	0	0
2026-03-26 00:14:12.207637+00	NEW	VENTILATE	0	1	1	0	0	0	0
2026-03-26 00:15:12.33279+00	OLD	VENTILATE	1	1	1	0	0	0	0
2026-03-26 00:15:12.33279+00	NEW	VENTILATE	0	1	1	0	0	0	0
2026-03-26 00:16:12.440796+00	OLD	VENTILATE	1	1	1	0	0	0	0
2026-03-26 00:16:12.440796+00	NEW	VENTILATE	0	1	1	0	0	0	0
2026-03-26 00:17:12.551156+00	OLD	VENTILATE	1	1	1	0	0	0	0
2026-03-26 00:17:12.551156+00	NEW	VENTILATE	0	1	1	0	0	0	0
2026-03-26 00:18:12.669521+00	OLD	VENTILATE	1	1	1	0	0	0	0
2026-03-26 00:18:12.669521+00	NEW	VENTILATE	0	1	1	0	0	0	0
2026-03-26 00:19:12.818832+00	OLD	VENTILATE	1	1	1	0	0	0	0
2026-03-26 00:19:12.818832+00	NEW	VENTILATE	0	1	1	0	0	0	0
2026-03-26 00:20:12.933114+00	OLD	VENTILATE	1	1	1	0	0	0	0
2026-03-26 00:20:12.933114+00	NEW	VENTILATE	0	1	1	0	0	0	0
2026-03-26 00:21:13.044778+00	OLD	VENTILATE	1	1	1	0	0	0	0
2026-03-26 00:21:13.044778+00	NEW	VENTILATE	0	1	1	0	0	0	0
2026-03-26 00:22:13.16701+00	OLD	VENTILATE	1	1	1	0	0	0	0
2026-03-26 00:22:13.16701+00	NEW	VENTILATE	0	1	1	0	0	0	0
2026-03-26 00:23:13.278155+00	OLD	VENTILATE	1	1	1	0	0	0	0
2026-03-26 00:23:13.278155+00	NEW	VENTILATE	0	1	1	0	0	0	0
2026-03-26 00:24:13.414364+00	OLD	VENTILATE	1	1	1	0	0	0	0
2026-03-26 00:24:13.414364+00	NEW	VENTILATE	0	1	1	0	0	0	0
2026-03-26 00:25:13.53124+00	OLD	VENTILATE	1	1	1	0	0	0	0
2026-03-26 00:25:13.53124+00	NEW	VENTILATE	0	1	1	0	0	0	0
2026-03-26 00:26:13.651307+00	OLD	VENTILATE	1	1	1	0	0	0	0
2026-03-26 00:26:13.651307+00	NEW	VENTILATE	0	1	1	0	0	0	0
2026-03-26 00:27:13.764728+00	OLD	VENTILATE	1	1	1	0	0	0	0
2026-03-26 00:27:13.764728+00	NEW	VENTILATE	0	1	1	0	0	0	0
2026-03-26 00:28:13.87817+00	OLD	VENTILATE	1	1	1	0	0	0	0
2026-03-26 00:28:13.87817+00	NEW	VENTILATE	0	1	1	0	0	0	0
2026-03-26 00:29:13.986825+00	OLD	VENTILATE	1	1	1	0	0	0	0
2026-03-26 00:29:13.986825+00	NEW	VENTILATE	0	1	1	0	0	0	0
2026-03-26 00:30:14.096713+00	OLD	VENTILATE	1	1	1	0	0	0	0
2026-03-26 00:30:14.096713+00	NEW	VENTILATE	0	1	1	0	0	0	0
2026-03-26 00:31:14.206174+00	OLD	VENTILATE	1	1	1	0	0	0	0
2026-03-26 00:31:14.206174+00	NEW	VENTILATE	0	1	1	0	0	0	0
2026-03-26 00:32:14.331606+00	OLD	VENTILATE	1	1	1	0	0	0	0
2026-03-26 00:32:14.331606+00	NEW	VENTILATE	0	1	1	0	0	0	0
2026-03-26 00:33:14.457723+00	OLD	VENTILATE	1	1	1	0	0	0	0
2026-03-26 00:33:14.457723+00	NEW	VENTILATE	0	1	1	0	0	0	0
2026-03-26 00:34:14.598676+00	OLD	VENTILATE	1	1	1	0	0	0	0
2026-03-26 00:34:14.598676+00	NEW	VENTILATE	0	1	1	0	0	0	0
2026-03-26 00:35:14.722848+00	OLD	VENTILATE	1	1	1	0	0	0	0
2026-03-26 00:35:14.722848+00	NEW	VENTILATE	0	1	1	0	0	0	0
2026-03-26 00:36:14.853803+00	OLD	VENTILATE	1	1	1	0	0	0	0
2026-03-26 00:36:14.853803+00	NEW	VENTILATE	0	1	1	0	0	0	0
2026-03-26 00:37:14.982081+00	OLD	VENTILATE	1	1	1	0	0	0	0
2026-03-26 00:37:14.982081+00	NEW	VENTILATE	0	1	1	0	0	0	0
2026-03-26 00:38:15.106868+00	OLD	VENTILATE	1	1	1	0	0	0	0
2026-03-26 00:38:15.106868+00	NEW	VENTILATE	0	1	1	0	0	0	0
2026-03-26 00:39:15.219792+00	OLD	VENTILATE	1	1	1	0	0	0	0
2026-03-26 00:39:15.219792+00	NEW	VENTILATE	0	1	1	0	0	0	0
2026-03-26 00:40:15.347384+00	OLD	VENTILATE	1	1	1	0	0	0	0
2026-03-26 00:40:15.347384+00	NEW	VENTILATE	0	1	1	0	0	0	0
2026-03-26 00:41:15.497151+00	OLD	VENTILATE	1	1	1	0	0	0	0
2026-03-26 00:41:15.497151+00	NEW	VENTILATE	0	1	1	0	0	0	0
2026-03-26 00:42:15.643574+00	OLD	VENTILATE	1	1	1	0	0	0	0
2026-03-26 00:42:15.643574+00	NEW	VENTILATE	0	1	1	0	0	0	0
2026-03-26 00:43:15.798503+00	OLD	VENTILATE	1	1	1	0	0	0	0
2026-03-26 00:43:15.798503+00	NEW	VENTILATE	0	1	1	0	0	0	0
2026-03-26 00:44:15.906672+00	OLD	VENTILATE	1	1	1	0	0	0	0
2026-03-26 00:44:15.906672+00	NEW	VENTILATE	0	1	1	0	0	0	0
2026-03-26 00:45:16.030114+00	OLD	VENTILATE	1	1	1	0	0	0	0
2026-03-26 00:45:16.030114+00	NEW	VENTILATE	0	1	1	0	0	0	0
2026-03-26 00:46:16.147897+00	OLD	VENTILATE	1	1	1	0	0	0	0
2026-03-26 00:46:16.147897+00	NEW	VENTILATE	0	1	1	0	0	0	0
2026-03-26 00:47:16.264652+00	OLD	VENTILATE	1	1	1	0	0	0	0
2026-03-26 00:47:16.264652+00	NEW	VENTILATE	0	1	1	0	0	0	0
2026-03-26 00:48:16.962319+00	OLD	VENTILATE	1	1	1	0	0	0	0
2026-03-26 00:48:16.962319+00	NEW	VENTILATE	0	1	1	0	0	0	0
2026-03-26 00:49:17.076779+00	OLD	VENTILATE	1	1	1	0	0	0	0
2026-03-26 00:49:17.076779+00	NEW	VENTILATE	0	1	1	0	0	0	0
2026-03-26 00:50:17.219493+00	OLD	VENTILATE	1	1	1	0	0	0	0
2026-03-26 00:50:17.219493+00	NEW	VENTILATE	0	1	1	0	0	0	0
2026-03-26 00:51:17.333263+00	OLD	VENTILATE	1	1	1	0	0	0	0
2026-03-26 00:51:17.333263+00	NEW	VENTILATE	0	1	1	0	0	0	0
2026-03-26 00:52:17.465427+00	OLD	VENTILATE	1	1	1	0	0	0	0
2026-03-26 00:52:17.465427+00	NEW	VENTILATE	0	1	1	0	0	0	0
2026-03-26 00:53:17.576926+00	OLD	VENTILATE	1	1	1	0	0	0	0
2026-03-26 00:53:17.576926+00	NEW	VENTILATE	0	1	1	0	0	0	0
2026-03-26 00:54:17.698228+00	OLD	SEALED_MIST	0	0	0	0	0	0	0
2026-03-26 00:54:17.698228+00	NEW	IDLE	0	0	0	0	0	0	0
2026-03-26 00:55:18.063581+00	OLD	SEALED_MIST	0	0	0	0	0	0	1
2026-03-26 00:55:18.063581+00	NEW	IDLE	0	0	0	0	0	0	0
2026-03-26 00:56:18.203054+00	OLD	SEALED_MIST	0	0	0	0	0	0	1
2026-03-26 00:56:18.203054+00	NEW	IDLE	0	0	0	0	0	0	0
2026-03-26 00:57:18.352122+00	OLD	SEALED_MIST	0	0	0	0	0	0	1
2026-03-26 00:57:18.352122+00	NEW	IDLE	0	0	0	0	0	0	0
2026-03-26 00:58:18.485714+00	OLD	SEALED_MIST	0	0	0	0	0	0	1
2026-03-26 00:58:18.485714+00	NEW	IDLE	0	0	0	0	0	0	0
2026-03-26 00:59:18.633986+00	OLD	SEALED_MIST	0	0	0	0	0	0	1
2026-03-26 00:59:18.633986+00	NEW	IDLE	0	0	0	0	0	0	0
2026-03-26 01:00:18.804391+00	OLD	SEALED_MIST	0	0	0	0	0	0	2
2026-03-26 01:00:18.804391+00	NEW	IDLE	0	0	0	0	0	0	0
2026-03-26 01:01:18.941519+00	OLD	SEALED_MIST	0	0	0	0	0	0	2
2026-03-26 01:01:18.941519+00	NEW	IDLE	0	0	0	0	0	0	0
2026-03-26 01:02:19.107056+00	OLD	SEALED_MIST	0	0	0	0	0	0	2
2026-03-26 01:02:19.107056+00	NEW	IDLE	0	0	0	0	0	0	0
2026-03-26 18:00:21.93192+00	OLD	VENTILATE	1	1	1	0	0	0	0
2026-03-26 18:00:21.93192+00	NEW	VENTILATE	0	1	1	0	0	0	0
2026-03-26 18:01:22.070031+00	OLD	VENTILATE	1	1	1	0	0	0	0
2026-03-26 18:01:22.070031+00	NEW	VENTILATE	0	1	1	0	0	0	0
2026-03-26 18:02:22.182127+00	OLD	VENTILATE	1	1	1	0	0	0	0
2026-03-26 18:02:22.182127+00	NEW	VENTILATE	0	1	1	0	0	0	0
2026-03-26 18:03:22.310967+00	OLD	VENTILATE	1	1	1	0	0	0	0
2026-03-26 18:03:22.310967+00	NEW	VENTILATE	0	1	1	0	0	0	0
2026-03-26 18:04:22.413495+00	OLD	VENTILATE	1	1	1	0	0	0	0
2026-03-26 18:04:22.413495+00	NEW	VENTILATE	0	1	1	0	0	0	0
2026-03-26 18:05:22.540714+00	OLD	VENTILATE	1	1	1	0	0	0	0
2026-03-26 18:05:22.540714+00	NEW	VENTILATE	0	1	1	0	0	0	0
2026-03-26 18:06:22.675366+00	OLD	VENTILATE	1	1	1	0	0	0	0
2026-03-26 18:06:22.675366+00	NEW	VENTILATE	0	1	1	0	0	0	0
2026-03-26 18:07:22.798081+00	OLD	VENTILATE	1	1	1	0	0	0	0
2026-03-26 18:07:22.798081+00	NEW	VENTILATE	0	1	1	0	0	0	0
2026-03-26 18:08:22.911067+00	OLD	VENTILATE	1	1	1	0	0	0	0
2026-03-26 18:08:22.911067+00	NEW	VENTILATE	0	1	1	0	0	0	0
2026-03-26 18:09:23.041388+00	OLD	VENTILATE	1	1	1	0	0	0	0
2026-03-26 18:09:23.041388+00	NEW	VENTILATE	0	1	1	0	0	0	0
2026-03-26 18:10:23.159193+00	OLD	VENTILATE	1	1	1	0	0	0	0
2026-03-26 18:10:23.159193+00	NEW	VENTILATE	0	1	1	0	0	0	0
2026-03-26 18:11:23.296312+00	OLD	VENTILATE	1	1	1	0	0	0	0
2026-03-26 18:11:23.296312+00	NEW	VENTILATE	0	1	1	0	0	0	0
2026-03-26 18:12:23.462307+00	OLD	VENTILATE	1	1	1	0	0	0	0
2026-03-26 18:12:23.462307+00	NEW	VENTILATE	0	1	1	0	0	0	0
2026-03-26 18:13:23.624198+00	OLD	VENTILATE	1	1	1	0	0	0	0
2026-03-26 18:13:23.624198+00	NEW	VENTILATE	0	1	1	0	0	0	0
2026-03-26 18:14:23.756265+00	OLD	VENTILATE	1	1	1	1	0	0	0
2026-03-26 18:14:23.756265+00	NEW	VENTILATE	0	1	1	1	0	0	0
2026-03-26 18:15:23.872078+00	OLD	VENTILATE	1	1	1	1	0	0	0
2026-03-26 18:15:23.872078+00	NEW	VENTILATE	0	1	1	1	0	0	0
2026-03-26 18:16:23.975657+00	OLD	VENTILATE	1	1	1	0	0	0	0
2026-03-26 18:16:23.975657+00	NEW	VENTILATE	0	1	1	0	0	0	0
2026-03-26 18:17:24.105697+00	OLD	VENTILATE	1	1	1	0	0	0	0
2026-03-26 18:17:24.105697+00	NEW	VENTILATE	0	1	1	0	0	0	0
2026-03-26 18:18:24.245008+00	OLD	VENTILATE	1	1	1	0	0	0	0
2026-03-26 18:18:24.245008+00	NEW	VENTILATE	0	1	1	0	0	0	0
2026-03-26 18:19:24.355857+00	OLD	VENTILATE	1	1	1	0	0	0	0
2026-03-26 18:19:24.355857+00	NEW	VENTILATE	0	1	1	0	0	0	0
2026-03-26 18:20:24.477981+00	OLD	VENTILATE	1	1	1	1	0	0	0
2026-03-26 18:20:24.477981+00	NEW	VENTILATE	0	1	1	1	0	0	0
2026-03-26 18:21:24.607511+00	OLD	VENTILATE	1	1	1	1	0	0	0
2026-03-26 18:21:24.607511+00	NEW	VENTILATE	0	1	1	1	0	0	0
2026-03-26 18:22:24.727633+00	OLD	VENTILATE	1	1	1	1	0	0	0
2026-03-26 18:22:24.727633+00	NEW	VENTILATE	0	1	1	1	0	0	0
2026-03-26 18:23:24.834422+00	OLD	VENTILATE	1	1	1	0	0	0	0
2026-03-26 18:23:24.834422+00	NEW	VENTILATE	0	1	1	0	0	0	0
2026-03-26 18:24:24.956296+00	OLD	VENTILATE	1	1	1	0	0	0	0
2026-03-26 18:24:24.956296+00	NEW	VENTILATE	0	1	1	0	0	0	0
2026-03-26 18:25:25.131223+00	OLD	VENTILATE	1	1	1	0	0	0	0
2026-03-26 18:25:25.131223+00	NEW	VENTILATE	0	1	1	0	0	0	0
2026-03-26 18:26:25.247868+00	OLD	VENTILATE	1	1	1	1	0	0	0
2026-03-26 18:26:25.247868+00	NEW	VENTILATE	0	1	1	1	0	0	0
2026-03-26 18:27:25.411498+00	OLD	VENTILATE	1	1	1	1	0	0	0
2026-03-26 18:27:25.411498+00	NEW	VENTILATE	0	1	1	1	0	0	0
2026-03-26 18:28:25.586732+00	OLD	VENTILATE	1	1	1	1	0	0	0
2026-03-26 18:28:25.586732+00	NEW	VENTILATE	0	1	1	1	0	0	0
2026-03-26 18:29:25.738532+00	OLD	VENTILATE	1	1	1	1	0	0	0
2026-03-26 18:29:25.738532+00	NEW	VENTILATE	0	1	1	1	0	0	0
2026-03-26 18:30:25.890122+00	OLD	VENTILATE	1	1	1	1	0	0	0
2026-03-26 18:30:25.890122+00	NEW	VENTILATE	0	1	1	1	0	0	0
2026-03-26 18:31:26.000526+00	OLD	VENTILATE	1	1	1	1	0	0	0
2026-03-26 18:31:26.000526+00	NEW	VENTILATE	0	1	1	1	0	0	0
2026-03-26 18:32:26.11715+00	OLD	VENTILATE	1	1	1	1	0	0	0
2026-03-26 18:32:26.11715+00	NEW	VENTILATE	0	1	1	1	0	0	0
2026-03-26 18:33:26.232677+00	OLD	VENTILATE	1	1	1	1	0	0	0
2026-03-26 18:33:26.232677+00	NEW	VENTILATE	0	1	1	1	0	0	0
2026-03-26 18:34:26.349117+00	OLD	VENTILATE	1	1	1	1	0	0	0
2026-03-26 18:34:26.349117+00	NEW	VENTILATE	0	1	1	1	0	0	0
2026-03-26 18:35:26.485956+00	OLD	VENTILATE	1	1	1	1	0	0	0
2026-03-26 18:35:26.485956+00	NEW	VENTILATE	0	1	1	1	0	0	0
2026-03-26 18:36:26.585778+00	OLD	VENTILATE	1	1	1	1	0	0	0
2026-03-26 18:36:26.585778+00	NEW	VENTILATE	0	1	1	1	0	0	0
2026-03-26 18:37:26.714033+00	OLD	VENTILATE	1	1	1	1	0	0	0
2026-03-26 18:37:26.714033+00	NEW	VENTILATE	0	1	1	1	0	0	0
2026-03-26 18:38:26.827901+00	OLD	VENTILATE	1	1	1	1	0	0	0
2026-03-26 18:38:26.827901+00	NEW	VENTILATE	0	1	1	1	0	0	0
2026-03-26 18:39:26.954465+00	OLD	VENTILATE	1	1	1	1	0	0	0
2026-03-26 18:39:26.954465+00	NEW	VENTILATE	0	1	1	1	0	0	0
2026-03-26 18:40:27.10205+00	OLD	VENTILATE	1	1	1	1	0	0	0
2026-03-26 18:40:27.10205+00	NEW	VENTILATE	0	1	1	1	0	0	0
2026-03-26 18:41:27.254005+00	OLD	VENTILATE	1	1	1	1	0	0	0
2026-03-26 18:41:27.254005+00	NEW	VENTILATE	0	1	1	1	0	0	0
2026-03-26 18:42:27.365287+00	OLD	VENTILATE	1	1	1	1	0	0	0
2026-03-26 18:42:27.365287+00	NEW	VENTILATE	0	1	1	1	0	0	0
2026-03-26 18:43:27.490762+00	OLD	VENTILATE	1	1	1	1	0	0	0
2026-03-26 18:43:27.490762+00	NEW	VENTILATE	0	1	1	1	0	0	0
2026-03-26 18:44:27.597065+00	OLD	VENTILATE	1	1	1	1	0	0	0
2026-03-26 18:44:27.597065+00	NEW	VENTILATE	0	1	1	1	0	0	0
2026-03-26 18:45:27.718816+00	OLD	VENTILATE	1	1	1	1	0	0	0
2026-03-26 18:45:27.718816+00	NEW	VENTILATE	0	1	1	1	0	0	0
2026-03-26 18:46:27.805128+00	OLD	VENTILATE	1	1	1	1	0	0	0
2026-03-26 18:46:27.805128+00	NEW	VENTILATE	0	1	1	1	0	0	0
2026-03-26 18:47:27.977812+00	OLD	VENTILATE	1	1	1	1	0	0	0
2026-03-26 18:47:27.977812+00	NEW	VENTILATE	0	1	1	1	0	0	0
2026-03-26 18:48:28.10388+00	OLD	VENTILATE	1	1	1	1	0	0	0
2026-03-26 18:48:28.10388+00	NEW	VENTILATE	0	1	1	1	0	0	0
2026-03-26 18:49:28.203719+00	OLD	VENTILATE	1	1	1	1	0	0	0
2026-03-26 18:49:28.203719+00	NEW	VENTILATE	0	1	1	1	0	0	0
2026-03-26 18:50:28.332557+00	OLD	VENTILATE	1	1	1	1	0	0	0
2026-03-26 18:50:28.332557+00	NEW	VENTILATE	0	1	1	1	0	0	0
2026-03-26 18:51:28.454466+00	OLD	VENTILATE	1	1	1	1	0	0	0
2026-03-26 18:51:28.454466+00	NEW	VENTILATE	0	1	1	1	0	0	0
2026-03-26 18:52:28.560557+00	OLD	VENTILATE	1	1	1	1	0	0	0
2026-03-26 18:52:28.560557+00	NEW	VENTILATE	0	1	1	1	0	0	0
2026-03-26 18:53:28.674115+00	OLD	VENTILATE	1	1	1	1	0	0	0
2026-03-26 18:53:28.674115+00	NEW	VENTILATE	0	1	1	1	0	0	0
2026-03-26 18:54:28.770405+00	OLD	VENTILATE	1	1	1	1	0	0	0
2026-03-26 18:54:28.770405+00	NEW	VENTILATE	0	1	1	1	0	0	0
2026-03-26 18:55:28.887937+00	OLD	VENTILATE	1	1	1	1	0	0	0
2026-03-26 18:55:28.887937+00	NEW	VENTILATE	0	1	1	1	0	0	0
2026-03-26 18:56:29.031497+00	OLD	VENTILATE	1	1	1	1	0	0	0
2026-03-26 18:56:29.031497+00	NEW	VENTILATE	0	1	1	1	0	0	0
2026-03-26 18:57:29.158167+00	OLD	VENTILATE	1	1	1	1	0	0	0
2026-03-26 18:57:29.158167+00	NEW	VENTILATE	0	1	1	1	0	0	0
2026-03-26 18:58:29.276433+00	OLD	VENTILATE	1	1	1	1	0	0	0
2026-03-26 18:58:29.276433+00	NEW	VENTILATE	0	1	1	1	0	0	0
2026-03-26 18:59:29.398114+00	OLD	VENTILATE	1	1	1	1	0	0	0
2026-03-26 18:59:29.398114+00	NEW	VENTILATE	0	1	1	1	0	0	0
2026-03-28 18:06:40.971962+00	OLD	SEALED_MIST	0	0	0	0	0	0	0
2026-03-28 18:06:40.971962+00	NEW	IDLE	0	0	0	0	0	0	0
2026-03-28 18:07:41.17628+00	OLD	SEALED_MIST	1	0	0	0	0	0	3
2026-03-28 18:07:41.17628+00	NEW	IDLE	0	0	0	0	0	0	0
2026-03-28 18:08:41.298964+00	OLD	SEALED_MIST	1	0	0	0	0	0	3
2026-03-28 18:08:41.298964+00	NEW	IDLE	0	0	0	0	0	0	0
2026-03-28 18:09:41.511093+00	OLD	SEALED_MIST	1	0	0	0	0	0	3
2026-03-28 18:09:41.511093+00	NEW	IDLE	0	0	0	0	0	0	0
2026-03-28 18:10:41.643967+00	OLD	SEALED_MIST	1	0	0	0	0	0	3
2026-03-28 18:10:41.643967+00	NEW	IDLE	0	0	0	0	0	0	0
2026-03-28 18:11:41.866181+00	OLD	SEALED_MIST	0	0	0	0	0	0	2
2026-03-28 18:11:41.866181+00	NEW	IDLE	0	0	0	0	0	0	0
2026-03-28 18:12:42.051933+00	OLD	SEALED_MIST	1	0	0	0	0	0	3
2026-03-28 18:12:42.051933+00	NEW	IDLE	0	0	0	0	0	0	0
2026-03-28 18:13:42.360975+00	OLD	SEALED_MIST	0	0	0	0	0	0	2
2026-03-28 18:13:42.360975+00	NEW	IDLE	0	0	0	0	0	0	0
2026-03-28 18:14:42.480877+00	OLD	SEALED_MIST	1	0	0	0	0	0	3
2026-03-28 18:14:42.480877+00	NEW	IDLE	0	0	0	0	0	0	0
2026-03-28 18:25:44.210355+00	OLD	SEALED_MIST	1	0	0	0	0	0	3
2026-03-28 18:25:44.210355+00	NEW	IDLE	0	0	0	0	0	0	0
2026-03-28 18:26:44.412394+00	OLD	SEALED_MIST	1	0	0	0	0	0	3
2026-03-28 18:26:44.412394+00	NEW	IDLE	0	0	0	0	0	0	0
2026-03-28 18:27:44.572354+00	OLD	SEALED_MIST	1	0	0	0	0	0	3
2026-03-28 18:27:44.572354+00	NEW	IDLE	0	0	0	0	0	0	0
2026-03-28 18:28:44.695572+00	OLD	SEALED_MIST	1	0	0	0	0	0	3
2026-03-28 18:28:44.695572+00	NEW	IDLE	0	0	0	0	0	0	0
2026-03-28 18:29:44.861596+00	OLD	VENTILATE	1	1	1	0	0	0	0
2026-03-28 18:29:44.861596+00	NEW	VENTILATE	0	1	1	0	0	0	0
2026-03-28 18:30:45.122223+00	OLD	VENTILATE	1	1	1	0	0	0	0
2026-03-28 18:30:45.122223+00	NEW	VENTILATE	0	1	1	0	0	0	0
2026-03-28 18:31:45.26562+00	OLD	VENTILATE	1	1	1	0	0	0	0
2026-03-28 18:31:45.26562+00	NEW	VENTILATE	0	1	1	0	0	0	0
2026-03-28 18:37:46.106352+00	OLD	SEALED_MIST	0	0	0	0	0	0	0
2026-03-28 18:37:46.106352+00	NEW	IDLE	0	0	0	0	0	0	0
2026-03-28 18:38:46.411071+00	OLD	SEALED_MIST	0	0	0	0	0	0	1
2026-03-28 18:38:46.411071+00	NEW	IDLE	0	0	0	0	0	0	0
2026-03-28 18:39:46.545891+00	OLD	SEALED_MIST	0	0	0	0	0	0	1
2026-03-28 18:39:46.545891+00	NEW	IDLE	0	0	0	0	0	0	0
2026-03-28 18:40:46.693725+00	OLD	SEALED_MIST	0	0	0	0	0	0	1
2026-03-28 18:40:46.693725+00	NEW	IDLE	0	0	0	0	0	0	0
2026-03-28 18:41:46.821614+00	OLD	SEALED_MIST	0	0	0	0	0	0	1
2026-03-28 18:41:46.821614+00	NEW	IDLE	0	0	0	0	0	0	0
2026-03-28 18:42:46.942339+00	OLD	VENTILATE	1	1	1	0	0	0	0
2026-03-28 18:42:46.942339+00	NEW	VENTILATE	0	1	1	0	0	0	0
2026-03-28 18:43:47.083915+00	OLD	VENTILATE	1	1	1	0	0	0	0
2026-03-28 18:43:47.083915+00	NEW	VENTILATE	0	1	1	0	0	0	0
2026-03-28 18:44:47.215131+00	OLD	VENTILATE	1	1	1	0	0	0	0
2026-03-28 18:44:47.215131+00	NEW	VENTILATE	0	1	1	0	0	0	0
2026-03-28 18:45:47.349502+00	OLD	VENTILATE	1	1	1	0	0	0	0
2026-03-28 18:45:47.349502+00	NEW	VENTILATE	0	1	1	0	0	0	0
2026-03-28 18:46:47.499297+00	OLD	VENTILATE	1	1	1	0	0	0	0
2026-03-28 18:46:47.499297+00	NEW	VENTILATE	0	1	1	0	0	0	0
2026-03-28 18:47:47.623825+00	OLD	VENTILATE	1	1	1	0	0	0	0
2026-03-28 18:47:47.623825+00	NEW	VENTILATE	0	1	1	0	0	0	0
2026-03-28 18:49:47.887023+00	OLD	SEALED_MIST	0	0	0	0	0	0	0
2026-03-28 18:49:47.887023+00	NEW	IDLE	0	0	0	0	0	0	0
2026-03-28 18:54:48.499096+00	OLD	SEALED_MIST	0	0	0	0	0	0	0
2026-03-28 18:54:48.499096+00	NEW	IDLE	0	0	0	0	0	0	0
2026-03-28 18:55:48.637731+00	OLD	SEALED_MIST	0	0	0	0	0	0	1
2026-03-28 18:55:48.637731+00	NEW	IDLE	0	0	0	0	0	0	0
2026-03-28 18:56:48.820999+00	OLD	SEALED_MIST	0	0	0	0	0	0	1
2026-03-28 18:56:48.820999+00	NEW	IDLE	0	0	0	0	0	0	0
2026-03-28 18:57:48.959909+00	OLD	SEALED_MIST	0	0	0	0	0	0	1
2026-03-28 18:57:48.959909+00	NEW	IDLE	0	0	0	0	0	0	0
2026-03-28 18:59:49.243697+00	OLD	VENTILATE	1	1	1	0	0	0	0
2026-03-28 18:59:49.243697+00	NEW	VENTILATE	0	1	1	0	0	0	0
2026-03-28 19:05:50.488985+00	OLD	SEALED_MIST	0	0	0	0	0	0	0
2026-03-28 19:05:50.488985+00	NEW	IDLE	0	0	0	0	0	0	0
2026-03-28 19:06:50.607489+00	OLD	SEALED_MIST	0	0	0	0	0	0	1
2026-03-28 19:06:50.607489+00	NEW	IDLE	0	0	0	0	0	0	0
2026-03-28 19:07:50.740127+00	OLD	SEALED_MIST	0	0	0	0	0	0	1
2026-03-28 19:07:50.740127+00	NEW	IDLE	0	0	0	0	0	0	0
2026-03-28 19:08:50.863959+00	OLD	SEALED_MIST	0	0	0	0	0	0	1
2026-03-28 19:08:50.863959+00	NEW	IDLE	0	0	0	0	0	0	0
2026-03-28 19:09:50.987854+00	OLD	SEALED_MIST	0	0	0	0	0	0	1
2026-03-28 19:09:50.987854+00	NEW	IDLE	0	0	0	0	0	0	0
2026-03-28 19:10:51.121511+00	OLD	SEALED_MIST	0	0	0	0	0	0	1
2026-03-28 19:10:51.121511+00	NEW	IDLE	0	0	0	0	0	0	0
2026-03-28 19:11:51.283302+00	OLD	SEALED_MIST	0	0	0	0	0	0	2
2026-03-28 19:11:51.283302+00	NEW	IDLE	0	0	0	0	0	0	0
2026-03-28 19:13:51.537343+00	OLD	SEALED_MIST	0	0	0	0	0	0	0
2026-03-28 19:13:51.537343+00	NEW	IDLE	0	0	0	0	0	0	0
2026-03-28 19:14:51.660831+00	OLD	SEALED_MIST	0	0	0	0	0	0	1
2026-03-28 19:14:51.660831+00	NEW	IDLE	0	0	0	0	0	0	0
2026-03-28 19:15:51.82119+00	OLD	SEALED_MIST	0	0	0	0	0	0	1
2026-03-28 19:15:51.82119+00	NEW	IDLE	0	0	0	0	0	0	0
2026-03-28 19:16:51.964891+00	OLD	SEALED_MIST	0	0	0	0	0	0	1
2026-03-28 19:16:51.964891+00	NEW	IDLE	0	0	0	0	0	0	0
2026-03-28 19:17:52.146638+00	OLD	SEALED_MIST	0	0	0	0	0	0	1
2026-03-28 19:17:52.146638+00	NEW	IDLE	0	0	0	0	0	0	0
2026-03-28 19:18:52.298798+00	OLD	SEALED_MIST	0	0	0	0	0	0	1
2026-03-28 19:18:52.298798+00	NEW	IDLE	0	0	0	0	0	0	0
2026-03-28 19:19:52.431422+00	OLD	SEALED_MIST	0	0	0	0	0	0	2
2026-03-28 19:19:52.431422+00	NEW	IDLE	0	0	0	0	0	0	0
2026-03-28 19:20:52.548764+00	OLD	SEALED_MIST	0	0	0	0	0	0	2
2026-03-28 19:20:52.548764+00	NEW	IDLE	0	0	0	0	0	0	0
2026-03-28 20:35:20.447277+00	OLD	SEALED_MIST	0	0	0	0	0	0	0
2026-03-28 20:35:20.447277+00	NEW	IDLE	0	0	0	0	0	0	0
2026-03-28 21:40:12.135459+00	OLD	SEALED_MIST	0	0	0	0	0	0	0
2026-03-28 21:40:12.135459+00	NEW	IDLE	0	0	0	0	0	0	0
2026-03-28 21:41:12.295911+00	OLD	SEALED_MIST	0	0	0	0	0	0	1
2026-03-28 21:41:12.295911+00	NEW	IDLE	0	0	0	0	0	0	0
2026-03-29 00:00:33.689741+00	OLD	SEALED_MIST	0	0	0	0	0	0	0
2026-03-29 00:00:33.689741+00	NEW	IDLE	0	0	0	0	0	0	0
2026-03-29 00:01:33.969545+00	OLD	SEALED_MIST	0	0	0	0	0	0	1
2026-03-29 00:01:33.969545+00	NEW	IDLE	0	0	0	0	0	0	0
2026-03-29 00:02:34.108998+00	OLD	SEALED_MIST	0	0	0	0	0	0	1
2026-03-29 00:02:34.108998+00	NEW	IDLE	0	0	0	0	0	0	0
2026-03-29 00:03:34.250057+00	OLD	SEALED_MIST	0	0	0	0	0	0	1
2026-03-29 00:03:34.250057+00	NEW	IDLE	0	0	0	0	0	0	0
2026-03-29 00:04:34.375058+00	OLD	SEALED_MIST	0	0	0	0	0	0	1
2026-03-29 00:04:34.375058+00	NEW	IDLE	0	0	0	0	0	0	0
2026-03-29 00:05:34.517738+00	OLD	SEALED_MIST	0	0	0	0	0	0	1
2026-03-29 00:05:34.517738+00	NEW	IDLE	0	0	0	0	0	0	0
2026-03-29 00:06:34.65082+00	OLD	SEALED_MIST	0	0	0	0	0	0	2
2026-03-29 00:06:34.65082+00	NEW	IDLE	0	0	0	0	0	0	0
2026-03-29 00:07:34.862046+00	OLD	SEALED_MIST	0	0	0	0	0	0	2
2026-03-29 00:07:34.862046+00	NEW	IDLE	0	0	0	0	0	0	0
2026-03-29 00:08:35.004871+00	OLD	SEALED_MIST	0	0	0	0	0	0	2
2026-03-29 00:08:35.004871+00	NEW	IDLE	0	0	0	0	0	0	0
2026-03-29 18:00:43.749659+00	OLD	SEALED_MIST	0	0	0	0	0	0	0
2026-03-29 18:00:43.749659+00	NEW	IDLE	0	0	0	0	0	0	0
2026-03-29 18:01:43.891776+00	OLD	SEALED_MIST	0	0	0	0	0	0	1
2026-03-29 18:01:43.891776+00	NEW	IDLE	0	0	0	0	0	0	0
2026-03-29 18:02:44.03505+00	OLD	SEALED_MIST	1	0	0	0	0	0	3
2026-03-29 18:02:44.03505+00	NEW	IDLE	0	0	0	0	0	0	0
2026-03-29 18:03:44.162881+00	OLD	SEALED_MIST	1	0	0	0	0	0	3
2026-03-29 18:03:44.162881+00	NEW	IDLE	0	0	0	0	0	0	0
2026-03-29 18:04:44.278602+00	OLD	SEALED_MIST	1	0	0	0	0	0	3
2026-03-29 18:04:44.278602+00	NEW	IDLE	0	0	0	0	0	0	0
2026-03-29 18:05:44.390668+00	OLD	SEALED_MIST	1	0	0	0	0	0	3
2026-03-29 18:05:44.390668+00	NEW	IDLE	0	0	0	0	0	0	0
2026-03-29 18:06:44.509305+00	OLD	SEALED_MIST	1	0	0	0	0	0	3
2026-03-29 18:06:44.509305+00	NEW	IDLE	0	0	0	0	0	0	0
2026-03-29 18:07:44.650266+00	OLD	SEALED_MIST	1	0	0	0	0	0	3
2026-03-29 18:07:44.650266+00	NEW	IDLE	0	0	0	0	0	0	0
2026-03-29 18:08:44.784741+00	OLD	SEALED_MIST	1	0	0	0	0	0	3
2026-03-29 18:08:44.784741+00	NEW	IDLE	0	0	0	0	0	0	0
2026-03-29 18:19:46.477709+00	OLD	SEALED_MIST	0	0	0	0	0	0	0
2026-03-29 18:19:46.477709+00	NEW	IDLE	0	0	0	0	0	0	0
2026-03-29 18:20:46.616046+00	OLD	SEALED_MIST	0	0	0	0	0	0	1
2026-03-29 18:20:46.616046+00	NEW	IDLE	0	0	0	0	0	0	0
2026-03-29 18:21:46.756485+00	OLD	SEALED_MIST	0	0	0	0	0	0	1
2026-03-29 18:21:46.756485+00	NEW	IDLE	0	0	0	0	0	0	0
2026-03-29 18:28:47.861275+00	OLD	VENTILATE	1	1	1	1	0	0	0
2026-03-29 18:28:47.861275+00	NEW	VENTILATE	0	1	1	1	0	0	0
2026-03-29 18:29:48.039003+00	OLD	VENTILATE	1	1	1	1	0	0	0
2026-03-29 18:29:48.039003+00	NEW	VENTILATE	0	1	1	1	0	0	0
2026-03-29 18:32:48.972452+00	OLD	VENTILATE	1	1	1	1	0	0	0
2026-03-29 18:32:48.972452+00	NEW	VENTILATE	0	1	1	1	0	0	0
2026-03-29 18:33:49.181864+00	OLD	VENTILATE	1	1	1	1	0	0	0
2026-03-29 18:33:49.181864+00	NEW	VENTILATE	0	1	1	1	0	0	0
2026-03-29 18:34:49.349674+00	OLD	VENTILATE	1	1	1	1	0	0	0
2026-03-29 18:34:49.349674+00	NEW	VENTILATE	0	1	1	1	0	0	0
2026-03-29 18:36:49.794226+00	OLD	VENTILATE	1	1	1	1	0	0	0
2026-03-29 18:36:49.794226+00	NEW	VENTILATE	0	1	1	1	0	0	0
2026-03-29 18:37:49.948818+00	OLD	VENTILATE	1	1	1	1	0	0	0
2026-03-29 18:37:49.948818+00	NEW	VENTILATE	0	1	1	1	0	0	0
2026-03-29 18:38:50.100004+00	OLD	VENTILATE	1	1	1	1	0	0	0
2026-03-29 18:38:50.100004+00	NEW	VENTILATE	0	1	1	1	0	0	0
2026-03-29 18:40:50.406049+00	OLD	VENTILATE	1	1	1	1	0	0	0
2026-03-29 18:40:50.406049+00	NEW	VENTILATE	0	1	1	1	0	0	0
2026-03-29 18:41:50.570934+00	OLD	VENTILATE	1	1	1	1	0	0	0
2026-03-29 18:41:50.570934+00	NEW	VENTILATE	0	1	1	1	0	0	0
2026-03-29 18:42:50.745195+00	OLD	VENTILATE	1	1	1	1	0	0	0
2026-03-29 18:42:50.745195+00	NEW	VENTILATE	0	1	1	1	0	0	0
2026-03-29 18:44:51.053338+00	OLD	VENTILATE	1	1	1	1	0	0	0
2026-03-29 18:44:51.053338+00	NEW	VENTILATE	0	1	1	1	0	0	0
2026-03-29 18:45:51.211393+00	OLD	VENTILATE	1	1	1	1	0	0	0
2026-03-29 18:45:51.211393+00	NEW	VENTILATE	0	1	1	1	0	0	0
2026-03-29 18:46:51.367277+00	OLD	VENTILATE	1	1	1	1	0	0	0
2026-03-29 18:46:51.367277+00	NEW	VENTILATE	0	1	1	1	0	0	0
2026-03-29 18:48:51.6966+00	OLD	VENTILATE	1	1	1	1	0	0	0
2026-03-29 18:48:51.6966+00	NEW	VENTILATE	0	1	1	1	0	0	0
2026-03-29 18:49:51.891631+00	OLD	VENTILATE	1	1	1	1	0	0	0
2026-03-29 18:49:51.891631+00	NEW	VENTILATE	0	1	1	1	0	0	0
2026-03-29 18:50:52.05168+00	OLD	VENTILATE	1	1	1	1	0	0	0
2026-03-29 18:50:52.05168+00	NEW	VENTILATE	0	1	1	1	0	0	0
2026-03-29 18:51:52.183149+00	OLD	VENTILATE	1	1	1	1	0	0	0
2026-03-29 18:51:52.183149+00	NEW	VENTILATE	0	1	1	1	0	0	0
2026-03-29 18:52:52.315934+00	OLD	VENTILATE	1	1	1	1	0	0	0
2026-03-29 18:52:52.315934+00	NEW	VENTILATE	0	1	1	1	0	0	0
2026-03-29 18:53:52.443913+00	OLD	VENTILATE	1	1	1	1	0	0	0
2026-03-29 18:53:52.443913+00	NEW	VENTILATE	0	1	1	1	0	0	0
2026-03-29 18:54:52.579929+00	OLD	VENTILATE	1	1	1	1	0	0	0
2026-03-29 18:54:52.579929+00	NEW	VENTILATE	0	1	1	1	0	0	0
2026-03-29 18:55:52.72813+00	OLD	VENTILATE	1	1	1	1	0	0	0
2026-03-29 18:55:52.72813+00	NEW	VENTILATE	0	1	1	1	0	0	0
2026-03-29 18:56:52.866289+00	OLD	VENTILATE	1	1	1	1	0	0	0
2026-03-29 18:56:52.866289+00	NEW	VENTILATE	0	1	1	1	0	0	0
2026-03-29 18:57:53.133156+00	OLD	VENTILATE	1	1	1	1	0	0	0
2026-03-29 18:57:53.133156+00	NEW	VENTILATE	0	1	1	1	0	0	0
2026-03-29 18:58:53.274433+00	OLD	VENTILATE	1	1	1	1	0	0	0
2026-03-29 18:58:53.274433+00	NEW	VENTILATE	0	1	1	1	0	0	0
2026-03-29 18:59:53.415105+00	OLD	VENTILATE	1	1	1	1	0	0	0
2026-03-29 18:59:53.415105+00	NEW	VENTILATE	0	1	1	1	0	0	0
2026-03-30 00:40:51.280723+00	OLD	SEALED_MIST	0	0	0	0	0	0	0
2026-03-30 00:40:51.280723+00	NEW	IDLE	0	0	0	0	0	0	0
2026-03-30 00:41:51.400635+00	OLD	SEALED_MIST	0	0	0	0	0	0	1
2026-03-30 00:41:51.400635+00	NEW	IDLE	0	0	0	0	0	0	0
2026-03-30 00:42:51.579531+00	OLD	SEALED_MIST	1	0	0	0	0	0	3
2026-03-30 00:42:51.579531+00	NEW	IDLE	0	0	0	0	0	0	0
2026-03-30 00:43:51.749913+00	OLD	SEALED_MIST	0	0	0	0	0	0	2
2026-03-30 00:43:51.749913+00	NEW	IDLE	0	0	0	0	0	0	0
2026-03-30 00:44:51.869695+00	OLD	SEALED_MIST	0	0	0	0	0	0	2
2026-03-30 00:44:51.869695+00	NEW	IDLE	0	0	0	0	0	0	0
2026-03-30 00:45:52.133603+00	OLD	SEALED_MIST	0	0	0	0	0	0	2
2026-03-30 00:45:52.133603+00	NEW	IDLE	0	0	0	0	0	0	0
2026-03-30 00:46:52.277283+00	OLD	SEALED_MIST	0	0	0	0	0	0	2
2026-03-30 00:46:52.277283+00	NEW	IDLE	0	0	0	0	0	0	0
2026-03-30 00:47:52.433838+00	OLD	SEALED_MIST	0	0	0	0	0	0	2
2026-03-30 00:47:52.433838+00	NEW	IDLE	0	0	0	0	0	0	0
2026-03-30 00:50:52.989122+00	OLD	SEALED_MIST	0	0	0	0	0	0	0
2026-03-30 00:50:52.989122+00	NEW	IDLE	0	0	0	0	0	0	0
2026-03-30 00:51:53.112986+00	OLD	SEALED_MIST	0	0	0	0	0	0	1
2026-03-30 00:51:53.112986+00	NEW	IDLE	0	0	0	0	0	0	0
2026-03-30 00:52:53.243571+00	OLD	SEALED_MIST	0	0	0	0	0	0	1
2026-03-30 00:52:53.243571+00	NEW	IDLE	0	0	0	0	0	0	0
2026-03-30 00:53:53.362632+00	OLD	SEALED_MIST	0	0	0	0	0	0	1
2026-03-30 00:53:53.362632+00	NEW	IDLE	0	0	0	0	0	0	0
2026-03-30 00:54:53.537147+00	OLD	SEALED_MIST	0	0	0	0	0	0	1
2026-03-30 00:54:53.537147+00	NEW	IDLE	0	0	0	0	0	0	0
2026-03-30 00:55:53.667164+00	OLD	SEALED_MIST	0	0	0	0	0	0	1
2026-03-30 00:55:53.667164+00	NEW	IDLE	0	0	0	0	0	0	0
2026-03-30 00:56:53.804196+00	OLD	SEALED_MIST	0	0	0	0	0	0	2
2026-03-30 00:56:53.804196+00	NEW	IDLE	0	0	0	0	0	0	0
2026-03-30 00:57:53.950882+00	OLD	SEALED_MIST	0	0	0	0	0	0	2
2026-03-30 00:57:53.950882+00	NEW	IDLE	0	0	0	0	0	0	0
2026-03-30 00:58:54.152748+00	OLD	SEALED_MIST	0	0	0	0	0	0	2
2026-03-30 00:58:54.152748+00	NEW	IDLE	0	0	0	0	0	0	0
2026-03-30 01:09:56.014382+00	OLD	SEALED_MIST	0	0	0	0	0	0	0
2026-03-30 01:09:56.014382+00	NEW	IDLE	0	0	0	0	0	0	0
2026-03-30 01:10:56.45089+00	OLD	SEALED_MIST	0	0	0	0	0	0	1
2026-03-30 01:10:56.45089+00	NEW	IDLE	0	0	0	0	0	0	0
2026-03-30 01:11:56.580045+00	OLD	SEALED_MIST	0	0	0	0	0	0	1
2026-03-30 01:11:56.580045+00	NEW	IDLE	0	0	0	0	0	0	0
2026-03-30 01:12:56.684465+00	OLD	SEALED_MIST	0	0	0	0	0	0	1
2026-03-30 01:12:56.684465+00	NEW	IDLE	0	0	0	0	0	0	0
2026-03-30 01:13:56.853699+00	OLD	SEALED_MIST	0	0	0	0	0	0	1
2026-03-30 01:13:56.853699+00	NEW	IDLE	0	0	0	0	0	0	0
2026-03-30 01:14:56.974242+00	OLD	SEALED_MIST	0	0	0	0	0	0	1
2026-03-30 01:14:56.974242+00	NEW	IDLE	0	0	0	0	0	0	0
2026-03-30 01:15:57.129676+00	OLD	SEALED_MIST	0	0	0	0	0	0	2
2026-03-30 01:15:57.129676+00	NEW	IDLE	0	0	0	0	0	0	0
2026-03-30 01:16:57.286084+00	OLD	SEALED_MIST	0	0	0	0	0	0	2
2026-03-30 01:16:57.286084+00	NEW	IDLE	0	0	0	0	0	0	0
2026-03-30 01:17:57.440128+00	OLD	SEALED_MIST	0	0	0	0	0	0	2
2026-03-30 01:17:57.440128+00	NEW	IDLE	0	0	0	0	0	0	0
2026-03-30 01:28:59.932251+00	OLD	SEALED_MIST	0	0	0	0	0	0	0
2026-03-30 01:28:59.932251+00	NEW	IDLE	0	0	0	0	0	0	0
2026-03-30 01:30:00.059112+00	OLD	SEALED_MIST	0	0	0	0	0	0	1
2026-03-30 01:30:00.059112+00	NEW	IDLE	0	0	0	0	0	0	0
2026-03-30 01:31:00.207945+00	OLD	SEALED_MIST	0	0	0	0	0	0	1
2026-03-30 01:31:00.207945+00	NEW	IDLE	0	0	0	0	0	0	0
2026-03-30 01:32:00.335653+00	OLD	SEALED_MIST	0	0	0	0	0	0	1
2026-03-30 01:32:00.335653+00	NEW	IDLE	0	0	0	0	0	0	0
2026-03-30 01:33:00.484595+00	OLD	SEALED_MIST	0	0	0	0	0	0	1
2026-03-30 01:33:00.484595+00	NEW	IDLE	0	0	0	0	0	0	0
2026-03-30 01:34:00.622816+00	OLD	SEALED_MIST	0	0	0	0	0	0	1
2026-03-30 01:34:00.622816+00	NEW	IDLE	0	0	0	0	0	0	0
2026-03-30 01:35:00.807146+00	OLD	SEALED_MIST	0	0	0	0	0	0	2
2026-03-30 01:35:00.807146+00	NEW	IDLE	0	0	0	0	0	0	0
2026-03-30 01:36:00.926441+00	OLD	SEALED_MIST	0	0	0	0	0	0	2
2026-03-30 01:36:00.926441+00	NEW	IDLE	0	0	0	0	0	0	0
2026-03-30 01:37:01.04984+00	OLD	SEALED_MIST	0	0	0	0	0	0	2
2026-03-30 01:37:01.04984+00	NEW	IDLE	0	0	0	0	0	0	0
2026-03-30 18:01:11.769526+00	OLD	VENTILATE	1	1	1	0	0	0	0
2026-03-30 18:01:11.769526+00	NEW	VENTILATE	0	1	1	0	0	0	0
2026-03-30 18:02:11.973045+00	OLD	VENTILATE	1	1	1	0	0	0	0
2026-03-30 18:02:11.973045+00	NEW	VENTILATE	0	1	1	0	0	0	0
2026-03-30 18:03:12.15252+00	OLD	VENTILATE	1	1	1	1	0	0	0
2026-03-30 18:03:12.15252+00	NEW	VENTILATE	0	1	1	1	0	0	0
2026-03-30 18:04:12.462081+00	OLD	VENTILATE	1	1	1	1	0	0	0
2026-03-30 18:04:12.462081+00	NEW	VENTILATE	0	1	1	1	0	0	0
2026-03-30 18:05:12.641875+00	OLD	VENTILATE	1	1	1	1	0	0	0
2026-03-30 18:05:12.641875+00	NEW	VENTILATE	0	1	1	1	0	0	0
2026-03-30 18:06:12.816722+00	OLD	VENTILATE	1	1	1	1	0	0	0
2026-03-30 18:06:12.816722+00	NEW	VENTILATE	0	1	1	1	0	0	0
2026-03-30 18:07:12.988851+00	OLD	VENTILATE	1	1	1	1	0	0	0
2026-03-30 18:07:12.988851+00	NEW	VENTILATE	0	1	1	1	0	0	0
2026-03-30 18:08:13.153901+00	OLD	VENTILATE	1	1	1	0	0	0	0
2026-03-30 18:08:13.153901+00	NEW	VENTILATE	0	1	1	0	0	0	0
2026-03-30 18:10:13.47467+00	OLD	VENTILATE	1	1	1	0	0	0	0
2026-03-30 18:10:13.47467+00	NEW	VENTILATE	0	1	1	0	0	0	0
2026-03-30 18:11:13.686831+00	OLD	VENTILATE	1	1	1	0	0	0	0
2026-03-30 18:11:13.686831+00	NEW	VENTILATE	0	1	1	0	0	0	0
2026-03-30 18:12:13.872558+00	OLD	VENTILATE	1	1	1	0	0	0	0
2026-03-30 18:12:13.872558+00	NEW	VENTILATE	0	1	1	0	0	0	0
2026-03-30 18:15:14.431826+00	OLD	SEALED_MIST	0	0	0	0	0	0	0
2026-03-30 18:15:14.431826+00	NEW	IDLE	0	0	0	0	0	0	0
2026-03-30 18:16:14.65605+00	OLD	SEALED_MIST	0	0	0	0	0	0	1
2026-03-30 18:16:14.65605+00	NEW	IDLE	0	0	0	0	0	0	0
2026-03-30 18:17:14.835315+00	OLD	SEALED_MIST	0	0	0	0	0	0	1
2026-03-30 18:17:14.835315+00	NEW	IDLE	0	0	0	0	0	0	0
2026-03-30 18:19:15.12678+00	OLD	SEALED_MIST	0	0	0	0	0	0	0
2026-03-30 18:19:15.12678+00	NEW	IDLE	0	0	0	0	0	0	0
2026-03-30 18:20:15.273107+00	OLD	SEALED_MIST	0	0	0	0	0	0	1
2026-03-30 18:20:15.273107+00	NEW	IDLE	0	0	0	0	0	0	0
2026-03-30 18:21:15.429116+00	OLD	SEALED_MIST	1	0	0	0	0	0	3
2026-03-30 18:21:15.429116+00	NEW	IDLE	0	0	0	0	0	0	0
2026-03-30 18:22:15.591796+00	OLD	SEALED_MIST	0	0	0	0	0	0	2
2026-03-30 18:22:15.591796+00	NEW	IDLE	0	0	0	0	0	0	0
2026-03-30 18:25:16.119645+00	OLD	SEALED_MIST	0	0	0	0	0	0	0
2026-03-30 18:25:16.119645+00	NEW	IDLE	0	0	0	0	0	0	0
2026-03-30 18:26:16.299526+00	OLD	SEALED_MIST	0	0	0	0	0	0	1
2026-03-30 18:26:16.299526+00	NEW	IDLE	0	0	0	0	0	0	0
2026-03-30 18:30:16.965551+00	OLD	VENTILATE	1	1	1	0	0	0	0
2026-03-30 18:30:16.965551+00	NEW	VENTILATE	0	1	1	0	0	0	0
2026-03-30 18:31:17.137606+00	OLD	VENTILATE	1	1	1	0	0	0	0
2026-03-30 18:31:17.137606+00	NEW	VENTILATE	0	1	1	0	0	0	0
2026-03-30 18:35:17.807667+00	OLD	VENTILATE	1	1	1	0	0	0	0
2026-03-30 18:35:17.807667+00	NEW	VENTILATE	0	1	1	0	0	0	0
2026-03-30 18:36:17.965122+00	OLD	VENTILATE	1	1	1	1	0	0	0
2026-03-30 18:36:17.965122+00	NEW	VENTILATE	0	1	1	1	0	0	0
2026-03-30 18:39:18.72357+00	OLD	VENTILATE	1	1	1	0	0	0	0
2026-03-30 18:39:18.72357+00	NEW	VENTILATE	0	1	1	0	0	0	0
2026-03-30 18:40:18.906217+00	OLD	VENTILATE	1	1	1	1	0	0	0
2026-03-30 18:40:18.906217+00	NEW	VENTILATE	0	1	1	1	0	0	0
2026-03-30 18:41:19.163813+00	OLD	VENTILATE	1	1	1	1	0	0	0
2026-03-30 18:41:19.163813+00	NEW	VENTILATE	0	1	1	1	0	0	0
2026-03-30 18:44:19.987588+00	OLD	VENTILATE	1	1	1	0	0	0	0
2026-03-30 18:44:19.987588+00	NEW	VENTILATE	0	1	1	0	0	0	0
2026-03-30 18:45:20.150718+00	OLD	VENTILATE	1	1	1	1	0	0	0
2026-03-30 18:45:20.150718+00	NEW	VENTILATE	0	1	1	1	0	0	0
2026-03-30 18:46:20.291874+00	OLD	VENTILATE	1	1	1	0	0	0	0
2026-03-30 18:46:20.291874+00	NEW	VENTILATE	0	1	1	0	0	0	0
2026-03-30 18:47:20.461266+00	OLD	VENTILATE	1	1	1	0	0	0	0
2026-03-30 18:47:20.461266+00	NEW	VENTILATE	0	1	1	0	0	0	0
2026-03-30 18:48:20.635609+00	OLD	VENTILATE	1	1	1	1	0	0	0
2026-03-30 18:48:20.635609+00	NEW	VENTILATE	0	1	1	1	0	0	0
2026-03-30 18:49:20.814221+00	OLD	VENTILATE	1	1	1	1	0	0	0
2026-03-30 18:49:20.814221+00	NEW	VENTILATE	0	1	1	1	0	0	0
2026-03-30 18:50:20.990194+00	OLD	VENTILATE	1	1	1	1	0	0	0
2026-03-30 18:50:20.990194+00	NEW	VENTILATE	0	1	1	1	0	0	0
2026-03-30 18:52:21.29532+00	OLD	VENTILATE	1	1	1	0	0	0	0
2026-03-30 18:52:21.29532+00	NEW	VENTILATE	0	1	1	0	0	0	0
2026-03-30 18:53:21.457682+00	OLD	VENTILATE	1	1	1	1	0	0	0
2026-03-30 18:53:21.457682+00	NEW	VENTILATE	0	1	1	1	0	0	0
2026-03-30 18:54:21.620777+00	OLD	VENTILATE	1	1	1	1	0	0	0
2026-03-30 18:54:21.620777+00	NEW	VENTILATE	0	1	1	1	0	0	0
2026-03-30 18:58:22.610167+00	OLD	VENTILATE	1	1	1	0	0	0	0
2026-03-30 18:58:22.610167+00	NEW	VENTILATE	0	1	1	0	0	0	0
2026-03-30 18:59:22.818987+00	OLD	VENTILATE	1	1	1	1	0	0	0
2026-03-30 18:59:22.818987+00	NEW	VENTILATE	0	1	1	1	0	0	0
2026-03-30 20:04:34.419275+00	OLD	SEALED_MIST	0	0	0	0	0	0	0
2026-03-30 20:04:34.419275+00	NEW	IDLE	0	0	0	0	0	0	0
2026-03-30 20:05:34.603365+00	OLD	SEALED_MIST	0	0	0	0	0	0	1
2026-03-30 20:05:34.603365+00	NEW	IDLE	0	0	0	0	0	0	0
2026-03-30 20:06:34.801924+00	OLD	SEALED_MIST	0	0	0	0	0	0	1
2026-03-30 20:06:34.801924+00	NEW	IDLE	0	0	0	0	0	0	0
2026-03-30 20:07:34.981631+00	OLD	SEALED_MIST	0	0	0	0	0	0	1
2026-03-30 20:07:34.981631+00	NEW	IDLE	0	0	0	0	0	0	0
2026-03-30 21:08:13.981719+00	OLD	SEALED_MIST	0	0	0	0	0	0	0
2026-03-30 21:08:13.981719+00	NEW	IDLE	0	0	0	0	0	0	0
2026-03-31 20:20:56.867372+00	OLD	SEALED_MIST	0	0	0	0	0	0	0
2026-03-31 20:20:56.867372+00	NEW	IDLE	0	0	0	0	0	0	0
2026-03-31 20:27:57.971535+00	OLD	SEALED_MIST	0	0	0	0	0	0	0
2026-03-31 20:27:57.971535+00	NEW	IDLE	0	0	0	0	0	0	0
2026-04-01 20:13:03.007018+00	OLD	SEALED_MIST	0	0	0	0	0	0	0
2026-04-01 20:13:03.007018+00	NEW	IDLE	0	0	0	0	0	0	0
2026-04-01 20:14:03.189001+00	OLD	SEALED_MIST	0	0	0	0	0	0	1
2026-04-01 20:14:03.189001+00	NEW	IDLE	0	0	0	0	0	0	0
2026-04-01 20:15:03.357539+00	OLD	SEALED_MIST	0	0	0	0	0	0	1
2026-04-01 20:15:03.357539+00	NEW	IDLE	0	0	0	0	0	0	0
2026-04-01 20:16:03.520793+00	OLD	SEALED_MIST	0	0	0	0	0	0	1
2026-04-01 20:16:03.520793+00	NEW	IDLE	0	0	0	0	0	0	0
2026-04-01 20:17:03.683443+00	OLD	SEALED_MIST	0	0	0	0	0	0	1
2026-04-01 20:17:03.683443+00	NEW	IDLE	0	0	0	0	0	0	0
2026-04-01 20:18:03.819081+00	OLD	SEALED_MIST	0	0	0	0	0	0	1
2026-04-01 20:18:03.819081+00	NEW	IDLE	0	0	0	0	0	0	0
2026-04-01 20:19:03.965076+00	OLD	SEALED_MIST	0	0	0	0	0	0	2
2026-04-01 20:19:03.965076+00	NEW	IDLE	0	0	0	0	0	0	0
2026-04-02 18:06:38.035707+00	OLD	VENTILATE	1	1	1	0	0	0	0
2026-04-02 18:06:38.035707+00	NEW	VENTILATE	0	1	1	0	0	0	0
2026-04-02 18:07:38.15691+00	OLD	VENTILATE	1	1	1	0	0	0	0
2026-04-02 18:07:38.15691+00	NEW	VENTILATE	0	1	1	0	0	0	0
2026-04-02 18:08:38.299895+00	OLD	VENTILATE	1	1	1	0	0	0	0
2026-04-02 18:08:38.299895+00	NEW	VENTILATE	0	1	1	0	0	0	0
2026-04-02 18:09:38.58964+00	OLD	VENTILATE	1	1	1	0	0	0	0
2026-04-02 18:09:38.58964+00	NEW	VENTILATE	0	1	1	0	0	0	0
2026-04-02 18:10:38.715959+00	OLD	VENTILATE	1	1	1	0	0	0	0
2026-04-02 18:10:38.715959+00	NEW	VENTILATE	0	1	1	0	0	0	0
2026-04-02 18:11:38.830516+00	OLD	VENTILATE	1	1	1	0	0	0	0
2026-04-02 18:11:38.830516+00	NEW	VENTILATE	0	1	1	0	0	0	0
2026-04-02 18:12:38.940182+00	OLD	VENTILATE	1	1	1	0	0	0	0
2026-04-02 18:12:38.940182+00	NEW	VENTILATE	0	1	1	0	0	0	0
2026-04-02 18:13:39.099488+00	OLD	VENTILATE	1	1	1	0	0	0	0
2026-04-02 18:13:39.099488+00	NEW	VENTILATE	0	1	1	0	0	0	0
2026-04-02 18:14:39.264282+00	OLD	VENTILATE	1	1	1	0	0	0	0
2026-04-02 18:14:39.264282+00	NEW	VENTILATE	0	1	1	0	0	0	0
2026-04-02 18:15:39.418034+00	OLD	VENTILATE	1	1	1	0	0	0	0
2026-04-02 18:15:39.418034+00	NEW	VENTILATE	0	1	1	0	0	0	0
2026-04-02 18:16:39.557683+00	OLD	VENTILATE	1	1	1	0	0	0	0
2026-04-02 18:16:39.557683+00	NEW	VENTILATE	0	1	1	0	0	0	0
2026-04-02 18:17:39.706689+00	OLD	SEALED_MIST	0	0	0	0	0	0	0
2026-04-02 18:17:39.706689+00	NEW	IDLE	0	0	0	0	0	0	0
2026-04-02 18:18:39.892739+00	OLD	SEALED_MIST	0	0	0	0	0	0	1
2026-04-02 18:18:39.892739+00	NEW	IDLE	0	0	0	0	0	0	0
2026-04-02 18:19:40.031224+00	OLD	SEALED_MIST	0	0	0	0	0	0	1
2026-04-02 18:19:40.031224+00	NEW	IDLE	0	0	0	0	0	0	0
2026-04-02 18:20:40.169905+00	OLD	SEALED_MIST	0	0	0	0	0	0	1
2026-04-02 18:20:40.169905+00	NEW	IDLE	0	0	0	0	0	0	0
2026-04-02 18:21:40.323471+00	OLD	SEALED_MIST	0	0	0	0	0	0	1
2026-04-02 18:21:40.323471+00	NEW	IDLE	0	0	0	0	0	0	0
2026-04-02 18:27:41.17192+00	OLD	VENTILATE	1	1	1	0	0	0	0
2026-04-02 18:27:41.17192+00	NEW	VENTILATE	0	1	1	0	0	0	0
2026-04-02 18:28:41.310682+00	OLD	VENTILATE	1	1	1	0	0	0	0
2026-04-02 18:28:41.310682+00	NEW	VENTILATE	0	1	1	0	0	0	0
2026-04-02 18:29:41.472346+00	OLD	VENTILATE	1	1	1	0	0	0	0
2026-04-02 18:29:41.472346+00	NEW	VENTILATE	0	1	1	0	0	0	0
2026-04-02 18:30:41.610933+00	OLD	VENTILATE	1	1	1	0	0	0	0
2026-04-02 18:30:41.610933+00	NEW	VENTILATE	0	1	1	0	0	0	0
2026-04-02 18:31:41.762991+00	OLD	VENTILATE	1	1	1	0	0	0	0
2026-04-02 18:31:41.762991+00	NEW	VENTILATE	0	1	1	0	0	0	0
2026-04-02 18:32:41.93534+00	OLD	VENTILATE	1	1	1	0	0	0	0
2026-04-02 18:32:41.93534+00	NEW	VENTILATE	0	1	1	0	0	0	0
2026-04-02 18:34:42.264157+00	OLD	VENTILATE	1	1	1	0	0	0	0
2026-04-02 18:34:42.264157+00	NEW	VENTILATE	0	1	1	0	0	0	0
2026-04-02 18:35:42.404282+00	OLD	VENTILATE	1	1	1	0	0	0	0
2026-04-02 18:35:42.404282+00	NEW	VENTILATE	0	1	1	0	0	0	0
2026-04-02 18:37:42.723849+00	OLD	SEALED_MIST	0	0	0	0	0	0	0
2026-04-02 18:37:42.723849+00	NEW	IDLE	0	0	0	0	0	0	0
2026-04-02 18:38:42.895272+00	OLD	SEALED_MIST	0	0	0	0	0	0	1
2026-04-02 18:38:42.895272+00	NEW	IDLE	0	0	0	0	0	0	0
2026-04-02 18:39:43.076492+00	OLD	SEALED_MIST	1	0	0	0	0	0	3
2026-04-02 18:39:43.076492+00	NEW	IDLE	0	0	0	0	0	0	0
2026-04-02 18:40:43.219001+00	OLD	SEALED_MIST	0	0	0	0	0	0	2
2026-04-02 18:40:43.219001+00	NEW	IDLE	0	0	0	0	0	0	0
2026-04-02 18:41:43.359896+00	OLD	SEALED_MIST	0	0	0	0	0	0	2
2026-04-02 18:41:43.359896+00	NEW	IDLE	0	0	0	0	0	0	0
2026-04-02 18:42:43.526022+00	OLD	SEALED_MIST	1	0	0	0	0	0	3
2026-04-02 18:42:43.526022+00	NEW	IDLE	0	0	0	0	0	0	0
2026-04-02 18:43:43.670712+00	OLD	SEALED_MIST	0	0	0	0	0	0	2
2026-04-02 18:43:43.670712+00	NEW	IDLE	0	0	0	0	0	0	0
2026-04-02 18:45:43.946491+00	OLD	SEALED_MIST	0	0	0	0	0	0	0
2026-04-02 18:45:43.946491+00	NEW	IDLE	0	0	0	0	0	0	0
2026-04-02 18:46:44.120088+00	OLD	SEALED_MIST	0	0	0	0	0	0	1
2026-04-02 18:46:44.120088+00	NEW	IDLE	0	0	0	0	0	0	0
2026-04-02 18:47:44.254865+00	OLD	SEALED_MIST	0	0	0	0	0	0	1
2026-04-02 18:47:44.254865+00	NEW	IDLE	0	0	0	0	0	0	0
2026-04-02 18:48:44.397646+00	OLD	SEALED_MIST	0	0	0	0	0	0	1
2026-04-02 18:48:44.397646+00	NEW	IDLE	0	0	0	0	0	0	0
2026-04-02 18:49:44.55049+00	OLD	SEALED_MIST	1	0	0	0	0	0	3
2026-04-02 18:49:44.55049+00	NEW	IDLE	0	0	0	0	0	0	0
2026-04-02 18:50:44.679352+00	OLD	SEALED_MIST	0	0	0	0	0	0	2
2026-04-02 18:50:44.679352+00	NEW	IDLE	0	0	0	0	0	0	0
2026-04-02 18:51:44.798991+00	OLD	SEALED_MIST	0	0	0	0	0	0	2
2026-04-02 18:51:44.798991+00	NEW	IDLE	0	0	0	0	0	0	0
2026-04-02 18:52:44.913309+00	OLD	SEALED_MIST	0	0	0	0	0	0	2
2026-04-02 18:52:44.913309+00	NEW	IDLE	0	0	0	0	0	0	0
2026-04-02 18:53:45.080844+00	OLD	SEALED_MIST	1	0	0	0	0	0	3
2026-04-02 18:53:45.080844+00	NEW	IDLE	0	0	0	0	0	0	0
2026-04-02 18:55:45.409341+00	OLD	VENTILATE	1	1	1	0	0	0	0
2026-04-02 18:55:45.409341+00	NEW	VENTILATE	0	1	1	0	0	0	0
2026-04-02 18:56:45.580756+00	OLD	VENTILATE	1	1	1	0	0	0	0
2026-04-02 18:56:45.580756+00	NEW	VENTILATE	0	1	1	0	0	0	0
2026-04-02 18:57:45.753375+00	OLD	VENTILATE	1	1	1	1	0	0	0
2026-04-02 18:57:45.753375+00	NEW	VENTILATE	0	1	1	1	0	0	0
2026-04-02 18:58:45.932836+00	OLD	VENTILATE	1	1	1	1	0	0	0
2026-04-02 18:58:45.932836+00	NEW	VENTILATE	0	1	1	1	0	0	0
2026-04-02 18:59:46.122505+00	OLD	VENTILATE	1	1	1	0	0	0	0
2026-04-02 18:59:46.122505+00	NEW	VENTILATE	0	1	1	0	0	0	0
2026-04-03 18:00:35.358912+00	OLD	VENTILATE	1	1	1	0	0	0	0
2026-04-03 18:00:35.358912+00	NEW	VENTILATE	0	1	1	0	0	0	0
2026-04-03 18:25:39.279029+00	OLD	VENTILATE	1	1	1	0	0	0	0
2026-04-03 18:25:39.279029+00	NEW	VENTILATE	0	1	1	0	0	0	0
2026-04-03 18:26:39.450584+00	OLD	SEALED_MIST	0	0	0	0	0	0	0
2026-04-03 18:26:39.450584+00	NEW	IDLE	0	0	0	0	0	0	0
2026-04-03 18:39:41.68149+00	OLD	VENTILATE	1	1	1	0	0	0	0
2026-04-03 18:39:41.68149+00	NEW	VENTILATE	0	1	1	0	0	0	0
2026-04-03 18:40:41.877376+00	OLD	VENTILATE	1	1	1	0	0	0	0
2026-04-03 18:40:41.877376+00	NEW	VENTILATE	0	1	1	0	0	0	0
2026-04-03 18:41:42.067647+00	OLD	VENTILATE	1	1	1	0	0	0	0
2026-04-03 18:41:42.067647+00	NEW	VENTILATE	0	1	1	0	0	0	0
2026-04-03 18:42:42.256739+00	OLD	VENTILATE	1	1	1	0	0	0	0
2026-04-03 18:42:42.256739+00	NEW	VENTILATE	0	1	1	0	0	0	0
2026-04-03 18:43:42.431066+00	OLD	VENTILATE	1	1	1	0	0	0	0
2026-04-03 18:43:42.431066+00	NEW	VENTILATE	0	1	1	0	0	0	0
2026-04-03 18:44:42.594802+00	OLD	SEALED_MIST	0	0	0	0	0	0	0
2026-04-03 18:44:42.594802+00	NEW	IDLE	0	0	0	0	0	0	0
2026-04-03 18:55:44.269416+00	OLD	VENTILATE	1	1	1	0	0	0	0
2026-04-03 18:55:44.269416+00	NEW	VENTILATE	0	1	1	0	0	0	0
2026-04-03 18:56:44.447291+00	OLD	VENTILATE	1	1	1	0	0	0	0
2026-04-03 18:56:44.447291+00	NEW	VENTILATE	0	1	1	0	0	0	0
2026-04-03 18:58:44.767367+00	OLD	VENTILATE	1	1	1	0	0	0	0
2026-04-03 18:58:44.767367+00	NEW	VENTILATE	0	1	1	0	0	0	0
2026-04-03 18:59:44.94103+00	OLD	VENTILATE	1	1	1	0	0	0	0
2026-04-03 18:59:44.94103+00	NEW	VENTILATE	0	1	1	0	0	0	0
2026-04-03 19:13:47.403939+00	OLD	SEALED_MIST	0	0	0	0	0	0	0
2026-04-03 19:13:47.403939+00	NEW	IDLE	0	0	0	0	0	0	0
2026-04-03 19:14:47.549383+00	OLD	SEALED_MIST	0	0	0	0	0	0	1
2026-04-03 19:14:47.549383+00	NEW	IDLE	0	0	0	0	0	0	0
2026-04-03 19:15:47.685061+00	OLD	SEALED_MIST	0	0	0	0	0	0	1
2026-04-03 19:15:47.685061+00	NEW	IDLE	0	0	0	0	0	0	0
2026-04-03 19:30:53.740853+00	OLD	SEALED_MIST	0	0	0	0	0	0	0
2026-04-03 19:30:53.740853+00	NEW	IDLE	0	0	0	0	0	0	0
2026-04-03 19:31:53.913041+00	OLD	SEALED_MIST	0	0	0	0	0	0	1
2026-04-03 19:31:53.913041+00	NEW	IDLE	0	0	0	0	0	0	0
2026-04-03 19:32:54.107462+00	OLD	SEALED_MIST	0	0	0	0	0	0	1
2026-04-03 19:32:54.107462+00	NEW	IDLE	0	0	0	0	0	0	0
2026-04-03 19:33:54.258953+00	OLD	SEALED_MIST	0	0	0	0	0	0	1
2026-04-03 19:33:54.258953+00	NEW	IDLE	0	0	0	0	0	0	0
2026-04-03 19:47:56.46967+00	OLD	SEALED_MIST	0	0	0	0	0	0	0
2026-04-03 19:47:56.46967+00	NEW	IDLE	0	0	0	0	0	0	0
2026-04-03 19:48:56.666364+00	OLD	SEALED_MIST	0	0	0	0	0	0	1
2026-04-03 19:48:56.666364+00	NEW	IDLE	0	0	0	0	0	0	0
2026-04-03 20:06:59.775698+00	OLD	SEALED_MIST	0	0	0	0	0	0	0
2026-04-03 20:06:59.775698+00	NEW	IDLE	0	0	0	0	0	0	0
2026-04-03 20:22:02.241688+00	OLD	SEALED_MIST	0	0	0	0	0	0	0
2026-04-03 20:22:02.241688+00	NEW	IDLE	0	0	0	0	0	0	0
2026-04-03 20:23:02.419508+00	OLD	SEALED_MIST	0	0	0	0	0	0	1
2026-04-03 20:23:02.419508+00	NEW	IDLE	0	0	0	0	0	0	0
2026-04-03 20:24:02.591051+00	OLD	SEALED_MIST	0	0	0	0	0	0	1
2026-04-03 20:24:02.591051+00	NEW	IDLE	0	0	0	0	0	0	0
2026-04-03 20:41:05.406531+00	OLD	SEALED_MIST	0	0	0	0	0	0	0
2026-04-03 20:41:05.406531+00	NEW	IDLE	0	0	0	0	0	0	0
2026-04-03 20:42:05.575795+00	OLD	SEALED_MIST	0	0	0	0	0	0	1
2026-04-03 20:42:05.575795+00	NEW	IDLE	0	0	0	0	0	0	0
2026-04-03 20:43:05.733181+00	OLD	SEALED_MIST	0	0	0	0	0	0	1
2026-04-03 20:43:05.733181+00	NEW	IDLE	0	0	0	0	0	0	0
2026-04-03 20:45:06.063366+00	OLD	SEALED_MIST	0	0	0	0	0	0	0
2026-04-03 20:45:06.063366+00	NEW	IDLE	0	0	0	0	0	0	0
2026-04-03 20:46:06.207093+00	OLD	SEALED_MIST	0	0	0	0	0	0	1
2026-04-03 20:46:06.207093+00	NEW	IDLE	0	0	0	0	0	0	0
2026-04-03 20:47:06.343409+00	OLD	SEALED_MIST	0	0	0	0	0	0	1
2026-04-03 20:47:06.343409+00	NEW	IDLE	0	0	0	0	0	0	0
2026-04-03 20:48:06.502979+00	OLD	SEALED_MIST	0	0	0	0	0	0	1
2026-04-03 20:48:06.502979+00	NEW	IDLE	0	0	0	0	0	0	0
2026-04-03 21:02:08.930336+00	OLD	SEALED_MIST	0	0	0	0	0	0	0
2026-04-03 21:02:08.930336+00	NEW	IDLE	0	0	0	0	0	0	0
2026-04-03 21:03:09.142416+00	OLD	SEALED_MIST	0	0	0	0	0	0	1
2026-04-03 21:03:09.142416+00	NEW	IDLE	0	0	0	0	0	0	0
2026-04-03 21:04:09.335112+00	OLD	SEALED_MIST	0	0	0	0	0	0	1
2026-04-03 21:04:09.335112+00	NEW	IDLE	0	0	0	0	0	0	0
2026-04-03 21:06:09.675535+00	OLD	SEALED_MIST	0	0	0	0	0	0	0
2026-04-03 21:06:09.675535+00	NEW	IDLE	0	0	0	0	0	0	0
2026-04-03 21:07:09.825773+00	OLD	SEALED_MIST	0	0	0	0	0	0	1
2026-04-03 21:07:09.825773+00	NEW	IDLE	0	0	0	0	0	0	0
2026-04-03 21:09:10.146621+00	OLD	SEALED_MIST	0	0	0	0	0	0	0
2026-04-03 21:09:10.146621+00	NEW	IDLE	0	0	0	0	0	0	0
2026-04-03 21:10:10.286574+00	OLD	SEALED_MIST	0	0	0	0	0	0	1
2026-04-03 21:10:10.286574+00	NEW	IDLE	0	0	0	0	0	0	0
2026-04-03 21:11:10.416699+00	OLD	SEALED_MIST	0	0	0	0	0	0	1
2026-04-03 21:11:10.416699+00	NEW	IDLE	0	0	0	0	0	0	0
2026-04-03 21:12:10.565067+00	OLD	SEALED_MIST	0	0	0	0	0	0	1
2026-04-03 21:12:10.565067+00	NEW	IDLE	0	0	0	0	0	0	0
2026-04-03 21:33:14.028114+00	OLD	SEALED_MIST	0	0	0	0	0	0	0
2026-04-03 21:33:14.028114+00	NEW	IDLE	0	0	0	0	0	0	0
2026-04-03 21:35:14.38574+00	OLD	SEALED_MIST	0	0	0	0	0	0	0
2026-04-03 21:35:14.38574+00	NEW	IDLE	0	0	0	0	0	0	0
2026-04-03 21:36:14.548369+00	OLD	SEALED_MIST	0	0	0	0	0	0	1
2026-04-03 21:36:14.548369+00	NEW	IDLE	0	0	0	0	0	0	0
2026-04-03 21:37:14.663936+00	OLD	SEALED_MIST	0	0	0	0	0	0	1
2026-04-03 21:37:14.663936+00	NEW	IDLE	0	0	0	0	0	0	0
2026-04-03 21:45:16.035874+00	OLD	SEALED_MIST	0	0	0	0	0	0	0
2026-04-03 21:45:16.035874+00	NEW	IDLE	0	0	0	0	0	0	0
2026-04-03 21:46:16.202887+00	OLD	SEALED_MIST	0	0	0	0	0	0	1
2026-04-03 21:46:16.202887+00	NEW	IDLE	0	0	0	0	0	0	0
2026-04-03 21:47:16.369249+00	OLD	SEALED_MIST	0	0	0	0	0	0	1
2026-04-03 21:47:16.369249+00	NEW	IDLE	0	0	0	0	0	0	0
2026-04-03 21:48:16.525955+00	OLD	SEALED_MIST	0	0	0	0	0	0	1
2026-04-03 21:48:16.525955+00	NEW	IDLE	0	0	0	0	0	0	0
2026-04-03 21:49:16.689903+00	OLD	SEALED_MIST	0	0	0	0	0	0	1
2026-04-03 21:49:16.689903+00	NEW	IDLE	0	0	0	0	0	0	0
2026-04-03 21:50:16.883783+00	OLD	SEALED_MIST	0	0	0	0	0	0	1
2026-04-03 21:50:16.883783+00	NEW	IDLE	0	0	0	0	0	0	0
2026-04-04 18:00:36.43403+00	OLD	SEALED_MIST	0	0	0	0	0	0	1
2026-04-04 18:00:36.43403+00	NEW	IDLE	0	0	0	0	0	0	0
2026-04-04 18:01:36.598129+00	OLD	SEALED_MIST	0	0	0	0	0	0	1
2026-04-04 18:01:36.598129+00	NEW	IDLE	0	0	0	0	0	0	0
2026-04-04 18:02:36.73377+00	OLD	SEALED_MIST	0	0	0	0	0	0	1
2026-04-04 18:02:36.73377+00	NEW	IDLE	0	0	0	0	0	0	0
2026-04-04 18:03:36.85992+00	OLD	SEALED_MIST	0	0	0	0	0	0	2
2026-04-04 18:03:36.85992+00	NEW	IDLE	0	0	0	0	0	0	0
2026-04-04 18:04:37.002899+00	OLD	SEALED_MIST	0	0	0	0	0	0	2
2026-04-04 18:04:37.002899+00	NEW	IDLE	0	0	0	0	0	0	0
2026-04-04 18:05:37.147233+00	OLD	SEALED_MIST	0	0	0	0	0	0	2
2026-04-04 18:05:37.147233+00	NEW	IDLE	0	0	0	0	0	0	0
2026-04-04 18:07:37.470277+00	OLD	SEALED_MIST	0	0	0	0	0	0	0
2026-04-04 18:07:37.470277+00	NEW	IDLE	0	0	0	0	0	0	0
2026-04-04 18:08:37.610475+00	OLD	SEALED_MIST	0	0	0	0	0	0	1
2026-04-04 18:08:37.610475+00	NEW	IDLE	0	0	0	0	0	0	0
2026-04-04 18:09:37.784164+00	OLD	SEALED_MIST	0	0	0	0	0	0	1
2026-04-04 18:09:37.784164+00	NEW	IDLE	0	0	0	0	0	0	0
2026-04-04 18:10:37.942568+00	OLD	SEALED_MIST	0	0	0	0	0	0	1
2026-04-04 18:10:37.942568+00	NEW	IDLE	0	0	0	0	0	0	0
2026-04-04 18:11:38.126215+00	OLD	SEALED_MIST	0	0	0	0	0	0	1
2026-04-04 18:11:38.126215+00	NEW	IDLE	0	0	0	0	0	0	0
2026-04-04 18:12:38.280198+00	OLD	SEALED_MIST	1	0	0	0	0	0	3
2026-04-04 18:12:38.280198+00	NEW	IDLE	0	0	0	0	0	0	0
2026-04-04 18:13:38.454289+00	OLD	SEALED_MIST	1	0	0	0	0	0	3
2026-04-04 18:13:38.454289+00	NEW	IDLE	0	0	0	0	0	0	0
2026-04-04 18:14:38.657422+00	OLD	SEALED_MIST	1	0	0	0	0	0	3
2026-04-04 18:14:38.657422+00	NEW	IDLE	0	0	0	0	0	0	0
2026-04-04 18:15:38.795924+00	OLD	SEALED_MIST	1	0	0	0	0	0	3
2026-04-04 18:15:38.795924+00	NEW	IDLE	0	0	0	0	0	0	0
2026-04-04 18:26:40.595711+00	OLD	SEALED_MIST	0	0	0	0	0	0	0
2026-04-04 18:26:40.595711+00	NEW	IDLE	0	0	0	0	0	0	0
2026-04-04 18:27:40.771122+00	OLD	SEALED_MIST	0	0	0	0	0	0	1
2026-04-04 18:27:40.771122+00	NEW	IDLE	0	0	0	0	0	0	0
2026-04-04 18:28:40.90593+00	OLD	SEALED_MIST	0	0	0	0	0	0	1
2026-04-04 18:28:40.90593+00	NEW	IDLE	0	0	0	0	0	0	0
2026-04-04 18:29:41.053268+00	OLD	SEALED_MIST	0	0	0	0	0	0	1
2026-04-04 18:29:41.053268+00	NEW	IDLE	0	0	0	0	0	0	0
2026-04-04 18:30:41.191588+00	OLD	SEALED_MIST	0	0	0	0	0	0	1
2026-04-04 18:30:41.191588+00	NEW	IDLE	0	0	0	0	0	0	0
2026-04-04 18:31:41.362317+00	OLD	SEALED_MIST	0	0	0	0	0	0	1
2026-04-04 18:31:41.362317+00	NEW	IDLE	0	0	0	0	0	0	0
2026-04-04 18:32:41.518992+00	OLD	SEALED_MIST	0	0	0	0	0	0	2
2026-04-04 18:32:41.518992+00	NEW	IDLE	0	0	0	0	0	0	0
2026-04-04 18:33:41.768869+00	OLD	SEALED_MIST	0	0	0	0	0	0	2
2026-04-04 18:33:41.768869+00	NEW	IDLE	0	0	0	0	0	0	0
2026-04-04 18:34:42.168527+00	OLD	SEALED_MIST	0	0	0	0	0	0	2
2026-04-04 18:34:42.168527+00	NEW	IDLE	0	0	0	0	0	0	0
2026-04-04 18:45:43.998743+00	OLD	SEALED_MIST	0	0	0	0	0	0	0
2026-04-04 18:45:43.998743+00	NEW	IDLE	0	0	0	0	0	0	0
2026-04-04 18:46:44.162975+00	OLD	SEALED_MIST	0	0	0	0	0	0	1
2026-04-04 18:46:44.162975+00	NEW	IDLE	0	0	0	0	0	0	0
2026-04-04 18:47:44.321031+00	OLD	SEALED_MIST	0	0	0	0	0	0	1
2026-04-04 18:47:44.321031+00	NEW	IDLE	0	0	0	0	0	0	0
2026-04-04 18:48:44.475425+00	OLD	SEALED_MIST	0	0	0	0	0	0	1
2026-04-04 18:48:44.475425+00	NEW	IDLE	0	0	0	0	0	0	0
2026-04-04 18:49:44.631286+00	OLD	SEALED_MIST	0	0	0	0	0	0	1
2026-04-04 18:49:44.631286+00	NEW	IDLE	0	0	0	0	0	0	0
2026-04-04 18:50:44.75682+00	OLD	SEALED_MIST	0	0	0	0	0	0	1
2026-04-04 18:50:44.75682+00	NEW	IDLE	0	0	0	0	0	0	0
2026-04-04 18:51:44.916609+00	OLD	SEALED_MIST	0	0	0	0	0	0	2
2026-04-04 18:51:44.916609+00	NEW	IDLE	0	0	0	0	0	0	0
2026-04-04 18:52:45.108569+00	OLD	SEALED_MIST	0	0	0	0	0	0	2
2026-04-04 18:52:45.108569+00	NEW	IDLE	0	0	0	0	0	0	0
2026-04-04 18:53:45.306719+00	OLD	SEALED_MIST	0	0	0	0	0	0	2
2026-04-04 18:53:45.306719+00	NEW	IDLE	0	0	0	0	0	0	0
2026-04-04 19:04:46.940881+00	OLD	SEALED_MIST	0	0	0	0	0	0	0
2026-04-04 19:04:46.940881+00	NEW	IDLE	0	0	0	0	0	0	0
2026-04-04 19:05:47.118464+00	OLD	SEALED_MIST	0	0	0	0	0	0	1
2026-04-04 19:05:47.118464+00	NEW	IDLE	0	0	0	0	0	0	0
2026-04-04 19:06:47.285248+00	OLD	SEALED_MIST	0	0	0	0	0	0	1
2026-04-04 19:06:47.285248+00	NEW	IDLE	0	0	0	0	0	0	0
2026-04-04 19:07:47.442966+00	OLD	SEALED_MIST	0	0	0	0	0	0	1
2026-04-04 19:07:47.442966+00	NEW	IDLE	0	0	0	0	0	0	0
2026-04-04 19:08:47.619058+00	OLD	SEALED_MIST	0	0	0	0	0	0	1
2026-04-04 19:08:47.619058+00	NEW	IDLE	0	0	0	0	0	0	0
2026-04-05 18:09:21.821573+00	OLD	SEALED_MIST	0	0	0	0	0	0	0
2026-04-05 18:09:21.821573+00	NEW	IDLE	0	0	0	0	0	0	0
2026-04-05 18:17:22.98253+00	OLD	SEALED_MIST	0	0	0	0	0	0	0
2026-04-05 18:17:22.98253+00	NEW	IDLE	0	0	0	0	0	0	0
2026-04-05 18:18:23.120714+00	OLD	SEALED_MIST	0	0	0	0	0	0	1
2026-04-05 18:18:23.120714+00	NEW	IDLE	0	0	0	0	0	0	0
2026-04-05 18:28:24.912708+00	OLD	SEALED_MIST	0	0	0	0	0	0	0
2026-04-05 18:28:24.912708+00	NEW	IDLE	0	0	0	0	0	0	0
2026-04-05 18:29:25.112845+00	OLD	SEALED_MIST	0	0	0	0	0	0	1
2026-04-05 18:29:25.112845+00	NEW	IDLE	0	0	0	0	0	0	0
2026-04-05 18:38:26.655413+00	OLD	SEALED_MIST	0	0	0	0	0	0	0
2026-04-05 18:38:26.655413+00	NEW	IDLE	0	0	0	0	0	0	0
2026-04-05 18:39:26.857819+00	OLD	SEALED_MIST	0	0	0	0	0	0	1
2026-04-05 18:39:26.857819+00	NEW	IDLE	0	0	0	0	0	0	0
2026-04-05 18:47:28.121943+00	OLD	SEALED_MIST	0	0	0	0	0	0	0
2026-04-05 18:47:28.121943+00	NEW	IDLE	0	0	0	0	0	0	0
2026-04-05 18:48:28.250443+00	OLD	SEALED_MIST	0	0	0	0	0	0	1
2026-04-05 18:48:28.250443+00	NEW	IDLE	0	0	0	0	0	0	0
2026-04-05 18:57:29.743413+00	OLD	SEALED_MIST	0	0	0	0	0	0	0
2026-04-05 18:57:29.743413+00	NEW	IDLE	0	0	0	0	0	0	0
2026-04-05 18:58:29.926567+00	OLD	SEALED_MIST	0	0	0	0	0	0	1
2026-04-05 18:58:29.926567+00	NEW	IDLE	0	0	0	0	0	0	0
2026-04-05 19:04:30.876232+00	OLD	SEALED_MIST	0	0	0	0	0	0	0
2026-04-05 19:04:30.876232+00	NEW	IDLE	0	0	0	0	0	0	0
2026-04-05 19:05:31.060396+00	OLD	SEALED_MIST	0	0	0	0	0	0	1
2026-04-05 19:05:31.060396+00	NEW	IDLE	0	0	0	0	0	0	0
2026-04-05 19:11:32.066388+00	OLD	SEALED_MIST	0	0	0	0	0	0	0
2026-04-05 19:11:32.066388+00	NEW	IDLE	0	0	0	0	0	0	0
2026-04-05 19:12:32.23956+00	OLD	SEALED_MIST	0	0	0	0	0	0	1
2026-04-05 19:12:32.23956+00	NEW	IDLE	0	0	0	0	0	0	0
2026-04-05 19:18:33.365615+00	OLD	SEALED_MIST	0	0	0	0	0	0	0
2026-04-05 19:18:33.365615+00	NEW	IDLE	0	0	0	0	0	0	0
2026-04-05 19:24:34.352169+00	OLD	SEALED_MIST	0	0	0	0	0	0	0
2026-04-05 19:24:34.352169+00	NEW	IDLE	0	0	0	0	0	0	0
2026-04-05 19:26:34.661961+00	OLD	SEALED_MIST	0	0	0	0	0	0	0
2026-04-05 19:26:34.661961+00	NEW	IDLE	0	0	0	0	0	0	0
2026-04-05 19:27:34.779436+00	OLD	SEALED_MIST	0	0	0	0	0	0	1
2026-04-05 19:27:34.779436+00	NEW	IDLE	0	0	0	0	0	0	0
2026-04-05 19:28:34.897336+00	OLD	SEALED_MIST	0	0	0	0	0	0	1
2026-04-05 19:28:34.897336+00	NEW	IDLE	0	0	0	0	0	0	0
2026-04-05 19:29:35.008065+00	OLD	SEALED_MIST	0	0	0	0	0	0	1
2026-04-05 19:29:35.008065+00	NEW	IDLE	0	0	0	0	0	0	0
2026-04-05 19:30:35.142351+00	OLD	SEALED_MIST	0	0	0	0	0	0	1
2026-04-05 19:30:35.142351+00	NEW	IDLE	0	0	0	0	0	0	0
2026-04-05 19:32:35.455413+00	OLD	SEALED_MIST	0	0	0	0	0	0	0
2026-04-05 19:32:35.455413+00	NEW	IDLE	0	0	0	0	0	0	0
2026-04-05 19:36:36.176803+00	OLD	SEALED_MIST	0	0	0	0	0	0	0
2026-04-05 19:36:36.176803+00	NEW	IDLE	0	0	0	0	0	0	0
2026-04-05 19:41:37.06796+00	OLD	SEALED_MIST	0	0	0	0	0	0	0
2026-04-05 19:41:37.06796+00	NEW	IDLE	0	0	0	0	0	0	0
2026-04-05 19:43:37.437084+00	OLD	SEALED_MIST	0	0	0	0	0	0	0
2026-04-05 19:43:37.437084+00	NEW	IDLE	0	0	0	0	0	0	0
2026-04-05 19:44:37.591354+00	OLD	SEALED_MIST	0	0	0	0	0	0	1
2026-04-05 19:44:37.591354+00	NEW	IDLE	0	0	0	0	0	0	0
2026-04-05 19:49:38.487282+00	OLD	SEALED_MIST	0	0	0	0	0	0	0
2026-04-05 19:49:38.487282+00	NEW	IDLE	0	0	0	0	0	0	0
2026-04-05 19:50:38.677734+00	OLD	SEALED_MIST	0	0	0	0	0	0	1
2026-04-05 19:50:38.677734+00	NEW	IDLE	0	0	0	0	0	0	0
2026-04-05 19:53:39.257897+00	OLD	SEALED_MIST	0	0	0	0	0	0	0
2026-04-05 19:53:39.257897+00	NEW	IDLE	0	0	0	0	0	0	0
2026-04-05 19:58:40.024903+00	OLD	SEALED_MIST	0	0	0	0	0	0	0
2026-04-05 19:58:40.024903+00	NEW	IDLE	0	0	0	0	0	0	0
2026-04-05 19:59:40.169089+00	OLD	SEALED_MIST	0	0	0	0	0	0	1
2026-04-05 19:59:40.169089+00	NEW	IDLE	0	0	0	0	0	0	0
2026-04-05 20:01:40.546888+00	OLD	SEALED_MIST	0	0	0	0	0	0	0
2026-04-05 20:01:40.546888+00	NEW	IDLE	0	0	0	0	0	0	0
2026-04-05 20:02:40.71906+00	OLD	SEALED_MIST	0	0	0	0	0	0	1
2026-04-05 20:02:40.71906+00	NEW	IDLE	0	0	0	0	0	0	0
2026-04-05 20:05:41.248106+00	OLD	SEALED_MIST	0	0	0	0	0	0	0
2026-04-05 20:05:41.248106+00	NEW	IDLE	0	0	0	0	0	0	0
2026-04-05 20:06:41.391902+00	OLD	SEALED_MIST	0	0	0	0	0	0	1
2026-04-05 20:06:41.391902+00	NEW	IDLE	0	0	0	0	0	0	0
2026-04-05 20:07:41.549648+00	OLD	SEALED_MIST	0	0	0	0	0	0	1
2026-04-05 20:07:41.549648+00	NEW	IDLE	0	0	0	0	0	0	0
2026-04-05 20:08:41.718019+00	OLD	SEALED_MIST	0	0	0	0	0	0	1
2026-04-05 20:08:41.718019+00	NEW	IDLE	0	0	0	0	0	0	0
2026-04-05 20:12:42.434791+00	OLD	SEALED_MIST	0	0	0	0	0	0	0
2026-04-05 20:12:42.434791+00	NEW	IDLE	0	0	0	0	0	0	0
2026-04-05 20:13:42.611868+00	OLD	SEALED_MIST	0	0	0	0	0	0	1
2026-04-05 20:13:42.611868+00	NEW	IDLE	0	0	0	0	0	0	0
2026-04-05 20:18:43.413536+00	OLD	SEALED_MIST	0	0	0	0	0	0	0
2026-04-05 20:18:43.413536+00	NEW	IDLE	0	0	0	0	0	0	0
2026-04-05 20:19:43.609243+00	OLD	SEALED_MIST	0	0	0	0	0	0	1
2026-04-05 20:19:43.609243+00	NEW	IDLE	0	0	0	0	0	0	0
2026-04-05 20:22:44.245162+00	OLD	SEALED_MIST	0	0	0	0	0	0	0
2026-04-05 20:22:44.245162+00	NEW	IDLE	0	0	0	0	0	0	0
2026-04-05 20:25:44.812823+00	OLD	SEALED_MIST	0	0	0	0	0	0	0
2026-04-05 20:25:44.812823+00	NEW	IDLE	0	0	0	0	0	0	0
2026-04-05 20:27:45.211607+00	OLD	SEALED_MIST	0	0	0	0	0	0	0
2026-04-05 20:27:45.211607+00	NEW	IDLE	0	0	0	0	0	0	0
2026-04-05 20:28:45.397566+00	OLD	SEALED_MIST	0	0	0	0	0	0	1
2026-04-05 20:28:45.397566+00	NEW	IDLE	0	0	0	0	0	0	0
2026-04-05 20:29:45.557886+00	OLD	SEALED_MIST	0	0	0	0	0	0	1
2026-04-05 20:29:45.557886+00	NEW	IDLE	0	0	0	0	0	0	0
2026-04-05 20:42:47.634986+00	OLD	SEALED_MIST	0	0	0	0	0	0	0
2026-04-05 20:42:47.634986+00	NEW	IDLE	0	0	0	0	0	0	0
2026-04-05 20:43:47.812056+00	OLD	SEALED_MIST	0	0	0	0	0	0	1
2026-04-05 20:43:47.812056+00	NEW	IDLE	0	0	0	0	0	0	0
2026-04-05 20:46:48.293719+00	OLD	SEALED_MIST	0	0	0	0	0	0	0
2026-04-05 20:46:48.293719+00	NEW	IDLE	0	0	0	0	0	0	0
2026-04-05 20:47:48.474634+00	OLD	SEALED_MIST	0	0	0	0	0	0	1
2026-04-05 20:47:48.474634+00	NEW	IDLE	0	0	0	0	0	0	0
2026-04-05 20:48:48.638585+00	OLD	SEALED_MIST	0	0	0	0	0	0	1
2026-04-05 20:48:48.638585+00	NEW	IDLE	0	0	0	0	0	0	0
2026-04-05 20:49:48.829968+00	OLD	SEALED_MIST	0	0	0	0	0	0	1
2026-04-05 20:49:48.829968+00	NEW	IDLE	0	0	0	0	0	0	0
2026-04-05 20:50:49.011193+00	OLD	SEALED_MIST	0	0	0	0	0	0	1
2026-04-05 20:50:49.011193+00	NEW	IDLE	0	0	0	0	0	0	0
2026-04-05 20:51:49.146117+00	OLD	SEALED_MIST	0	0	0	0	0	0	1
2026-04-05 20:51:49.146117+00	NEW	IDLE	0	0	0	0	0	0	0
2026-04-05 20:52:49.253423+00	OLD	SEALED_MIST	0	0	0	0	0	0	2
2026-04-05 20:52:49.253423+00	NEW	IDLE	0	0	0	0	0	0	0
2026-04-05 20:53:49.370149+00	OLD	SEALED_MIST	0	0	0	0	0	0	2
2026-04-05 20:53:49.370149+00	NEW	IDLE	0	0	0	0	0	0	0
2026-04-05 20:54:49.477496+00	OLD	SEALED_MIST	0	0	0	0	0	0	2
2026-04-05 20:54:49.477496+00	NEW	IDLE	0	0	0	0	0	0	0
2026-04-05 20:56:49.733101+00	OLD	SEALED_MIST	0	0	0	0	0	0	0
2026-04-05 20:56:49.733101+00	NEW	IDLE	0	0	0	0	0	0	0
2026-04-05 20:58:49.991503+00	OLD	SEALED_MIST	0	0	0	0	0	0	0
2026-04-05 20:58:49.991503+00	NEW	IDLE	0	0	0	0	0	0	0
2026-04-05 20:59:50.142539+00	OLD	SEALED_MIST	0	0	0	0	0	0	1
2026-04-05 20:59:50.142539+00	NEW	IDLE	0	0	0	0	0	0	0
2026-04-05 21:00:50.303523+00	OLD	SEALED_MIST	0	0	0	0	0	0	1
2026-04-05 21:00:50.303523+00	NEW	IDLE	0	0	0	0	0	0	0
2026-04-05 21:01:50.440864+00	OLD	SEALED_MIST	0	0	0	0	0	0	1
2026-04-05 21:01:50.440864+00	NEW	IDLE	0	0	0	0	0	0	0
2026-04-05 21:12:52.16841+00	OLD	SEALED_MIST	0	0	0	0	0	0	0
2026-04-05 21:12:52.16841+00	NEW	IDLE	0	0	0	0	0	0	0
2026-04-05 21:13:52.341184+00	OLD	SEALED_MIST	0	0	0	0	0	0	1
2026-04-05 21:13:52.341184+00	NEW	IDLE	0	0	0	0	0	0	0
2026-04-05 21:14:52.46753+00	OLD	SEALED_MIST	0	0	0	0	0	0	1
2026-04-05 21:14:52.46753+00	NEW	IDLE	0	0	0	0	0	0	0
2026-04-05 21:15:52.652225+00	OLD	SEALED_MIST	0	0	0	0	0	0	1
2026-04-05 21:15:52.652225+00	NEW	IDLE	0	0	0	0	0	0	0
2026-04-05 21:25:54.350674+00	OLD	SEALED_MIST	0	0	0	0	0	0	0
2026-04-05 21:25:54.350674+00	NEW	IDLE	0	0	0	0	0	0	0
2026-04-05 21:26:54.552499+00	OLD	SEALED_MIST	0	0	0	0	0	0	1
2026-04-05 21:26:54.552499+00	NEW	IDLE	0	0	0	0	0	0	0
2026-04-05 21:29:55.127448+00	OLD	SEALED_MIST	0	0	0	0	0	0	0
2026-04-05 21:29:55.127448+00	NEW	IDLE	0	0	0	0	0	0	0
2026-04-05 21:30:55.301439+00	OLD	SEALED_MIST	0	0	0	0	0	0	1
2026-04-05 21:30:55.301439+00	NEW	IDLE	0	0	0	0	0	0	0
2026-04-05 21:31:55.469649+00	OLD	SEALED_MIST	0	0	0	0	0	0	1
2026-04-05 21:31:55.469649+00	NEW	IDLE	0	0	0	0	0	0	0
2026-04-05 21:32:55.582711+00	OLD	SEALED_MIST	0	0	0	0	0	0	1
2026-04-05 21:32:55.582711+00	NEW	IDLE	0	0	0	0	0	0	0
2026-04-05 21:33:55.723572+00	OLD	SEALED_MIST	0	0	0	0	0	0	1
2026-04-05 21:33:55.723572+00	NEW	IDLE	0	0	0	0	0	0	0
2026-04-05 21:34:55.867136+00	OLD	SEALED_MIST	0	0	0	0	0	0	1
2026-04-05 21:34:55.867136+00	NEW	IDLE	0	0	0	0	0	0	0
2026-04-05 21:35:55.99592+00	OLD	SEALED_MIST	0	0	0	0	0	0	2
2026-04-05 21:35:55.99592+00	NEW	IDLE	0	0	0	0	0	0	0
2026-04-05 21:36:56.133501+00	OLD	SEALED_MIST	0	0	0	0	0	0	2
2026-04-05 21:36:56.133501+00	NEW	IDLE	0	0	0	0	0	0	0
2026-04-05 21:39:56.646344+00	OLD	SEALED_MIST	0	0	0	0	0	0	0
2026-04-05 21:39:56.646344+00	NEW	IDLE	0	0	0	0	0	0	0
2026-04-05 21:41:57.031586+00	OLD	SEALED_MIST	0	0	0	0	0	0	0
2026-04-05 21:41:57.031586+00	NEW	IDLE	0	0	0	0	0	0	0
2026-04-05 21:42:57.209136+00	OLD	SEALED_MIST	0	0	0	0	0	0	1
2026-04-05 21:42:57.209136+00	NEW	IDLE	0	0	0	0	0	0	0
2026-04-05 21:43:57.383853+00	OLD	SEALED_MIST	0	0	0	0	0	0	1
2026-04-05 21:43:57.383853+00	NEW	IDLE	0	0	0	0	0	0	0
2026-04-05 21:44:57.534166+00	OLD	SEALED_MIST	0	0	0	0	0	0	1
2026-04-05 21:44:57.534166+00	NEW	IDLE	0	0	0	0	0	0	0
2026-04-05 21:49:58.315506+00	OLD	SEALED_MIST	0	0	0	0	0	0	0
2026-04-05 21:49:58.315506+00	NEW	IDLE	0	0	0	0	0	0	0
2026-04-05 21:50:58.502026+00	OLD	SEALED_MIST	0	0	0	0	0	0	1
2026-04-05 21:50:58.502026+00	NEW	IDLE	0	0	0	0	0	0	0
2026-04-05 21:51:58.678355+00	OLD	SEALED_MIST	0	0	0	0	0	0	1
2026-04-05 21:51:58.678355+00	NEW	IDLE	0	0	0	0	0	0	0
2026-04-05 21:53:59.075244+00	OLD	SEALED_MIST	0	0	0	0	0	0	0
2026-04-05 21:53:59.075244+00	NEW	IDLE	0	0	0	0	0	0	0
2026-04-05 21:57:59.78938+00	OLD	SEALED_MIST	0	0	0	0	0	0	0
2026-04-05 21:57:59.78938+00	NEW	IDLE	0	0	0	0	0	0	0
2026-04-05 21:58:59.965638+00	OLD	SEALED_MIST	0	0	0	0	0	0	1
2026-04-05 21:58:59.965638+00	NEW	IDLE	0	0	0	0	0	0	0
2026-04-06 18:01:15.423427+00	OLD	SEALED_MIST	0	0	0	0	0	0	0
2026-04-06 18:01:15.423427+00	NEW	IDLE	0	0	0	0	0	0	0
2026-04-06 18:02:15.583907+00	OLD	SEALED_MIST	0	0	0	0	0	0	1
2026-04-06 18:02:15.583907+00	NEW	IDLE	0	0	0	0	0	0	0
2026-04-06 18:03:15.77909+00	OLD	SEALED_MIST	0	0	0	0	0	0	1
2026-04-06 18:03:15.77909+00	NEW	IDLE	0	0	0	0	0	0	0
2026-04-06 18:04:15.962253+00	OLD	SEALED_MIST	0	0	0	0	0	0	1
2026-04-06 18:04:15.962253+00	NEW	IDLE	0	0	0	0	0	0	0
2026-04-06 18:05:16.157305+00	OLD	SEALED_MIST	0	0	0	0	0	0	1
2026-04-06 18:05:16.157305+00	NEW	IDLE	0	0	0	0	0	0	0
2026-04-06 18:06:16.334667+00	OLD	SEALED_MIST	0	0	0	0	0	0	1
2026-04-06 18:06:16.334667+00	NEW	IDLE	0	0	0	0	0	0	0
2026-04-06 18:07:16.465986+00	OLD	SEALED_MIST	0	0	0	0	0	0	2
2026-04-06 18:07:16.465986+00	NEW	IDLE	0	0	0	0	0	0	0
2026-04-06 18:08:16.652469+00	OLD	SEALED_MIST	0	0	0	0	0	0	2
2026-04-06 18:08:16.652469+00	NEW	IDLE	0	0	0	0	0	0	0
2026-04-06 18:09:16.83139+00	OLD	SEALED_MIST	0	0	0	0	0	0	2
2026-04-06 18:09:16.83139+00	NEW	IDLE	0	0	0	0	0	0	0
2026-04-06 18:20:18.616746+00	OLD	SEALED_MIST	1	0	0	0	0	0	3
2026-04-06 18:20:18.616746+00	NEW	IDLE	0	0	0	0	0	0	0
2026-04-06 18:21:18.771243+00	OLD	SEALED_MIST	0	0	0	0	0	0	2
2026-04-06 18:21:18.771243+00	NEW	IDLE	0	0	0	0	0	0	0
2026-04-06 18:33:20.527797+00	OLD	SEALED_MIST	1	0	0	0	0	0	3
2026-04-06 18:33:20.527797+00	NEW	IDLE	0	0	0	0	0	0	0
2026-04-06 18:34:20.738954+00	OLD	SEALED_MIST	0	0	0	0	0	0	2
2026-04-06 18:34:20.738954+00	NEW	IDLE	0	0	0	0	0	0	0
2026-04-06 18:35:20.916363+00	OLD	SEALED_MIST	0	0	0	0	0	0	2
2026-04-06 18:35:20.916363+00	NEW	IDLE	0	0	0	0	0	0	0
2026-04-06 18:36:21.107543+00	OLD	SEALED_MIST	0	0	0	0	0	0	2
2026-04-06 18:36:21.107543+00	NEW	IDLE	0	0	0	0	0	0	0
2026-04-06 18:44:22.583678+00	OLD	SEALED_MIST	0	0	0	0	0	0	0
2026-04-06 18:44:22.583678+00	NEW	IDLE	0	0	0	0	0	0	0
2026-04-06 18:45:22.774574+00	OLD	SEALED_MIST	1	0	0	0	0	0	3
2026-04-06 18:45:22.774574+00	NEW	IDLE	0	0	0	0	0	0	0
2026-04-06 18:46:22.995894+00	OLD	SEALED_MIST	0	0	0	0	0	0	2
2026-04-06 18:46:22.995894+00	NEW	IDLE	0	0	0	0	0	0	0
2026-04-06 18:59:25.245012+00	OLD	SEALED_MIST	1	0	0	0	0	0	3
2026-04-06 18:59:25.245012+00	NEW	IDLE	0	0	0	0	0	0	0
2026-04-06 19:00:25.397529+00	OLD	SEALED_MIST	0	0	0	0	0	0	2
2026-04-06 19:00:25.397529+00	NEW	IDLE	0	0	0	0	0	0	0
2026-04-06 19:07:26.478505+00	OLD	SEALED_MIST	0	0	0	0	0	0	0
2026-04-06 19:07:26.478505+00	NEW	IDLE	0	0	0	0	0	0	0
2026-04-06 19:08:26.606594+00	OLD	SEALED_MIST	0	0	0	0	0	0	1
2026-04-06 19:08:26.606594+00	NEW	IDLE	0	0	0	0	0	0	0
2026-04-06 19:17:28.054672+00	OLD	SEALED_MIST	0	0	0	0	0	0	0
2026-04-06 19:17:28.054672+00	NEW	IDLE	0	0	0	0	0	0	0
2026-04-06 19:18:28.240799+00	OLD	SEALED_MIST	0	0	0	0	0	0	1
2026-04-06 19:18:28.240799+00	NEW	IDLE	0	0	0	0	0	0	0
2026-04-06 19:28:29.818656+00	OLD	SEALED_MIST	0	0	0	0	0	0	0
2026-04-06 19:28:29.818656+00	NEW	IDLE	0	0	0	0	0	0	0
2026-04-06 19:29:29.981526+00	OLD	SEALED_MIST	0	0	0	0	0	0	1
2026-04-06 19:29:29.981526+00	NEW	IDLE	0	0	0	0	0	0	0
2026-04-06 19:35:30.880258+00	OLD	SEALED_MIST	0	0	0	0	0	0	0
2026-04-06 19:35:30.880258+00	NEW	IDLE	0	0	0	0	0	0	0
2026-04-06 19:36:31.040602+00	OLD	SEALED_MIST	0	0	0	0	0	0	1
2026-04-06 19:36:31.040602+00	NEW	IDLE	0	0	0	0	0	0	0
2026-04-06 19:37:31.19728+00	OLD	SEALED_MIST	0	0	0	0	0	0	1
2026-04-06 19:37:31.19728+00	NEW	IDLE	0	0	0	0	0	0	0
2026-04-06 19:46:32.559804+00	OLD	SEALED_MIST	0	0	0	0	0	0	0
2026-04-06 19:46:32.559804+00	NEW	IDLE	0	0	0	0	0	0	0
2026-04-06 19:47:32.709866+00	OLD	SEALED_MIST	0	0	0	0	0	0	1
2026-04-06 19:47:32.709866+00	NEW	IDLE	0	0	0	0	0	0	0
2026-04-06 19:48:32.865432+00	OLD	SEALED_MIST	0	0	0	0	0	0	1
2026-04-06 19:48:32.865432+00	NEW	IDLE	0	0	0	0	0	0	0
2026-04-06 19:56:34.237452+00	OLD	SEALED_MIST	0	0	0	0	0	0	0
2026-04-06 19:56:34.237452+00	NEW	IDLE	0	0	0	0	0	0	0
2026-04-06 19:57:34.391292+00	OLD	SEALED_MIST	0	0	0	0	0	0	1
2026-04-06 19:57:34.391292+00	NEW	IDLE	0	0	0	0	0	0	0
2026-04-06 19:59:34.770037+00	OLD	SEALED_MIST	0	0	0	0	0	0	0
2026-04-06 19:59:34.770037+00	NEW	IDLE	0	0	0	0	0	0	0
2026-04-06 20:00:34.95172+00	OLD	SEALED_MIST	0	0	0	0	0	0	1
2026-04-06 20:00:34.95172+00	NEW	IDLE	0	0	0	0	0	0	0
2026-04-06 20:01:35.161294+00	OLD	SEALED_MIST	0	0	0	0	0	0	1
2026-04-06 20:01:35.161294+00	NEW	IDLE	0	0	0	0	0	0	0
2026-04-06 20:02:35.311062+00	OLD	SEALED_MIST	0	0	0	0	0	0	1
2026-04-06 20:02:35.311062+00	NEW	IDLE	0	0	0	0	0	0	0
2026-04-06 20:03:35.485427+00	OLD	SEALED_MIST	0	0	0	0	0	0	1
2026-04-06 20:03:35.485427+00	NEW	IDLE	0	0	0	0	0	0	0
2026-04-06 20:04:35.620865+00	OLD	SEALED_MIST	0	0	0	0	0	0	1
2026-04-06 20:04:35.620865+00	NEW	IDLE	0	0	0	0	0	0	0
2026-04-06 20:05:35.764407+00	OLD	SEALED_MIST	0	0	0	0	0	0	2
2026-04-06 20:05:35.764407+00	NEW	IDLE	0	0	0	0	0	0	0
2026-04-06 20:06:35.924586+00	OLD	SEALED_MIST	0	0	0	0	0	0	2
2026-04-06 20:06:35.924586+00	NEW	IDLE	0	0	0	0	0	0	0
2026-04-06 20:07:36.081096+00	OLD	SEALED_MIST	0	0	0	0	0	0	2
2026-04-06 20:07:36.081096+00	NEW	IDLE	0	0	0	0	0	0	0
2026-04-06 20:20:37.724101+00	OLD	SEALED_MIST	0	0	0	0	0	0	0
2026-04-06 20:20:37.724101+00	NEW	IDLE	0	0	0	0	0	0	0
2026-04-06 20:21:37.903827+00	OLD	SEALED_MIST	0	0	0	0	0	0	1
2026-04-06 20:21:37.903827+00	NEW	IDLE	0	0	0	0	0	0	0
2026-04-06 20:22:38.095504+00	OLD	SEALED_MIST	0	0	0	0	0	0	1
2026-04-06 20:22:38.095504+00	NEW	IDLE	0	0	0	0	0	0	0
2026-04-06 20:23:38.263208+00	OLD	SEALED_MIST	0	0	0	0	0	0	1
2026-04-06 20:23:38.263208+00	NEW	IDLE	0	0	0	0	0	0	0
2026-04-06 20:24:38.45879+00	OLD	SEALED_MIST	0	0	0	0	0	0	1
2026-04-06 20:24:38.45879+00	NEW	IDLE	0	0	0	0	0	0	0
2026-04-06 20:25:38.659447+00	OLD	SEALED_MIST	0	0	0	0	0	0	1
2026-04-06 20:25:38.659447+00	NEW	IDLE	0	0	0	0	0	0	0
2026-04-06 20:26:38.825235+00	OLD	SEALED_MIST	0	0	0	0	0	0	2
2026-04-06 20:26:38.825235+00	NEW	IDLE	0	0	0	0	0	0	0
2026-04-06 20:27:38.954659+00	OLD	SEALED_MIST	0	0	0	0	0	0	2
2026-04-06 20:27:38.954659+00	NEW	IDLE	0	0	0	0	0	0	0
2026-04-06 20:28:39.120503+00	OLD	SEALED_MIST	0	0	0	0	0	0	2
2026-04-06 20:28:39.120503+00	NEW	IDLE	0	0	0	0	0	0	0
2026-04-06 20:39:40.968212+00	OLD	SEALED_MIST	0	0	0	0	0	0	0
2026-04-06 20:39:40.968212+00	NEW	IDLE	0	0	0	0	0	0	0
2026-04-06 20:40:41.140003+00	OLD	SEALED_MIST	0	0	0	0	0	0	1
2026-04-06 20:40:41.140003+00	NEW	IDLE	0	0	0	0	0	0	0
2026-04-06 20:41:41.286241+00	OLD	SEALED_MIST	0	0	0	0	0	0	1
2026-04-06 20:41:41.286241+00	NEW	IDLE	0	0	0	0	0	0	0
2026-04-06 20:42:41.448275+00	OLD	SEALED_MIST	0	0	0	0	0	0	1
2026-04-06 20:42:41.448275+00	NEW	IDLE	0	0	0	0	0	0	0
2026-04-06 20:43:41.595314+00	OLD	SEALED_MIST	0	0	0	0	0	0	1
2026-04-06 20:43:41.595314+00	NEW	IDLE	0	0	0	0	0	0	0
2026-04-06 20:44:41.735376+00	OLD	SEALED_MIST	0	0	0	0	0	0	1
2026-04-06 20:44:41.735376+00	NEW	IDLE	0	0	0	0	0	0	0
2026-04-06 20:45:41.936262+00	OLD	SEALED_MIST	0	0	0	0	0	0	2
2026-04-06 20:45:41.936262+00	NEW	IDLE	0	0	0	0	0	0	0
2026-04-06 20:46:42.108373+00	OLD	SEALED_MIST	0	0	0	0	0	0	2
2026-04-06 20:46:42.108373+00	NEW	IDLE	0	0	0	0	0	0	0
2026-04-06 20:47:42.22416+00	OLD	SEALED_MIST	0	0	0	0	0	0	2
2026-04-06 20:47:42.22416+00	NEW	IDLE	0	0	0	0	0	0	0
2026-04-06 20:58:43.948951+00	OLD	SEALED_MIST	0	0	0	0	0	0	0
2026-04-06 20:58:43.948951+00	NEW	IDLE	0	0	0	0	0	0	0
2026-04-06 20:59:44.107537+00	OLD	SEALED_MIST	0	0	0	0	0	0	1
2026-04-06 20:59:44.107537+00	NEW	IDLE	0	0	0	0	0	0	0
2026-04-06 21:00:44.260847+00	OLD	SEALED_MIST	0	0	0	0	0	0	1
2026-04-06 21:00:44.260847+00	NEW	IDLE	0	0	0	0	0	0	0
2026-04-06 21:01:44.406449+00	OLD	SEALED_MIST	0	0	0	0	0	0	1
2026-04-06 21:01:44.406449+00	NEW	IDLE	0	0	0	0	0	0	0
2026-04-06 21:02:44.558462+00	OLD	SEALED_MIST	0	0	0	0	0	0	1
2026-04-06 21:02:44.558462+00	NEW	IDLE	0	0	0	0	0	0	0
2026-04-06 21:03:44.739855+00	OLD	SEALED_MIST	0	0	0	0	0	0	1
2026-04-06 21:03:44.739855+00	NEW	IDLE	0	0	0	0	0	0	0
2026-04-06 21:04:44.900027+00	OLD	SEALED_MIST	0	0	0	0	0	0	2
2026-04-06 21:04:44.900027+00	NEW	IDLE	0	0	0	0	0	0	0
2026-04-06 21:05:45.062145+00	OLD	SEALED_MIST	0	0	0	0	0	0	2
2026-04-06 21:05:45.062145+00	NEW	IDLE	0	0	0	0	0	0	0
2026-04-06 21:06:45.231853+00	OLD	SEALED_MIST	0	0	0	0	0	0	2
2026-04-06 21:06:45.231853+00	NEW	IDLE	0	0	0	0	0	0	0
2026-04-06 21:17:47.101227+00	OLD	SEALED_MIST	0	0	0	0	0	0	0
2026-04-06 21:17:47.101227+00	NEW	IDLE	0	0	0	0	0	0	0
2026-04-06 21:18:47.265266+00	OLD	SEALED_MIST	0	0	0	0	0	0	1
2026-04-06 21:18:47.265266+00	NEW	IDLE	0	0	0	0	0	0	0
2026-04-06 21:19:47.428197+00	OLD	SEALED_MIST	0	0	0	0	0	0	1
2026-04-06 21:19:47.428197+00	NEW	IDLE	0	0	0	0	0	0	0
2026-04-06 21:20:47.58872+00	OLD	SEALED_MIST	0	0	0	0	0	0	1
2026-04-06 21:20:47.58872+00	NEW	IDLE	0	0	0	0	0	0	0
2026-04-06 21:21:47.746423+00	OLD	SEALED_MIST	0	0	0	0	0	0	1
2026-04-06 21:21:47.746423+00	NEW	IDLE	0	0	0	0	0	0	0
2026-04-06 21:22:47.867374+00	OLD	SEALED_MIST	0	0	0	0	0	0	1
2026-04-06 21:22:47.867374+00	NEW	IDLE	0	0	0	0	0	0	0
2026-04-06 21:23:47.99967+00	OLD	SEALED_MIST	0	0	0	0	0	0	2
2026-04-06 21:23:47.99967+00	NEW	IDLE	0	0	0	0	0	0	0
2026-04-06 21:24:48.121428+00	OLD	SEALED_MIST	0	0	0	0	0	0	2
2026-04-06 21:24:48.121428+00	NEW	IDLE	0	0	0	0	0	0	0
2026-04-06 21:25:48.297638+00	OLD	SEALED_MIST	0	0	0	0	0	0	2
2026-04-06 21:25:48.297638+00	NEW	IDLE	0	0	0	0	0	0	0
2026-04-06 21:36:50.143766+00	OLD	SEALED_MIST	0	0	0	0	0	0	0
2026-04-06 21:36:50.143766+00	NEW	IDLE	0	0	0	0	0	0	0
2026-04-06 21:37:50.314237+00	OLD	SEALED_MIST	0	0	0	0	0	0	1
2026-04-06 21:37:50.314237+00	NEW	IDLE	0	0	0	0	0	0	0
2026-04-06 21:38:50.484655+00	OLD	SEALED_MIST	0	0	0	0	0	0	1
2026-04-06 21:38:50.484655+00	NEW	IDLE	0	0	0	0	0	0	0
2026-04-06 21:39:50.659124+00	OLD	SEALED_MIST	0	0	0	0	0	0	1
2026-04-06 21:39:50.659124+00	NEW	IDLE	0	0	0	0	0	0	0
2026-04-06 21:40:50.814901+00	OLD	SEALED_MIST	0	0	0	0	0	0	1
2026-04-06 21:40:50.814901+00	NEW	IDLE	0	0	0	0	0	0	0
2026-04-06 21:41:50.999269+00	OLD	SEALED_MIST	0	0	0	0	0	0	1
2026-04-06 21:41:50.999269+00	NEW	IDLE	0	0	0	0	0	0	0
2026-04-06 21:42:51.1667+00	OLD	SEALED_MIST	0	0	0	0	0	0	2
2026-04-06 21:42:51.1667+00	NEW	IDLE	0	0	0	0	0	0	0
2026-04-06 21:43:51.325392+00	OLD	SEALED_MIST	0	0	0	0	0	0	2
2026-04-06 21:43:51.325392+00	NEW	IDLE	0	0	0	0	0	0	0
2026-04-06 21:44:51.503554+00	OLD	SEALED_MIST	0	0	0	0	0	0	2
2026-04-06 21:44:51.503554+00	NEW	IDLE	0	0	0	0	0	0	0
2026-04-06 21:55:53.326411+00	OLD	SEALED_MIST	0	0	0	0	0	0	0
2026-04-06 21:55:53.326411+00	NEW	IDLE	0	0	0	0	0	0	0
2026-04-06 21:56:53.490963+00	OLD	SEALED_MIST	0	0	0	0	0	0	1
2026-04-06 21:56:53.490963+00	NEW	IDLE	0	0	0	0	0	0	0
2026-04-06 21:57:53.66149+00	OLD	SEALED_MIST	0	0	0	0	0	0	1
2026-04-06 21:57:53.66149+00	NEW	IDLE	0	0	0	0	0	0	0
2026-04-06 21:58:53.799069+00	OLD	SEALED_MIST	0	0	0	0	0	0	1
2026-04-06 21:58:53.799069+00	NEW	IDLE	0	0	0	0	0	0	0
2026-04-06 21:59:53.936672+00	OLD	SEALED_MIST	0	0	0	0	0	0	1
2026-04-06 21:59:53.936672+00	NEW	IDLE	0	0	0	0	0	0	0
2026-04-07 18:01:20.105476+00	OLD	SEALED_MIST	1	0	0	0	0	0	3
2026-04-07 18:01:20.105476+00	NEW	IDLE	0	0	0	0	0	0	0
2026-04-07 18:02:20.239033+00	OLD	SEALED_MIST	1	0	0	0	0	0	3
2026-04-07 18:02:20.239033+00	NEW	IDLE	0	0	0	0	0	0	0
2026-04-07 18:03:20.340742+00	OLD	SEALED_MIST	0	0	0	0	0	0	2
2026-04-07 18:03:20.340742+00	NEW	IDLE	0	0	0	0	0	0	0
2026-04-07 18:04:20.402551+00	OLD	SEALED_MIST	0	0	0	0	0	0	2
2026-04-07 18:04:20.402551+00	NEW	IDLE	0	0	0	0	0	0	0
2026-04-07 18:05:20.518721+00	OLD	SEALED_MIST	0	0	0	0	0	0	2
2026-04-07 18:05:20.518721+00	NEW	IDLE	0	0	0	0	0	0	0
2026-04-07 18:08:20.880889+00	OLD	SEALED_MIST	0	0	0	0	0	0	0
2026-04-07 18:08:20.880889+00	NEW	IDLE	0	0	0	0	0	0	0
2026-04-07 18:09:21.004902+00	OLD	SEALED_MIST	0	0	0	0	0	0	1
2026-04-07 18:09:21.004902+00	NEW	IDLE	0	0	0	0	0	0	0
2026-04-07 18:18:21.926412+00	OLD	SEALED_MIST	0	0	0	0	0	0	0
2026-04-07 18:18:21.926412+00	NEW	IDLE	0	0	0	0	0	0	0
2026-04-07 18:19:22.22962+00	OLD	SEALED_MIST	1	0	0	0	0	0	3
2026-04-07 18:19:22.22962+00	NEW	IDLE	0	0	0	0	0	0	0
2026-04-07 18:20:22.400949+00	OLD	SEALED_MIST	0	0	0	0	0	0	2
2026-04-07 18:20:22.400949+00	NEW	IDLE	0	0	0	0	0	0	0
2026-04-07 18:21:22.541005+00	OLD	SEALED_MIST	0	0	0	0	0	0	2
2026-04-07 18:21:22.541005+00	NEW	IDLE	0	0	0	0	0	0	0
2026-04-07 18:22:22.693611+00	OLD	SEALED_MIST	0	0	0	0	0	0	2
2026-04-07 18:22:22.693611+00	NEW	IDLE	0	0	0	0	0	0	0
2026-04-07 18:23:22.799453+00	OLD	SEALED_MIST	0	0	0	0	0	0	2
2026-04-07 18:23:22.799453+00	NEW	IDLE	0	0	0	0	0	0	0
2026-04-07 18:24:22.914584+00	OLD	SEALED_MIST	0	0	0	0	0	0	2
2026-04-07 18:24:22.914584+00	NEW	IDLE	0	0	0	0	0	0	0
2026-04-07 18:25:23.098708+00	OLD	SEALED_MIST	1	0	0	0	0	0	3
2026-04-07 18:25:23.098708+00	NEW	IDLE	0	0	0	0	0	0	0
2026-04-07 18:26:23.259946+00	OLD	SEALED_MIST	1	0	0	0	0	0	3
2026-04-07 18:26:23.259946+00	NEW	IDLE	0	0	0	0	0	0	0
2026-04-07 18:35:24.537923+00	OLD	SEALED_MIST	1	0	0	0	0	0	3
2026-04-07 18:35:24.537923+00	NEW	IDLE	0	0	0	0	0	0	0
2026-04-07 18:35:49.472768+00	OLD	SEALED_MIST	1	0	0	0	0	0	3
2026-04-07 18:35:49.472768+00	NEW	IDLE	0	0	0	0	0	0	0
2026-04-07 18:45:51.179232+00	OLD	SEALED_MIST	1	0	0	0	0	0	3
2026-04-07 18:45:51.179232+00	NEW	IDLE	0	0	0	0	0	0	0
2026-04-07 18:46:51.342431+00	OLD	SEALED_MIST	0	0	0	0	0	0	2
2026-04-07 18:46:51.342431+00	NEW	IDLE	0	0	0	0	0	0	0
2026-04-07 18:47:51.489299+00	OLD	SEALED_MIST	0	0	0	0	0	0	2
2026-04-07 18:47:51.489299+00	NEW	IDLE	0	0	0	0	0	0	0
2026-04-07 18:48:29.371511+00	OLD	SEALED_MIST	0	0	0	0	0	0	2
2026-04-07 18:48:29.371511+00	NEW	IDLE	0	0	0	0	0	0	0
2026-04-07 18:49:29.611467+00	OLD	SEALED_MIST	0	0	0	0	0	0	2
2026-04-07 18:49:29.611467+00	NEW	IDLE	0	0	0	0	0	0	0
2026-04-07 18:50:29.742738+00	OLD	SEALED_MIST	0	0	0	0	0	0	2
2026-04-07 18:50:29.742738+00	NEW	IDLE	0	0	0	0	0	0	0
2026-04-07 18:51:29.895224+00	OLD	SEALED_MIST	0	0	0	0	0	0	2
2026-04-07 18:51:29.895224+00	NEW	IDLE	0	0	0	0	0	0	0
2026-04-07 18:52:30.075778+00	OLD	SEALED_MIST	0	0	0	0	0	0	2
2026-04-07 18:52:30.075778+00	NEW	IDLE	0	0	0	0	0	0	0
2026-04-07 18:53:30.215867+00	OLD	SEALED_MIST	1	0	0	0	0	0	3
2026-04-07 18:53:30.215867+00	NEW	IDLE	0	0	0	0	0	0	0
2026-04-07 18:54:30.349061+00	OLD	SEALED_MIST	1	0	0	0	0	0	3
2026-04-07 18:54:30.349061+00	NEW	IDLE	0	0	0	0	0	0	0
2026-04-07 19:07:28.332244+00	OLD	SEALED_MIST	0	0	0	0	0	0	0
2026-04-07 19:07:28.332244+00	NEW	IDLE	0	0	0	0	0	0	0
2026-04-07 19:08:28.481372+00	OLD	SEALED_MIST	0	0	0	0	0	0	1
2026-04-07 19:08:28.481372+00	NEW	IDLE	0	0	0	0	0	0	0
2026-04-07 19:09:28.647169+00	OLD	SEALED_MIST	0	0	0	0	0	0	1
2026-04-07 19:09:28.647169+00	NEW	IDLE	0	0	0	0	0	0	0
2026-04-07 19:10:28.794499+00	OLD	SEALED_MIST	0	0	0	0	0	0	1
2026-04-07 19:10:28.794499+00	NEW	IDLE	0	0	0	0	0	0	0
2026-04-07 19:11:28.94439+00	OLD	SEALED_MIST	0	0	0	0	0	0	1
2026-04-07 19:11:28.94439+00	NEW	IDLE	0	0	0	0	0	0	0
2026-04-07 19:12:29.086865+00	OLD	SEALED_MIST	0	0	0	0	0	0	1
2026-04-07 19:12:29.086865+00	NEW	IDLE	0	0	0	0	0	0	0
2026-04-07 19:13:29.204549+00	OLD	SEALED_MIST	0	0	0	0	0	0	2
2026-04-07 19:13:29.204549+00	NEW	IDLE	0	0	0	0	0	0	0
2026-04-07 19:14:29.341879+00	OLD	SEALED_MIST	0	0	0	0	0	0	2
2026-04-07 19:14:29.341879+00	NEW	IDLE	0	0	0	0	0	0	0
2026-04-07 19:21:30.307243+00	OLD	SEALED_MIST	0	0	0	0	0	0	0
2026-04-07 19:21:30.307243+00	NEW	IDLE	0	0	0	0	0	0	0
2026-04-07 19:22:30.47641+00	OLD	SEALED_MIST	0	0	0	0	0	0	1
2026-04-07 19:22:30.47641+00	NEW	IDLE	0	0	0	0	0	0	0
2026-04-07 19:23:30.653772+00	OLD	SEALED_MIST	0	0	0	0	0	0	1
2026-04-07 19:23:30.653772+00	NEW	IDLE	0	0	0	0	0	0	0
2026-04-07 19:24:30.810646+00	OLD	SEALED_MIST	0	0	0	0	0	0	1
2026-04-07 19:24:30.810646+00	NEW	IDLE	0	0	0	0	0	0	0
2026-04-07 19:28:40.62029+00	OLD	SEALED_MIST	0	0	0	0	0	0	0
2026-04-07 19:28:40.62029+00	NEW	IDLE	0	0	0	0	0	0	0
2026-04-07 19:29:40.852056+00	OLD	SEALED_MIST	0	0	0	0	0	0	1
2026-04-07 19:29:40.852056+00	NEW	IDLE	0	0	0	0	0	0	0
2026-04-07 19:30:41.006901+00	OLD	SEALED_MIST	0	0	0	0	0	0	1
2026-04-07 19:30:41.006901+00	NEW	IDLE	0	0	0	0	0	0	0
2026-04-07 19:31:41.129152+00	OLD	SEALED_MIST	0	0	0	0	0	0	1
2026-04-07 19:31:41.129152+00	NEW	IDLE	0	0	0	0	0	0	0
2026-04-07 19:35:41.701643+00	OLD	SEALED_MIST	0	0	0	0	0	0	0
2026-04-07 19:35:41.701643+00	NEW	IDLE	0	0	0	0	0	0	0
2026-04-07 19:36:41.860757+00	OLD	SEALED_MIST	0	0	0	0	0	0	1
2026-04-07 19:36:41.860757+00	NEW	IDLE	0	0	0	0	0	0	0
2026-04-07 19:37:42.073443+00	OLD	SEALED_MIST	0	0	0	0	0	0	1
2026-04-07 19:37:42.073443+00	NEW	IDLE	0	0	0	0	0	0	0
2026-04-07 19:38:42.196154+00	OLD	SEALED_MIST	0	0	0	0	0	0	1
2026-04-07 19:38:42.196154+00	NEW	IDLE	0	0	0	0	0	0	0
2026-04-07 19:42:42.791554+00	OLD	SEALED_MIST	0	0	0	0	0	0	0
2026-04-07 19:42:42.791554+00	NEW	IDLE	0	0	0	0	0	0	0
2026-04-07 19:43:42.916981+00	OLD	SEALED_MIST	0	0	0	0	0	0	1
2026-04-07 19:43:42.916981+00	NEW	IDLE	0	0	0	0	0	0	0
2026-04-07 19:44:43.054223+00	OLD	SEALED_MIST	0	0	0	0	0	0	1
2026-04-07 19:44:43.054223+00	NEW	IDLE	0	0	0	0	0	0	0
2026-04-07 19:45:43.205532+00	OLD	SEALED_MIST	0	0	0	0	0	0	1
2026-04-07 19:45:43.205532+00	NEW	IDLE	0	0	0	0	0	0	0
2026-04-07 19:46:43.320321+00	OLD	SEALED_MIST	0	0	0	0	0	0	1
2026-04-07 19:46:43.320321+00	NEW	IDLE	0	0	0	0	0	0	0
2026-04-07 19:47:43.467592+00	OLD	SEALED_MIST	0	0	0	0	0	0	1
2026-04-07 19:47:43.467592+00	NEW	IDLE	0	0	0	0	0	0	0
2026-04-07 19:48:43.599553+00	OLD	SEALED_MIST	0	0	0	0	0	0	2
2026-04-07 19:48:43.599553+00	NEW	IDLE	0	0	0	0	0	0	0
2026-04-07 19:52:44.157538+00	OLD	SEALED_MIST	0	0	0	0	0	0	0
2026-04-07 19:52:44.157538+00	NEW	IDLE	0	0	0	0	0	0	0
2026-04-07 19:53:44.300098+00	OLD	SEALED_MIST	0	0	0	0	0	0	1
2026-04-07 19:53:44.300098+00	NEW	IDLE	0	0	0	0	0	0	0
2026-04-07 20:00:45.317872+00	OLD	SEALED_MIST	0	0	0	0	0	0	0
2026-04-07 20:00:45.317872+00	NEW	IDLE	0	0	0	0	0	0	0
2026-04-07 20:01:45.558141+00	OLD	SEALED_MIST	0	0	0	0	0	0	1
2026-04-07 20:01:45.558141+00	NEW	IDLE	0	0	0	0	0	0	0
2026-04-07 20:02:45.676904+00	OLD	SEALED_MIST	0	0	0	0	0	0	1
2026-04-07 20:02:45.676904+00	NEW	IDLE	0	0	0	0	0	0	0
2026-04-07 20:03:45.795878+00	OLD	SEALED_MIST	0	0	0	0	0	0	1
2026-04-07 20:03:45.795878+00	NEW	IDLE	0	0	0	0	0	0	0
2026-04-07 20:04:46.186879+00	OLD	SEALED_MIST	0	0	0	0	0	0	1
2026-04-07 20:04:46.186879+00	NEW	IDLE	0	0	0	0	0	0	0
2026-04-07 20:05:46.342038+00	OLD	SEALED_MIST	0	0	0	0	0	0	1
2026-04-07 20:05:46.342038+00	NEW	IDLE	0	0	0	0	0	0	0
2026-04-07 20:14:47.452898+00	OLD	SEALED_MIST	0	0	0	0	0	0	0
2026-04-07 20:14:47.452898+00	NEW	IDLE	0	0	0	0	0	0	0
2026-04-07 20:15:47.570602+00	OLD	SEALED_MIST	0	0	0	0	0	0	1
2026-04-07 20:15:47.570602+00	NEW	IDLE	0	0	0	0	0	0	0
2026-04-07 20:20:48.205921+00	OLD	SEALED_MIST	0	0	0	0	0	0	0
2026-04-07 20:20:48.205921+00	NEW	IDLE	0	0	0	0	0	0	0
2026-04-07 20:21:48.328014+00	OLD	SEALED_MIST	0	0	0	0	0	0	1
2026-04-07 20:21:48.328014+00	NEW	IDLE	0	0	0	0	0	0	0
2026-04-07 20:36:50.422705+00	OLD	SEALED_MIST	0	0	0	0	0	0	0
2026-04-07 20:36:50.422705+00	NEW	IDLE	0	0	0	0	0	0	0
2026-04-07 20:37:50.57749+00	OLD	SEALED_MIST	0	0	0	0	0	0	1
2026-04-07 20:37:50.57749+00	NEW	IDLE	0	0	0	0	0	0	0
2026-04-07 20:38:50.730787+00	OLD	SEALED_MIST	0	0	0	0	0	0	1
2026-04-07 20:38:50.730787+00	NEW	IDLE	0	0	0	0	0	0	0
2026-04-07 20:39:50.854023+00	OLD	SEALED_MIST	0	0	0	0	0	0	1
2026-04-07 20:39:50.854023+00	NEW	IDLE	0	0	0	0	0	0	0
2026-04-07 20:40:50.980663+00	OLD	SEALED_MIST	0	0	0	0	0	0	1
2026-04-07 20:40:50.980663+00	NEW	IDLE	0	0	0	0	0	0	0
2026-04-07 20:41:51.114709+00	OLD	SEALED_MIST	0	0	0	0	0	0	1
2026-04-07 20:41:51.114709+00	NEW	IDLE	0	0	0	0	0	0	0
2026-04-07 20:45:51.722494+00	OLD	SEALED_MIST	0	0	0	0	0	0	0
2026-04-07 20:45:51.722494+00	NEW	IDLE	0	0	0	0	0	0	0
2026-04-07 20:46:51.838135+00	OLD	SEALED_MIST	0	0	0	0	0	0	1
2026-04-07 20:46:51.838135+00	NEW	IDLE	0	0	0	0	0	0	0
2026-04-07 20:47:51.976253+00	OLD	SEALED_MIST	0	0	0	0	0	0	1
2026-04-07 20:47:51.976253+00	NEW	IDLE	0	0	0	0	0	0	0
2026-04-07 20:48:52.105045+00	OLD	SEALED_MIST	0	0	0	0	0	0	1
2026-04-07 20:48:52.105045+00	NEW	IDLE	0	0	0	0	0	0	0
2026-04-07 20:49:52.22527+00	OLD	SEALED_MIST	0	0	0	0	0	0	1
2026-04-07 20:49:52.22527+00	NEW	IDLE	0	0	0	0	0	0	0
2026-04-07 20:50:52.348495+00	OLD	SEALED_MIST	0	0	0	0	0	0	1
2026-04-07 20:50:52.348495+00	NEW	IDLE	0	0	0	0	0	0	0
2026-04-07 20:51:52.470737+00	OLD	SEALED_MIST	0	0	0	0	0	0	2
2026-04-07 20:51:52.470737+00	NEW	IDLE	0	0	0	0	0	0	0
2026-04-07 20:52:52.59632+00	OLD	SEALED_MIST	0	0	0	0	0	0	2
2026-04-07 20:52:52.59632+00	NEW	IDLE	0	0	0	0	0	0	0
2026-04-07 20:53:52.783832+00	OLD	SEALED_MIST	0	0	0	0	0	0	2
2026-04-07 20:53:52.783832+00	NEW	IDLE	0	0	0	0	0	0	0
2026-04-07 20:58:53.657558+00	OLD	SEALED_MIST	0	0	0	0	0	0	0
2026-04-07 20:58:53.657558+00	NEW	IDLE	0	0	0	0	0	0	0
2026-04-07 20:59:53.827617+00	OLD	SEALED_MIST	0	0	0	0	0	0	1
2026-04-07 20:59:53.827617+00	NEW	IDLE	0	0	0	0	0	0	0
2026-04-07 21:00:53.993886+00	OLD	SEALED_MIST	0	0	0	0	0	0	1
2026-04-07 21:00:53.993886+00	NEW	IDLE	0	0	0	0	0	0	0
2026-04-07 21:01:54.121182+00	OLD	SEALED_MIST	0	0	0	0	0	0	1
2026-04-07 21:01:54.121182+00	NEW	IDLE	0	0	0	0	0	0	0
2026-04-07 21:02:54.26191+00	OLD	SEALED_MIST	0	0	0	0	0	0	1
2026-04-07 21:02:54.26191+00	NEW	IDLE	0	0	0	0	0	0	0
2026-04-07 21:03:54.424268+00	OLD	SEALED_MIST	0	0	0	0	0	0	1
2026-04-07 21:03:54.424268+00	NEW	IDLE	0	0	0	0	0	0	0
2026-04-07 21:04:54.559894+00	OLD	SEALED_MIST	0	0	0	0	0	0	2
2026-04-07 21:04:54.559894+00	NEW	IDLE	0	0	0	0	0	0	0
2026-04-07 21:08:55.042309+00	OLD	SEALED_MIST	0	0	0	0	0	0	0
2026-04-07 21:08:55.042309+00	NEW	IDLE	0	0	0	0	0	0	0
2026-04-07 21:09:55.170913+00	OLD	SEALED_MIST	0	0	0	0	0	0	1
2026-04-07 21:09:55.170913+00	NEW	IDLE	0	0	0	0	0	0	0
2026-04-07 21:10:55.312197+00	OLD	SEALED_MIST	0	0	0	0	0	0	1
2026-04-07 21:10:55.312197+00	NEW	IDLE	0	0	0	0	0	0	0
2026-04-07 21:11:55.473524+00	OLD	SEALED_MIST	0	0	0	0	0	0	1
2026-04-07 21:11:55.473524+00	NEW	IDLE	0	0	0	0	0	0	0
2026-04-07 21:12:55.606026+00	OLD	SEALED_MIST	0	0	0	0	0	0	1
2026-04-07 21:12:55.606026+00	NEW	IDLE	0	0	0	0	0	0	0
2026-04-07 21:13:55.751639+00	OLD	SEALED_MIST	0	0	0	0	0	0	1
2026-04-07 21:13:55.751639+00	NEW	IDLE	0	0	0	0	0	0	0
2026-04-07 21:14:55.938579+00	OLD	SEALED_MIST	0	0	0	0	0	0	2
2026-04-07 21:14:55.938579+00	NEW	IDLE	0	0	0	0	0	0	0
2026-04-07 21:15:56.077273+00	OLD	SEALED_MIST	0	0	0	0	0	0	2
2026-04-07 21:15:56.077273+00	NEW	IDLE	0	0	0	0	0	0	0
2026-04-07 21:16:56.205829+00	OLD	SEALED_MIST	0	0	0	0	0	0	2
2026-04-07 21:16:56.205829+00	NEW	IDLE	0	0	0	0	0	0	0
2026-04-07 21:29:58.200935+00	OLD	SEALED_MIST	0	0	0	0	0	0	0
2026-04-07 21:29:58.200935+00	NEW	IDLE	0	0	0	0	0	0	0
2026-04-07 21:30:58.363025+00	OLD	SEALED_MIST	0	0	0	0	0	0	1
2026-04-07 21:30:58.363025+00	NEW	IDLE	0	0	0	0	0	0	0
2026-04-07 21:40:59.707526+00	OLD	SEALED_MIST	0	0	0	0	0	0	0
2026-04-07 21:40:59.707526+00	NEW	IDLE	0	0	0	0	0	0	0
2026-04-07 21:41:59.876345+00	OLD	SEALED_MIST	0	0	0	0	0	0	1
2026-04-07 21:41:59.876345+00	NEW	IDLE	0	0	0	0	0	0	0
2026-04-07 21:43:00.034395+00	OLD	SEALED_MIST	0	0	0	0	0	0	1
2026-04-07 21:43:00.034395+00	NEW	IDLE	0	0	0	0	0	0	0
2026-04-07 21:44:00.172545+00	OLD	SEALED_MIST	0	0	0	0	0	0	1
2026-04-07 21:44:00.172545+00	NEW	IDLE	0	0	0	0	0	0	0
2026-04-07 21:45:00.315827+00	OLD	SEALED_MIST	0	0	0	0	0	0	1
2026-04-07 21:45:00.315827+00	NEW	IDLE	0	0	0	0	0	0	0
2026-04-08 00:08:09.565+00	OLD	VENTILATE	1	1	1	1	0	0	0
2026-04-08 00:08:09.565+00	NEW	VENTILATE	0	1	1	1	0	0	0
2026-04-08 00:09:09.709385+00	OLD	VENTILATE	1	1	1	1	0	0	0
2026-04-08 00:09:09.709385+00	NEW	VENTILATE	0	1	1	1	0	0	0
2026-04-08 00:10:09.867816+00	OLD	VENTILATE	1	1	1	1	0	0	0
2026-04-08 00:10:09.867816+00	NEW	VENTILATE	0	1	1	1	0	0	0
2026-04-08 00:11:10.002566+00	OLD	VENTILATE	1	1	1	1	0	0	0
2026-04-08 00:11:10.002566+00	NEW	VENTILATE	0	1	1	1	0	0	0
2026-04-08 00:12:10.182382+00	OLD	VENTILATE	1	1	1	1	0	0	0
2026-04-08 00:12:10.182382+00	NEW	VENTILATE	0	1	1	1	0	0	0
2026-04-08 00:13:10.309994+00	OLD	VENTILATE	1	1	1	0	0	0	0
2026-04-08 00:13:10.309994+00	NEW	VENTILATE	0	1	1	0	0	0	0
2026-04-08 00:14:10.437568+00	OLD	VENTILATE	1	1	1	0	0	0	0
2026-04-08 00:14:10.437568+00	NEW	VENTILATE	0	1	1	0	0	0	0
2026-04-08 00:15:10.590088+00	OLD	VENTILATE	1	1	1	0	0	0	0
2026-04-08 00:15:10.590088+00	NEW	VENTILATE	0	1	1	0	0	0	0
2026-04-08 00:16:10.80725+00	OLD	VENTILATE	1	1	1	0	0	0	0
2026-04-08 00:16:10.80725+00	NEW	VENTILATE	0	1	1	0	0	0	0
2026-04-08 00:17:10.921275+00	OLD	VENTILATE	1	1	1	0	0	0	0
2026-04-08 00:17:10.921275+00	NEW	VENTILATE	0	1	1	0	0	0	0
2026-04-08 00:18:11.067037+00	OLD	VENTILATE	1	1	1	0	0	0	0
2026-04-08 00:18:11.067037+00	NEW	VENTILATE	0	1	1	0	0	0	0
2026-04-08 00:19:11.185517+00	OLD	VENTILATE	1	1	1	0	0	0	0
2026-04-08 00:19:11.185517+00	NEW	VENTILATE	0	1	1	0	0	0	0
2026-04-08 00:20:11.31153+00	OLD	VENTILATE	1	1	1	0	0	0	0
2026-04-08 00:20:11.31153+00	NEW	VENTILATE	0	1	1	0	0	0	0
2026-04-08 00:21:11.434372+00	OLD	VENTILATE	1	1	1	0	0	0	0
2026-04-08 00:21:11.434372+00	NEW	VENTILATE	0	1	1	0	0	0	0
2026-04-08 00:22:11.557122+00	OLD	VENTILATE	1	1	1	0	0	0	0
2026-04-08 00:22:11.557122+00	NEW	VENTILATE	0	1	1	0	0	0	0
2026-04-08 00:23:11.698676+00	OLD	VENTILATE	1	1	1	0	0	0	0
2026-04-08 00:23:11.698676+00	NEW	VENTILATE	0	1	1	0	0	0	0
2026-04-08 00:24:11.835158+00	OLD	VENTILATE	1	1	1	0	0	0	0
2026-04-08 00:24:11.835158+00	NEW	VENTILATE	0	1	1	0	0	0	0
2026-04-08 00:25:11.966386+00	OLD	VENTILATE	1	1	1	0	0	0	0
2026-04-08 00:25:11.966386+00	NEW	VENTILATE	0	1	1	0	0	0	0
2026-04-08 18:09:28.372445+00	OLD	SEALED_MIST	0	0	0	0	1	1	0
2026-04-08 18:09:28.372445+00	NEW	IDLE	0	0	0	0	1	1	0
2026-04-08 18:10:28.486866+00	OLD	SEALED_MIST	0	0	0	0	1	1	1
2026-04-08 18:10:28.486866+00	NEW	IDLE	0	0	0	0	1	1	0
2026-04-08 18:11:28.621788+00	OLD	SEALED_MIST	0	0	0	0	1	1	1
2026-04-08 18:11:28.621788+00	NEW	IDLE	0	0	0	0	1	1	0
2026-04-08 18:12:28.761848+00	OLD	SEALED_MIST	0	0	0	0	1	1	1
2026-04-08 18:12:28.761848+00	NEW	IDLE	0	0	0	0	1	1	0
2026-04-08 18:13:28.892419+00	OLD	SEALED_MIST	0	0	0	0	1	1	1
2026-04-08 18:13:28.892419+00	NEW	IDLE	0	0	0	0	1	1	0
2026-04-08 18:14:29.049087+00	OLD	SEALED_MIST	0	0	0	0	1	1	1
2026-04-08 18:14:29.049087+00	NEW	IDLE	0	0	0	0	1	1	0
2026-04-08 18:15:29.210616+00	OLD	SEALED_MIST	0	0	0	0	1	1	2
2026-04-08 18:15:29.210616+00	NEW	IDLE	0	0	0	0	1	1	0
2026-04-08 18:16:29.3399+00	OLD	SEALED_MIST	0	0	0	0	1	1	2
2026-04-08 18:16:29.3399+00	NEW	IDLE	0	0	0	0	1	1	0
2026-04-08 18:17:29.471886+00	OLD	SEALED_MIST	0	0	0	0	1	1	2
2026-04-08 18:17:29.471886+00	NEW	IDLE	0	0	0	0	1	1	0
2026-04-08 18:35:31.807826+00	OLD	SEALED_MIST	0	0	0	0	1	1	0
2026-04-08 18:35:31.807826+00	NEW	IDLE	0	0	0	0	1	1	0
2026-04-08 18:36:31.963516+00	OLD	SEALED_MIST	0	0	0	0	1	1	1
2026-04-08 18:36:31.963516+00	NEW	IDLE	0	0	0	0	1	1	0
2026-04-08 18:37:32.111867+00	OLD	SEALED_MIST	0	0	0	0	1	1	1
2026-04-08 18:37:32.111867+00	NEW	IDLE	0	0	0	0	1	1	0
2026-04-08 18:38:32.258062+00	OLD	SEALED_MIST	0	0	0	0	1	1	1
2026-04-08 18:38:32.258062+00	NEW	IDLE	0	0	0	0	1	1	0
2026-04-08 18:39:32.385326+00	OLD	SEALED_MIST	0	0	0	0	1	1	1
2026-04-08 18:39:32.385326+00	NEW	IDLE	0	0	0	0	1	1	0
2026-04-08 18:40:32.511457+00	OLD	SEALED_MIST	0	0	0	0	1	1	1
2026-04-08 18:40:32.511457+00	NEW	IDLE	0	0	0	0	1	1	0
2026-04-08 18:41:32.640109+00	OLD	SEALED_MIST	0	0	0	0	1	1	2
2026-04-08 18:41:32.640109+00	NEW	IDLE	0	0	0	0	1	1	0
2026-04-08 18:42:32.803587+00	OLD	SEALED_MIST	0	0	0	0	1	1	2
2026-04-08 18:42:32.803587+00	NEW	IDLE	0	0	0	0	1	1	0
2026-04-08 18:43:32.938365+00	OLD	SEALED_MIST	0	0	0	0	1	1	2
2026-04-08 18:43:32.938365+00	NEW	IDLE	0	0	0	0	1	1	0
2026-04-08 18:54:34.428753+00	OLD	SEALED_MIST	0	0	0	0	1	0	0
2026-04-08 18:54:34.428753+00	NEW	IDLE	0	0	0	0	1	0	0
2026-04-08 18:55:34.577778+00	OLD	SEALED_MIST	0	0	0	0	1	0	1
2026-04-08 18:55:34.577778+00	NEW	IDLE	0	0	0	0	1	0	0
2026-04-08 18:56:34.714353+00	OLD	SEALED_MIST	0	0	0	0	1	0	1
2026-04-08 18:56:34.714353+00	NEW	IDLE	0	0	0	0	1	0	0
2026-04-08 18:57:34.842221+00	OLD	SEALED_MIST	0	0	0	0	1	0	1
2026-04-08 18:57:34.842221+00	NEW	IDLE	0	0	0	0	1	0	0
2026-04-08 18:58:34.963915+00	OLD	SEALED_MIST	0	0	0	0	1	0	1
2026-04-08 18:58:34.963915+00	NEW	IDLE	0	0	0	0	1	0	0
2026-04-08 18:59:35.111994+00	OLD	SEALED_MIST	0	0	0	0	1	0	1
2026-04-08 18:59:35.111994+00	NEW	IDLE	0	0	0	0	1	0	0
2026-04-08 19:04:35.96804+00	OLD	SEALED_MIST	0	0	0	0	1	0	0
2026-04-08 19:04:35.96804+00	NEW	IDLE	0	0	0	0	1	0	0
2026-04-08 19:05:36.083369+00	OLD	SEALED_MIST	0	0	0	0	0	0	1
2026-04-08 19:05:36.083369+00	NEW	IDLE	0	0	0	0	0	0	0
2026-04-08 19:06:36.228312+00	OLD	SEALED_MIST	0	0	0	0	0	0	1
2026-04-08 19:06:36.228312+00	NEW	IDLE	0	0	0	0	0	0	0
2026-04-08 19:07:36.345918+00	OLD	SEALED_MIST	0	0	0	0	0	0	1
2026-04-08 19:07:36.345918+00	NEW	IDLE	0	0	0	0	0	0	0
2026-04-08 19:08:36.501507+00	OLD	SEALED_MIST	0	0	0	0	0	0	1
2026-04-08 19:08:36.501507+00	NEW	IDLE	0	0	0	0	0	0	0
2026-04-08 19:09:36.672426+00	OLD	SEALED_MIST	0	0	0	0	0	0	1
2026-04-08 19:09:36.672426+00	NEW	IDLE	0	0	0	0	0	0	0
2026-04-08 19:10:36.825295+00	OLD	SEALED_MIST	0	0	0	0	0	0	2
2026-04-08 19:10:36.825295+00	NEW	IDLE	0	0	0	0	0	0	0
2026-04-08 19:11:36.98106+00	OLD	SEALED_MIST	0	0	0	0	0	0	2
2026-04-08 19:11:36.98106+00	NEW	IDLE	0	0	0	0	0	0	0
2026-04-08 19:12:37.109134+00	OLD	SEALED_MIST	0	0	0	0	0	0	2
2026-04-08 19:12:37.109134+00	NEW	IDLE	0	0	0	0	0	0	0
2026-04-08 21:32:59.222983+00	OLD	SEALED_MIST	0	0	0	0	0	0	0
2026-04-08 21:32:59.222983+00	NEW	IDLE	0	0	0	0	0	0	0
2026-04-08 21:33:59.363477+00	OLD	SEALED_MIST	0	0	0	0	0	0	1
2026-04-08 21:33:59.363477+00	NEW	IDLE	0	0	0	0	0	0	0
2026-04-08 21:34:59.501734+00	OLD	SEALED_MIST	0	0	0	0	0	0	1
2026-04-08 21:34:59.501734+00	NEW	IDLE	0	0	0	0	0	0	0
2026-04-08 21:35:59.651261+00	OLD	SEALED_MIST	0	0	0	0	0	0	1
2026-04-08 21:35:59.651261+00	NEW	IDLE	0	0	0	0	0	0	0
2026-04-08 21:36:59.801533+00	OLD	SEALED_MIST	0	0	0	0	0	0	1
2026-04-08 21:36:59.801533+00	NEW	IDLE	0	0	0	0	0	0	0
2026-04-08 21:37:59.949225+00	OLD	SEALED_MIST	0	0	0	0	0	0	1
2026-04-08 21:37:59.949225+00	NEW	IDLE	0	0	0	0	0	0	0
2026-04-08 21:39:00.067608+00	OLD	SEALED_MIST	0	0	0	0	0	0	2
2026-04-08 21:39:00.067608+00	NEW	IDLE	0	0	0	0	0	0	0
2026-04-08 21:51:01.831+00	OLD	SEALED_MIST	0	0	0	0	0	0	0
2026-04-08 21:51:01.831+00	NEW	IDLE	0	0	0	0	0	0	0
2026-04-08 21:52:01.993781+00	OLD	SEALED_MIST	0	0	0	0	0	0	1
2026-04-08 21:52:01.993781+00	NEW	IDLE	0	0	0	0	0	0	0
2026-04-08 21:53:02.172905+00	OLD	SEALED_MIST	0	0	0	0	0	0	1
2026-04-08 21:53:02.172905+00	NEW	IDLE	0	0	0	0	0	0	0
2026-04-08 21:54:02.319051+00	OLD	SEALED_MIST	0	0	0	0	0	0	1
2026-04-08 21:54:02.319051+00	NEW	IDLE	0	0	0	0	0	0	0
2026-04-08 21:59:02.994461+00	OLD	SEALED_MIST	0	0	0	0	0	0	0
2026-04-08 21:59:02.994461+00	NEW	IDLE	0	0	0	0	0	0	0
2026-04-09 00:07:32.994592+00	OLD	SEALED_MIST	0	0	0	0	0	0	0
2026-04-09 00:07:32.994592+00	NEW	IDLE	0	0	0	0	0	0	0
2026-04-09 00:13:33.979404+00	OLD	VENTILATE	1	1	1	0	0	0	0
2026-04-09 00:13:33.979404+00	NEW	VENTILATE	0	1	1	0	0	0	0
2026-04-09 00:14:34.140903+00	OLD	VENTILATE	1	1	1	0	0	0	0
2026-04-09 00:14:34.140903+00	NEW	VENTILATE	0	1	1	0	0	0	0
2026-04-09 00:16:34.432892+00	OLD	SEALED_MIST	0	0	0	0	0	0	0
2026-04-09 00:16:34.432892+00	NEW	IDLE	0	0	0	0	0	0	0
2026-04-09 00:17:34.578733+00	OLD	SEALED_MIST	0	0	0	0	0	0	1
2026-04-09 00:17:34.578733+00	NEW	IDLE	0	0	0	0	0	0	0
2026-04-09 00:18:34.704421+00	OLD	SEALED_MIST	0	0	0	0	0	0	1
2026-04-09 00:18:34.704421+00	NEW	IDLE	0	0	0	0	0	0	0
2026-04-09 00:19:34.83116+00	OLD	SEALED_MIST	0	0	0	0	0	0	1
2026-04-09 00:19:34.83116+00	NEW	IDLE	0	0	0	0	0	0	0
2026-04-09 00:20:34.937929+00	OLD	SEALED_MIST	0	0	0	0	0	0	1
2026-04-09 00:20:34.937929+00	NEW	IDLE	0	0	0	0	0	0	0
2026-04-09 00:21:35.042163+00	OLD	SEALED_MIST	0	0	0	0	0	0	1
2026-04-09 00:21:35.042163+00	NEW	IDLE	0	0	0	0	0	0	0
2026-04-09 00:22:35.156158+00	OLD	SEALED_MIST	0	0	0	0	0	0	2
2026-04-09 00:22:35.156158+00	NEW	IDLE	0	0	0	0	0	0	0
2026-04-09 00:23:35.261816+00	OLD	SEALED_MIST	0	0	0	0	0	0	2
2026-04-09 00:23:35.261816+00	NEW	IDLE	0	0	0	0	0	0	0
2026-04-09 00:24:35.375157+00	OLD	SEALED_MIST	0	0	0	0	0	0	2
2026-04-09 00:24:35.375157+00	NEW	IDLE	0	0	0	0	0	0	0
2026-04-09 00:26:35.602607+00	OLD	SEALED_MIST	0	0	0	0	0	0	0
2026-04-09 00:26:35.602607+00	NEW	IDLE	0	0	0	0	0	0	0
2026-04-09 00:27:35.721196+00	OLD	SEALED_MIST	0	0	0	0	0	0	1
2026-04-09 00:27:35.721196+00	NEW	IDLE	0	0	0	0	0	0	0
2026-04-09 00:28:35.844733+00	OLD	SEALED_MIST	0	0	0	0	0	0	1
2026-04-09 00:28:35.844733+00	NEW	IDLE	0	0	0	0	0	0	0
2026-04-09 00:31:36.213225+00	OLD	SEALED_MIST	0	0	0	0	1	0	0
2026-04-09 00:31:36.213225+00	NEW	IDLE	0	0	0	0	1	0	0
2026-04-09 00:32:36.323989+00	OLD	SEALED_MIST	0	0	0	0	1	0	1
2026-04-09 00:32:36.323989+00	NEW	IDLE	0	0	0	0	1	0	0
2026-04-09 00:33:36.434645+00	OLD	SEALED_MIST	0	0	0	0	1	0	1
2026-04-09 00:33:36.434645+00	NEW	IDLE	0	0	0	0	1	0	0
2026-04-09 00:34:36.553521+00	OLD	SEALED_MIST	0	0	0	0	1	0	1
2026-04-09 00:34:36.553521+00	NEW	IDLE	0	0	0	0	1	0	0
2026-04-09 00:35:36.715979+00	OLD	SEALED_MIST	0	0	0	0	1	0	1
2026-04-09 00:35:36.715979+00	NEW	IDLE	0	0	0	0	1	0	0
2026-04-09 00:36:36.888963+00	OLD	SEALED_MIST	0	0	0	0	1	0	1
2026-04-09 00:36:36.888963+00	NEW	IDLE	0	0	0	0	1	0	0
2026-04-09 00:38:37.159491+00	OLD	SEALED_MIST	0	0	0	0	1	1	0
2026-04-09 00:38:37.159491+00	NEW	IDLE	0	0	0	0	1	1	0
2026-04-09 00:39:20.720352+00	OLD	SEALED_MIST	0	0	0	0	1	1	1
2026-04-09 00:39:20.720352+00	NEW	IDLE	0	0	0	0	1	1	0
2026-04-09 18:00:40.381043+00	OLD	SEALED_MIST	0	0	0	0	0	0	1
2026-04-09 18:00:40.381043+00	NEW	IDLE	0	0	0	0	0	0	0
2026-04-09 18:01:40.506998+00	OLD	SEALED_MIST	0	0	0	0	0	0	1
2026-04-09 18:01:40.506998+00	NEW	IDLE	0	0	0	0	0	0	0
2026-04-09 18:02:40.630973+00	OLD	SEALED_MIST	0	0	0	0	0	0	1
2026-04-09 18:02:40.630973+00	NEW	IDLE	0	0	0	0	0	0	0
2026-04-09 18:03:40.734022+00	OLD	SEALED_MIST	0	0	0	0	0	0	1
2026-04-09 18:03:40.734022+00	NEW	IDLE	0	0	0	0	0	0	0
2026-04-09 18:05:41.001869+00	OLD	VENTILATE	1	1	1	0	0	0	0
2026-04-09 18:05:41.001869+00	NEW	VENTILATE	0	1	1	0	0	0	0
2026-04-09 18:06:41.135201+00	OLD	VENTILATE	1	1	1	0	0	0	0
2026-04-09 18:06:41.135201+00	NEW	VENTILATE	0	1	1	0	0	0	0
2026-04-09 18:07:41.276248+00	OLD	VENTILATE	1	1	1	0	0	0	0
2026-04-09 18:07:41.276248+00	NEW	VENTILATE	0	1	1	0	0	0	0
2026-04-09 18:08:41.402174+00	OLD	VENTILATE	1	1	1	0	0	0	0
2026-04-09 18:08:41.402174+00	NEW	VENTILATE	0	1	1	0	0	0	0
2026-04-09 18:09:41.559127+00	OLD	SEALED_MIST	1	0	0	0	0	0	3
2026-04-09 18:09:41.559127+00	NEW	IDLE	0	0	0	0	0	0	0
2026-04-09 18:10:41.727545+00	OLD	SEALED_MIST	0	0	0	0	0	0	2
2026-04-09 18:10:41.727545+00	NEW	IDLE	0	0	0	0	0	0	0
2026-04-09 18:11:41.881652+00	OLD	SEALED_MIST	1	0	0	0	0	0	3
2026-04-09 18:11:41.881652+00	NEW	IDLE	0	0	0	0	0	0	0
2026-04-09 18:12:42.037703+00	OLD	SEALED_MIST	0	0	0	0	0	0	2
2026-04-09 18:12:42.037703+00	NEW	IDLE	0	0	0	0	0	0	0
2026-04-09 18:13:42.19836+00	OLD	SEALED_MIST	1	0	0	0	0	0	3
2026-04-09 18:13:42.19836+00	NEW	IDLE	0	0	0	0	0	0	0
2026-04-09 18:14:42.348135+00	OLD	SEALED_MIST	0	0	0	0	0	0	2
2026-04-09 18:14:42.348135+00	NEW	IDLE	0	0	0	0	0	0	0
2026-04-09 18:19:43.097793+00	OLD	SEALED_MIST	0	0	0	0	0	0	0
2026-04-09 18:19:43.097793+00	NEW	IDLE	0	0	0	0	0	0	0
2026-04-09 18:20:43.247527+00	OLD	SEALED_MIST	0	0	0	0	0	0	1
2026-04-09 18:20:43.247527+00	NEW	IDLE	0	0	0	0	0	0	0
2026-04-09 18:22:43.582888+00	OLD	VENTILATE	1	1	1	1	0	0	0
2026-04-09 18:22:43.582888+00	NEW	VENTILATE	0	1	1	1	0	0	0
2026-04-09 18:23:43.723745+00	OLD	VENTILATE	1	1	1	0	0	0	0
2026-04-09 18:23:43.723745+00	NEW	VENTILATE	0	1	1	0	0	0	0
2026-04-09 18:24:43.841445+00	OLD	VENTILATE	1	1	1	0	0	0	0
2026-04-09 18:24:43.841445+00	NEW	VENTILATE	0	1	1	0	0	0	0
2026-04-09 18:25:43.960943+00	OLD	VENTILATE	1	1	1	0	0	0	0
2026-04-09 18:25:43.960943+00	NEW	VENTILATE	0	1	1	0	0	0	0
2026-04-09 18:26:44.081483+00	OLD	VENTILATE	1	1	1	0	0	0	0
2026-04-09 18:26:44.081483+00	NEW	VENTILATE	0	1	1	0	0	0	0
2026-04-09 18:27:44.229646+00	OLD	VENTILATE	1	1	1	0	0	0	0
2026-04-09 18:27:44.229646+00	NEW	VENTILATE	0	1	1	0	0	0	0
2026-04-09 18:28:44.367337+00	OLD	VENTILATE	1	1	1	0	0	0	0
2026-04-09 18:28:44.367337+00	NEW	VENTILATE	0	1	1	0	0	0	0
2026-04-09 18:29:44.510689+00	OLD	VENTILATE	1	1	1	0	0	0	0
2026-04-09 18:29:44.510689+00	NEW	VENTILATE	0	1	1	0	0	0	0
2026-04-09 18:30:44.71005+00	OLD	VENTILATE	1	1	1	0	0	0	0
2026-04-09 18:30:44.71005+00	NEW	VENTILATE	0	1	1	0	0	0	0
2026-04-09 18:31:44.845529+00	OLD	VENTILATE	1	1	1	0	0	0	0
2026-04-09 18:31:44.845529+00	NEW	VENTILATE	0	1	1	0	0	0	0
2026-04-09 18:32:44.988662+00	OLD	VENTILATE	1	1	1	0	0	0	0
2026-04-09 18:32:44.988662+00	NEW	VENTILATE	0	1	1	0	0	0	0
2026-04-09 18:33:45.126157+00	OLD	VENTILATE	1	1	1	0	0	0	0
2026-04-09 18:33:45.126157+00	NEW	VENTILATE	0	1	1	0	0	0	0
2026-04-09 18:34:45.264882+00	OLD	VENTILATE	1	1	1	0	0	0	0
2026-04-09 18:34:45.264882+00	NEW	VENTILATE	0	1	1	0	0	0	0
2026-04-09 18:35:45.406721+00	OLD	VENTILATE	1	1	1	0	0	0	0
2026-04-09 18:35:45.406721+00	NEW	VENTILATE	0	1	1	0	0	0	0
2026-04-09 18:36:45.534257+00	OLD	VENTILATE	1	1	1	0	0	0	0
2026-04-09 18:36:45.534257+00	NEW	VENTILATE	0	1	1	0	0	0	0
2026-04-09 18:37:45.690547+00	OLD	VENTILATE	1	1	1	0	0	0	0
2026-04-09 18:37:45.690547+00	NEW	VENTILATE	0	1	1	0	0	0	0
2026-04-09 18:38:45.833063+00	OLD	VENTILATE	1	1	1	0	0	0	0
2026-04-09 18:38:45.833063+00	NEW	VENTILATE	0	1	1	0	0	0	0
2026-04-09 18:39:45.986263+00	OLD	VENTILATE	1	1	1	0	0	0	0
2026-04-09 18:39:45.986263+00	NEW	VENTILATE	0	1	1	0	0	0	0
2026-04-09 18:40:46.1213+00	OLD	VENTILATE	1	1	1	0	0	0	0
2026-04-09 18:40:46.1213+00	NEW	VENTILATE	0	1	1	0	0	0	0
2026-04-09 18:41:46.257466+00	OLD	VENTILATE	1	1	1	0	0	0	0
2026-04-09 18:41:46.257466+00	NEW	VENTILATE	0	1	1	0	0	0	0
2026-04-09 18:42:46.386664+00	OLD	VENTILATE	1	1	1	0	0	0	0
2026-04-09 18:42:46.386664+00	NEW	VENTILATE	0	1	1	0	0	0	0
2026-04-09 18:43:46.533572+00	OLD	VENTILATE	1	1	1	0	0	0	0
2026-04-09 18:43:46.533572+00	NEW	VENTILATE	0	1	1	0	0	0	0
2026-04-09 18:44:46.689207+00	OLD	VENTILATE	1	1	1	0	0	0	0
2026-04-09 18:44:46.689207+00	NEW	VENTILATE	0	1	1	0	0	0	0
2026-04-09 18:45:46.847347+00	OLD	VENTILATE	1	1	1	0	0	0	0
2026-04-09 18:45:46.847347+00	NEW	VENTILATE	0	1	1	0	0	0	0
2026-04-09 18:46:46.987468+00	OLD	VENTILATE	1	1	1	0	0	0	0
2026-04-09 18:46:46.987468+00	NEW	VENTILATE	0	1	1	0	0	0	0
2026-04-09 18:47:47.118346+00	OLD	VENTILATE	1	1	1	0	0	0	0
2026-04-09 18:47:47.118346+00	NEW	VENTILATE	0	1	1	0	0	0	0
2026-04-09 18:48:47.238363+00	OLD	VENTILATE	1	1	1	0	0	0	0
2026-04-09 18:48:47.238363+00	NEW	VENTILATE	0	1	1	0	0	0	0
2026-04-09 18:49:47.363487+00	OLD	VENTILATE	1	1	1	0	0	0	0
2026-04-09 18:49:47.363487+00	NEW	VENTILATE	0	1	1	0	0	0	0
2026-04-09 18:50:47.503795+00	OLD	VENTILATE	1	1	1	0	0	0	0
2026-04-09 18:50:47.503795+00	NEW	VENTILATE	0	1	1	0	0	0	0
2026-04-09 18:51:47.632493+00	OLD	VENTILATE	1	1	1	0	0	0	0
2026-04-09 18:51:47.632493+00	NEW	VENTILATE	0	1	1	0	0	0	0
2026-04-09 18:52:47.75404+00	OLD	VENTILATE	1	1	1	0	0	0	0
2026-04-09 18:52:47.75404+00	NEW	VENTILATE	0	1	1	0	0	0	0
2026-04-09 18:53:47.869028+00	OLD	VENTILATE	1	1	1	0	0	0	0
2026-04-09 18:53:47.869028+00	NEW	VENTILATE	0	1	1	0	0	0	0
2026-04-09 18:54:47.972507+00	OLD	VENTILATE	1	1	1	0	0	0	0
2026-04-09 18:54:47.972507+00	NEW	VENTILATE	0	1	1	0	0	0	0
2026-04-09 18:55:48.080899+00	OLD	VENTILATE	1	1	1	0	0	0	0
2026-04-09 18:55:48.080899+00	NEW	VENTILATE	0	1	1	0	0	0	0
2026-04-09 18:56:48.194362+00	OLD	VENTILATE	1	1	1	0	0	0	0
2026-04-09 18:56:48.194362+00	NEW	VENTILATE	0	1	1	0	0	0	0
2026-04-09 18:57:48.321406+00	OLD	VENTILATE	1	1	1	0	0	0	0
2026-04-09 18:57:48.321406+00	NEW	VENTILATE	0	1	1	0	0	0	0
2026-04-09 18:58:48.447376+00	OLD	VENTILATE	1	1	1	0	0	0	0
2026-04-09 18:58:48.447376+00	NEW	VENTILATE	0	1	1	0	0	0	0
2026-04-09 18:59:48.556094+00	OLD	VENTILATE	1	1	1	0	0	0	0
2026-04-09 18:59:48.556094+00	NEW	VENTILATE	0	1	1	0	0	0	0
2026-04-09 19:42:55.347431+00	OLD	SEALED_MIST	0	0	0	0	0	0	0
2026-04-09 19:42:55.347431+00	NEW	IDLE	0	0	0	0	0	0	0
2026-04-09 19:43:55.489326+00	OLD	SEALED_MIST	0	0	0	0	0	0	1
2026-04-09 19:43:55.489326+00	NEW	IDLE	0	0	0	0	0	0	0
2026-04-09 19:44:55.645044+00	OLD	SEALED_MIST	0	0	0	0	0	0	1
2026-04-09 19:44:55.645044+00	NEW	IDLE	0	0	0	0	0	0	0
2026-04-09 19:49:56.356931+00	OLD	SEALED_MIST	0	0	0	0	0	0	0
2026-04-09 19:49:56.356931+00	NEW	IDLE	0	0	0	0	0	0	0
2026-04-09 19:50:56.510955+00	OLD	SEALED_MIST	0	0	0	0	0	0	1
2026-04-09 19:50:56.510955+00	NEW	IDLE	0	0	0	0	0	0	0
2026-04-09 19:51:56.632434+00	OLD	SEALED_MIST	0	0	0	0	0	0	1
2026-04-09 19:51:56.632434+00	NEW	IDLE	0	0	0	0	0	0	0
2026-04-09 19:52:56.785418+00	OLD	SEALED_MIST	0	0	0	0	0	0	1
2026-04-09 19:52:56.785418+00	NEW	IDLE	0	0	0	0	0	0	0
2026-04-09 19:53:56.931478+00	OLD	SEALED_MIST	0	0	0	0	0	0	1
2026-04-09 19:53:56.931478+00	NEW	IDLE	0	0	0	0	0	0	0
2026-04-09 19:54:57.08898+00	OLD	SEALED_MIST	0	0	0	0	0	0	1
2026-04-09 19:54:57.08898+00	NEW	IDLE	0	0	0	0	0	0	0
2026-04-09 19:55:57.261287+00	OLD	SEALED_MIST	0	0	0	0	0	0	2
2026-04-09 19:55:57.261287+00	NEW	IDLE	0	0	0	0	0	0	0
2026-04-09 19:56:57.402496+00	OLD	SEALED_MIST	0	0	0	0	0	0	2
2026-04-09 19:56:57.402496+00	NEW	IDLE	0	0	0	0	0	0	0
2026-04-09 19:57:57.531676+00	OLD	SEALED_MIST	0	0	0	0	0	0	2
2026-04-09 19:57:57.531676+00	NEW	IDLE	0	0	0	0	0	0	0
2026-04-09 20:08:59.58976+00	OLD	SEALED_MIST	0	0	0	0	0	0	0
2026-04-09 20:08:59.58976+00	NEW	IDLE	0	0	0	0	0	0	0
2026-04-09 20:09:59.72658+00	OLD	SEALED_MIST	0	0	0	0	0	0	1
2026-04-09 20:09:59.72658+00	NEW	IDLE	0	0	0	0	0	0	0
2026-04-09 20:10:59.845043+00	OLD	SEALED_MIST	0	0	0	0	0	0	1
2026-04-09 20:10:59.845043+00	NEW	IDLE	0	0	0	0	0	0	0
2026-04-09 20:11:59.987178+00	OLD	SEALED_MIST	0	0	0	0	0	0	1
2026-04-09 20:11:59.987178+00	NEW	IDLE	0	0	0	0	0	0	0
2026-04-09 20:13:00.115595+00	OLD	SEALED_MIST	0	0	0	0	0	0	1
2026-04-09 20:13:00.115595+00	NEW	IDLE	0	0	0	0	0	0	0
2026-04-09 20:14:00.238405+00	OLD	SEALED_MIST	0	0	0	0	0	0	1
2026-04-09 20:14:00.238405+00	NEW	IDLE	0	0	0	0	0	0	0
2026-04-09 20:15:00.371844+00	OLD	SEALED_MIST	0	0	0	0	0	0	2
2026-04-09 20:15:00.371844+00	NEW	IDLE	0	0	0	0	0	0	0
2026-04-09 20:16:00.497863+00	OLD	SEALED_MIST	0	0	0	0	0	0	2
2026-04-09 20:16:00.497863+00	NEW	IDLE	0	0	0	0	0	0	0
2026-04-09 20:17:00.644949+00	OLD	SEALED_MIST	0	0	0	0	0	0	2
2026-04-09 20:17:00.644949+00	NEW	IDLE	0	0	0	0	0	0	0
2026-04-09 20:28:02.245331+00	OLD	SEALED_MIST	0	0	0	0	1	0	0
2026-04-09 20:28:02.245331+00	NEW	IDLE	0	0	0	0	1	0	0
2026-04-09 20:29:02.412655+00	OLD	SEALED_MIST	0	0	0	0	1	0	1
2026-04-09 20:29:02.412655+00	NEW	IDLE	0	0	0	0	1	0	0
2026-04-09 20:30:02.57922+00	OLD	SEALED_MIST	0	0	0	0	1	0	1
2026-04-09 20:30:02.57922+00	NEW	IDLE	0	0	0	0	1	0	0
2026-04-09 20:31:02.721322+00	OLD	SEALED_MIST	0	0	0	0	1	0	1
2026-04-09 20:31:02.721322+00	NEW	IDLE	0	0	0	0	1	0	0
2026-04-09 20:32:02.837947+00	OLD	SEALED_MIST	0	0	0	0	1	0	1
2026-04-09 20:32:02.837947+00	NEW	IDLE	0	0	0	0	1	0	0
2026-04-09 20:33:02.964263+00	OLD	SEALED_MIST	0	0	0	0	1	0	1
2026-04-09 20:33:02.964263+00	NEW	IDLE	0	0	0	0	1	0	0
2026-04-09 20:34:03.087696+00	OLD	SEALED_MIST	0	0	0	0	1	0	2
2026-04-09 20:34:03.087696+00	NEW	IDLE	0	0	0	0	1	0	0
2026-04-09 20:35:03.200649+00	OLD	SEALED_MIST	0	0	0	0	1	0	2
2026-04-09 20:35:03.200649+00	NEW	IDLE	0	0	0	0	1	0	0
2026-04-09 20:36:03.306391+00	OLD	SEALED_MIST	0	0	0	0	1	0	2
2026-04-09 20:36:03.306391+00	NEW	IDLE	0	0	0	0	1	0	0
2026-04-09 20:47:04.679943+00	OLD	SEALED_MIST	0	0	0	0	1	0	0
2026-04-09 20:47:04.679943+00	NEW	IDLE	0	0	0	0	1	0	0
2026-04-09 20:48:04.798725+00	OLD	SEALED_MIST	0	0	0	0	0	0	1
2026-04-09 20:48:04.798725+00	NEW	IDLE	0	0	0	0	0	0	0
2026-04-09 20:49:04.940316+00	OLD	SEALED_MIST	0	0	0	0	0	0	1
2026-04-09 20:49:04.940316+00	NEW	IDLE	0	0	0	0	0	0	0
2026-04-09 20:50:05.130926+00	OLD	SEALED_MIST	0	0	0	0	0	0	1
2026-04-09 20:50:05.130926+00	NEW	IDLE	0	0	0	0	0	0	0
2026-04-09 20:51:05.265847+00	OLD	SEALED_MIST	0	0	0	0	0	0	1
2026-04-09 20:51:05.265847+00	NEW	IDLE	0	0	0	0	0	0	0
2026-04-09 20:52:05.391623+00	OLD	SEALED_MIST	0	0	0	0	0	0	1
2026-04-09 20:52:05.391623+00	NEW	IDLE	0	0	0	0	0	0	0
2026-04-09 20:53:05.535393+00	OLD	SEALED_MIST	0	0	0	0	0	0	2
2026-04-09 20:53:05.535393+00	NEW	IDLE	0	0	0	0	0	0	0
2026-04-09 20:54:05.675172+00	OLD	SEALED_MIST	0	0	0	0	0	0	2
2026-04-09 20:54:05.675172+00	NEW	IDLE	0	0	0	0	0	0	0
2026-04-09 20:55:05.819764+00	OLD	SEALED_MIST	0	0	0	0	0	0	2
2026-04-09 20:55:05.819764+00	NEW	IDLE	0	0	0	0	0	0	0
2026-04-09 21:06:11.700245+00	OLD	SEALED_MIST	0	0	0	0	0	0	0
2026-04-09 21:06:11.700245+00	NEW	IDLE	0	0	0	0	0	0	0
2026-04-09 21:12:12.626319+00	OLD	SEALED_MIST	0	0	0	0	0	0	0
2026-04-09 21:12:12.626319+00	NEW	IDLE	0	0	0	0	0	0	0
2026-04-09 21:13:12.793063+00	OLD	SEALED_MIST	0	0	0	0	0	0	1
2026-04-09 21:13:12.793063+00	NEW	IDLE	0	0	0	0	0	0	0
2026-04-09 21:14:12.956385+00	OLD	SEALED_MIST	0	0	0	0	0	0	1
2026-04-09 21:14:12.956385+00	NEW	IDLE	0	0	0	0	0	0	0
2026-04-09 21:34:15.818964+00	OLD	SEALED_MIST	0	0	0	0	0	0	0
2026-04-09 21:34:15.818964+00	NEW	IDLE	0	0	0	0	0	0	0
2026-04-09 21:35:15.937067+00	OLD	SEALED_MIST	0	0	0	0	0	0	1
2026-04-09 21:35:15.937067+00	NEW	IDLE	0	0	0	0	0	0	0
2026-04-09 21:36:16.076801+00	OLD	SEALED_MIST	0	0	0	0	0	0	1
2026-04-09 21:36:16.076801+00	NEW	IDLE	0	0	0	0	0	0	0
2026-04-09 21:43:17.07274+00	OLD	SEALED_MIST	0	0	0	0	0	0	0
2026-04-09 21:43:17.07274+00	NEW	IDLE	0	0	0	0	0	0	0
2026-04-09 21:44:17.260764+00	OLD	SEALED_MIST	0	0	0	0	0	0	1
2026-04-09 21:44:17.260764+00	NEW	IDLE	0	0	0	0	0	0	0
2026-04-09 21:45:17.43058+00	OLD	SEALED_MIST	0	0	0	0	0	0	1
2026-04-09 21:45:17.43058+00	NEW	IDLE	0	0	0	0	0	0	0
2026-04-10 00:00:26.438812+00	OLD	SEALED_MIST	0	0	0	0	0	0	0
2026-04-10 00:00:26.438812+00	NEW	IDLE	0	0	0	0	0	0	0
2026-04-10 00:01:26.615069+00	OLD	SEALED_MIST	0	0	0	0	0	0	1
2026-04-10 00:01:26.615069+00	NEW	IDLE	0	0	0	0	0	0	0
2026-04-10 00:01:53.706164+00	OLD	SEALED_MIST	0	0	0	0	0	0	1
2026-04-10 00:01:53.706164+00	NEW	IDLE	0	0	0	0	0	0	0
2026-04-10 00:02:53.91693+00	OLD	SEALED_MIST	0	0	0	0	0	0	1
2026-04-10 00:02:53.91693+00	NEW	IDLE	0	0	0	0	0	0	0
2026-04-10 00:03:54.009529+00	OLD	SEALED_MIST	0	0	0	0	0	0	1
2026-04-10 00:03:54.009529+00	NEW	IDLE	0	0	0	0	0	0	0
2026-04-10 00:04:54.530016+00	OLD	SEALED_MIST	0	0	0	0	0	0	1
2026-04-10 00:04:54.530016+00	NEW	IDLE	0	0	0	0	0	0	0
2026-04-10 00:05:54.675485+00	OLD	SEALED_MIST	0	0	0	0	0	0	1
2026-04-10 00:05:54.675485+00	NEW	IDLE	0	0	0	0	0	0	0
2026-04-10 00:06:54.790955+00	OLD	SEALED_MIST	0	0	0	0	0	0	2
2026-04-10 00:06:54.790955+00	NEW	IDLE	0	0	0	0	0	0	0
2026-04-10 00:17:56.363112+00	OLD	SEALED_MIST	0	0	0	0	0	0	0
2026-04-10 00:17:56.363112+00	NEW	IDLE	0	0	0	0	0	0	0
2026-04-10 00:18:56.520379+00	OLD	SEALED_MIST	0	0	0	0	0	0	1
2026-04-10 00:18:56.520379+00	NEW	IDLE	0	0	0	0	0	0	0
2026-04-10 00:19:56.663149+00	OLD	SEALED_MIST	0	0	0	0	0	0	1
2026-04-10 00:19:56.663149+00	NEW	IDLE	0	0	0	0	0	0	0
2026-04-10 00:20:56.782857+00	OLD	SEALED_MIST	0	0	0	0	0	0	1
2026-04-10 00:20:56.782857+00	NEW	IDLE	0	0	0	0	0	0	0
2026-04-10 00:21:56.910649+00	OLD	SEALED_MIST	0	0	0	0	0	0	1
2026-04-10 00:21:56.910649+00	NEW	IDLE	0	0	0	0	0	0	0
2026-04-10 00:22:57.030824+00	OLD	SEALED_MIST	0	0	0	0	0	0	1
2026-04-10 00:22:57.030824+00	NEW	IDLE	0	0	0	0	0	0	0
2026-04-10 00:23:57.13029+00	OLD	SEALED_MIST	0	0	0	0	0	0	2
2026-04-10 00:23:57.13029+00	NEW	IDLE	0	0	0	0	0	0	0
2026-04-10 00:24:57.231887+00	OLD	SEALED_MIST	0	0	0	0	0	0	2
2026-04-10 00:24:57.231887+00	NEW	IDLE	0	0	0	0	0	0	0
2026-04-10 00:25:57.308059+00	OLD	SEALED_MIST	0	0	0	0	0	0	2
2026-04-10 00:25:57.308059+00	NEW	IDLE	0	0	0	0	0	0	0
2026-04-10 00:33:58.09199+00	OLD	VENTILATE	1	1	1	0	0	0	0
2026-04-10 00:33:58.09199+00	NEW	VENTILATE	0	1	1	0	0	0	0
2026-04-10 00:34:58.19413+00	OLD	VENTILATE	1	1	1	0	0	0	0
2026-04-10 00:34:58.19413+00	NEW	VENTILATE	0	1	1	0	0	0	0
2026-04-10 00:36:58.401363+00	OLD	SEALED_MIST	0	0	0	0	0	0	0
2026-04-10 00:36:58.401363+00	NEW	IDLE	0	0	0	0	0	0	0
2026-04-10 00:37:58.51721+00	OLD	SEALED_MIST	0	0	0	0	0	0	1
2026-04-10 00:37:58.51721+00	NEW	IDLE	0	0	0	0	0	0	0
2026-04-10 00:38:58.656871+00	OLD	SEALED_MIST	0	0	0	0	0	0	1
2026-04-10 00:38:58.656871+00	NEW	IDLE	0	0	0	0	0	0	0
2026-04-10 00:39:58.769913+00	OLD	SEALED_MIST	0	0	0	0	0	0	1
2026-04-10 00:39:58.769913+00	NEW	IDLE	0	0	0	0	0	0	0
2026-04-10 00:40:58.876491+00	OLD	SEALED_MIST	0	0	0	0	0	0	1
2026-04-10 00:40:58.876491+00	NEW	IDLE	0	0	0	0	0	0	0
2026-04-10 00:41:59.006756+00	OLD	SEALED_MIST	0	0	0	0	0	0	1
2026-04-10 00:41:59.006756+00	NEW	IDLE	0	0	0	0	0	0	0
2026-04-10 00:42:59.108422+00	OLD	SEALED_MIST	0	0	0	0	0	0	2
2026-04-10 00:42:59.108422+00	NEW	IDLE	0	0	0	0	0	0	0
2026-04-10 00:43:59.234634+00	OLD	SEALED_MIST	0	0	0	0	0	0	2
2026-04-10 00:43:59.234634+00	NEW	IDLE	0	0	0	0	0	0	0
2026-04-10 00:44:59.337892+00	OLD	SEALED_MIST	0	0	0	0	0	0	2
2026-04-10 00:44:59.337892+00	NEW	IDLE	0	0	0	0	0	0	0
2026-04-10 01:04:01.408455+00	OLD	SEALED_MIST	0	0	0	0	0	0	0
2026-04-10 01:04:01.408455+00	NEW	IDLE	0	0	0	0	0	0	0
2026-04-10 01:05:01.494935+00	OLD	SEALED_MIST	0	0	0	0	0	0	1
2026-04-10 01:05:01.494935+00	NEW	IDLE	0	0	0	0	0	0	0
2026-04-10 01:06:01.588052+00	OLD	SEALED_MIST	0	0	0	0	0	0	1
2026-04-10 01:06:01.588052+00	NEW	IDLE	0	0	0	0	0	0	0
2026-04-10 01:07:01.67387+00	OLD	SEALED_MIST	0	0	0	0	0	0	1
2026-04-10 01:07:01.67387+00	NEW	IDLE	0	0	0	0	0	0	0
2026-04-10 01:08:01.771605+00	OLD	SEALED_MIST	0	0	0	0	0	0	1
2026-04-10 01:08:01.771605+00	NEW	IDLE	0	0	0	0	0	0	0
2026-04-10 01:09:01.860535+00	OLD	SEALED_MIST	0	0	0	0	0	0	1
2026-04-10 01:09:01.860535+00	NEW	IDLE	0	0	0	0	0	0	0
2026-04-10 01:10:01.969255+00	OLD	SEALED_MIST	0	0	0	0	0	0	2
2026-04-10 01:10:01.969255+00	NEW	IDLE	0	0	0	0	0	0	0
2026-04-10 01:11:02.054228+00	OLD	SEALED_MIST	0	0	0	0	0	0	2
2026-04-10 01:11:02.054228+00	NEW	IDLE	0	0	0	0	0	0	0
2026-04-10 01:12:02.135213+00	OLD	SEALED_MIST	0	0	0	0	0	0	2
2026-04-10 01:12:02.135213+00	NEW	IDLE	0	0	0	0	0	0	0
2026-04-10 01:23:03.209511+00	OLD	SEALED_MIST	0	0	0	0	0	0	0
2026-04-10 01:23:03.209511+00	NEW	IDLE	0	0	0	0	0	0	0
2026-04-10 01:24:03.315242+00	OLD	SEALED_MIST	0	0	0	0	0	0	1
2026-04-10 01:24:03.315242+00	NEW	IDLE	0	0	0	0	0	0	0
2026-04-10 01:25:03.405439+00	OLD	SEALED_MIST	0	0	0	0	0	0	1
2026-04-10 01:25:03.405439+00	NEW	IDLE	0	0	0	0	0	0	0
2026-04-10 01:26:03.494544+00	OLD	SEALED_MIST	0	0	0	0	0	0	1
2026-04-10 01:26:03.494544+00	NEW	IDLE	0	0	0	0	0	0	0
2026-04-10 01:27:03.587573+00	OLD	SEALED_MIST	0	0	0	0	0	0	1
2026-04-10 01:27:03.587573+00	NEW	IDLE	0	0	0	0	0	0	0
2026-04-10 01:28:03.712592+00	OLD	SEALED_MIST	0	0	0	0	0	0	1
2026-04-10 01:28:03.712592+00	NEW	IDLE	0	0	0	0	0	0	0
2026-04-10 01:29:03.788916+00	OLD	SEALED_MIST	0	0	0	0	0	0	2
2026-04-10 01:29:03.788916+00	NEW	IDLE	0	0	0	0	0	0	0
2026-04-10 01:30:03.873947+00	OLD	SEALED_MIST	0	0	0	0	0	0	2
2026-04-10 01:30:03.873947+00	NEW	IDLE	0	0	0	0	0	0	0
2026-04-10 01:31:04.155035+00	OLD	SEALED_MIST	0	0	0	0	0	0	2
2026-04-10 01:31:04.155035+00	NEW	IDLE	0	0	0	0	0	0	0
2026-04-10 01:43:01.263492+00	OLD	SEALED_MIST	0	0	0	0	1	0	0
2026-04-10 01:43:01.263492+00	NEW	IDLE	0	0	0	0	1	0	0
2026-04-10 01:44:01.359919+00	OLD	SEALED_MIST	0	0	0	0	1	0	1
2026-04-10 01:44:01.359919+00	NEW	IDLE	0	0	0	0	1	0	0
2026-04-10 01:45:01.470584+00	OLD	SEALED_MIST	0	0	0	0	1	0	1
2026-04-10 01:45:01.470584+00	NEW	IDLE	0	0	0	0	1	0	0
2026-04-10 01:46:01.624677+00	OLD	SEALED_MIST	0	0	0	0	1	0	1
2026-04-10 01:46:01.624677+00	NEW	IDLE	0	0	0	0	1	0	0
2026-04-10 01:47:01.769733+00	OLD	SEALED_MIST	0	0	0	0	1	0	1
2026-04-10 01:47:01.769733+00	NEW	IDLE	0	0	0	0	1	0	0
2026-04-10 01:48:01.950708+00	OLD	SEALED_MIST	0	0	0	0	1	0	1
2026-04-10 01:48:01.950708+00	NEW	IDLE	0	0	0	0	1	0	0
2026-04-10 01:49:02.117501+00	OLD	SEALED_MIST	0	0	0	0	1	0	2
2026-04-10 01:49:02.117501+00	NEW	IDLE	0	0	0	0	1	0	0
2026-04-10 01:50:02.308587+00	OLD	SEALED_MIST	0	0	0	0	1	0	2
2026-04-10 01:50:02.308587+00	NEW	IDLE	0	0	0	0	1	0	0
2026-04-10 01:51:02.517287+00	OLD	SEALED_MIST	0	0	0	0	1	0	2
2026-04-10 01:51:02.517287+00	NEW	IDLE	0	0	0	0	1	0	0
2026-04-10 02:02:50.20465+00	OLD	SEALED_MIST	0	0	0	0	1	1	0
2026-04-10 02:02:50.20465+00	NEW	IDLE	0	0	0	0	1	1	0
2026-04-10 02:03:50.354533+00	OLD	SEALED_MIST	0	0	0	0	1	1	1
2026-04-10 02:03:50.354533+00	NEW	IDLE	0	0	0	0	1	1	0
2026-04-10 02:04:50.482127+00	OLD	SEALED_MIST	0	0	0	0	1	1	1
2026-04-10 02:04:50.482127+00	NEW	IDLE	0	0	0	0	1	1	0
2026-04-10 02:05:50.625383+00	OLD	SEALED_MIST	0	0	0	0	1	0	1
2026-04-10 02:05:50.625383+00	NEW	IDLE	0	0	0	0	1	0	0
2026-04-10 02:06:50.75574+00	OLD	SEALED_MIST	0	0	0	0	1	0	1
2026-04-10 02:06:50.75574+00	NEW	IDLE	0	0	0	0	1	0	0
2026-04-10 02:07:50.909841+00	OLD	SEALED_MIST	0	0	0	0	0	0	1
2026-04-10 02:07:50.909841+00	NEW	IDLE	0	0	0	0	0	0	0
2026-04-10 02:08:51.078776+00	OLD	SEALED_MIST	0	0	0	0	0	0	2
2026-04-10 02:08:51.078776+00	NEW	IDLE	0	0	0	0	0	0	0
2026-04-10 02:09:51.230091+00	OLD	SEALED_MIST	0	0	0	0	0	0	2
2026-04-10 02:09:51.230091+00	NEW	IDLE	0	0	0	0	0	0	0
2026-04-10 02:10:51.363417+00	OLD	SEALED_MIST	0	0	0	0	0	0	2
2026-04-10 02:10:51.363417+00	NEW	IDLE	0	0	0	0	0	0	0
2026-04-10 02:32:54.981096+00	OLD	SEALED_MIST	0	0	0	0	0	0	0
2026-04-10 02:32:54.981096+00	NEW	IDLE	0	0	0	0	0	0	0
2026-04-10 02:35:55.477072+00	OLD	SEALED_MIST	0	0	0	0	0	0	0
2026-04-10 02:35:55.477072+00	NEW	IDLE	0	0	0	0	0	0	0
2026-04-10 02:36:55.633601+00	OLD	SEALED_MIST	0	0	0	0	0	0	1
2026-04-10 02:36:55.633601+00	NEW	IDLE	0	0	0	0	0	0	0
2026-04-10 02:38:55.940889+00	OLD	SEALED_MIST	0	0	0	0	0	0	0
2026-04-10 02:38:55.940889+00	NEW	IDLE	0	0	0	0	0	0	0
2026-04-10 02:41:56.430939+00	OLD	SEALED_MIST	0	0	0	0	0	0	0
2026-04-10 02:41:56.430939+00	NEW	IDLE	0	0	0	0	0	0	0
2026-04-10 03:53:49.648074+00	OLD	SEALED_MIST	0	0	0	0	1	0	0
2026-04-10 03:53:49.648074+00	NEW	IDLE	0	0	0	0	1	0	0
2026-04-10 03:54:49.746334+00	OLD	SEALED_MIST	0	0	0	0	1	0	1
2026-04-10 03:54:49.746334+00	NEW	IDLE	0	0	0	0	1	0	0
2026-04-10 03:55:49.855209+00	OLD	SEALED_MIST	0	0	0	0	1	0	1
2026-04-10 03:55:49.855209+00	NEW	IDLE	0	0	0	0	1	0	0
2026-04-10 03:57:50.062942+00	OLD	SEALED_MIST	0	0	0	0	1	0	0
2026-04-10 03:57:50.062942+00	NEW	IDLE	0	0	0	0	1	0	0
2026-04-10 03:59:28.646432+00	OLD	SEALED_MIST	0	0	0	0	1	0	1
2026-04-10 03:59:28.646432+00	NEW	IDLE	0	0	0	0	1	0	0
2026-04-10 04:10:30.705437+00	OLD	SEALED_MIST	0	0	0	0	0	0	0
2026-04-10 04:10:30.705437+00	NEW	IDLE	0	0	0	0	0	0	0
2026-04-10 04:11:01.618853+00	OLD	SEALED_MIST	0	0	0	0	0	0	1
2026-04-10 04:11:01.618853+00	NEW	IDLE	0	0	0	0	0	0	0
2026-04-10 04:12:01.771957+00	OLD	SEALED_MIST	0	0	0	0	0	0	1
2026-04-10 04:12:01.771957+00	NEW	IDLE	0	0	0	0	0	0	0
2026-04-10 04:15:02.099122+00	OLD	VENTILATE	1	1	1	0	0	0	0
2026-04-10 04:15:02.099122+00	NEW	VENTILATE	0	1	1	0	0	0	0
2026-04-10 04:16:02.198043+00	OLD	VENTILATE	1	1	1	0	0	0	0
2026-04-10 04:16:02.198043+00	NEW	VENTILATE	0	1	1	0	0	0	0
2026-04-10 04:17:02.319227+00	OLD	VENTILATE	1	1	1	0	0	0	0
2026-04-10 04:17:02.319227+00	NEW	VENTILATE	0	1	1	0	0	0	0
2026-04-10 04:18:02.425665+00	OLD	SEALED_MIST	1	0	0	0	1	0	3
2026-04-10 04:18:02.425665+00	NEW	IDLE	0	0	0	0	1	0	0
2026-04-10 04:19:02.541159+00	OLD	SEALED_MIST	1	0	0	0	1	0	3
2026-04-10 04:19:02.541159+00	NEW	IDLE	0	0	0	0	1	0	0
2026-04-10 04:20:02.648312+00	OLD	SEALED_MIST	0	0	0	0	1	0	2
2026-04-10 04:20:02.648312+00	NEW	IDLE	0	0	0	0	1	0	0
2026-04-10 04:21:02.741969+00	OLD	SEALED_MIST	0	0	0	0	1	0	2
2026-04-10 04:21:02.741969+00	NEW	IDLE	0	0	0	0	1	0	0
2026-04-10 04:32:04.232863+00	OLD	SEALED_MIST	0	0	0	0	0	0	0
2026-04-10 04:32:04.232863+00	NEW	IDLE	0	0	0	0	0	0	0
2026-04-10 04:36:04.673803+00	OLD	VENTILATE	1	1	1	0	0	0	0
2026-04-10 04:36:04.673803+00	NEW	VENTILATE	0	1	1	0	0	0	0
2026-04-10 04:37:04.790671+00	OLD	VENTILATE	1	1	1	0	0	0	0
2026-04-10 04:37:04.790671+00	NEW	VENTILATE	0	1	1	0	0	0	0
2026-04-10 04:38:04.887762+00	OLD	SEALED_MIST	0	0	0	0	1	0	0
2026-04-10 04:38:04.887762+00	NEW	IDLE	0	0	0	0	1	0	0
2026-04-10 04:39:04.98226+00	OLD	SEALED_MIST	1	0	0	0	1	0	3
2026-04-10 04:39:04.98226+00	NEW	IDLE	0	0	0	0	1	0	0
2026-04-10 04:40:05.116938+00	OLD	SEALED_MIST	0	0	0	0	1	0	2
2026-04-10 04:40:05.116938+00	NEW	IDLE	0	0	0	0	1	0	0
2026-04-10 04:41:05.218206+00	OLD	SEALED_MIST	0	0	0	0	1	0	2
2026-04-10 04:41:05.218206+00	NEW	IDLE	0	0	0	0	1	0	0
2026-04-10 04:51:06.580139+00	OLD	SEALED_MIST	0	0	0	0	0	0	0
2026-04-10 04:51:06.580139+00	NEW	IDLE	0	0	0	0	0	0	0
2026-04-10 04:52:06.669622+00	OLD	SEALED_MIST	0	0	0	0	0	0	1
2026-04-10 04:52:06.669622+00	NEW	IDLE	0	0	0	0	0	0	0
2026-04-10 04:54:06.883781+00	OLD	SEALED_MIST	0	0	0	0	0	0	0
2026-04-10 04:54:06.883781+00	NEW	IDLE	0	0	0	0	0	0	0
2026-04-10 04:55:06.974911+00	OLD	SEALED_MIST	0	0	0	0	0	0	1
2026-04-10 04:55:06.974911+00	NEW	IDLE	0	0	0	0	0	0	0
2026-04-10 04:56:07.067834+00	OLD	SEALED_MIST	0	0	0	0	0	0	1
2026-04-10 04:56:07.067834+00	NEW	IDLE	0	0	0	0	0	0	0
2026-04-10 04:57:07.157027+00	OLD	SEALED_MIST	0	0	0	0	0	0	1
2026-04-10 04:57:07.157027+00	NEW	IDLE	0	0	0	0	0	0	0
2026-04-10 04:58:07.284747+00	OLD	SEALED_MIST	0	0	0	0	0	0	1
2026-04-10 04:58:07.284747+00	NEW	IDLE	0	0	0	0	0	0	0
2026-04-10 04:59:07.402782+00	OLD	SEALED_MIST	0	0	0	0	0	0	1
2026-04-10 04:59:07.402782+00	NEW	IDLE	0	0	0	0	0	0	0
2026-04-10 05:00:07.517853+00	OLD	SEALED_MIST	0	0	0	0	0	0	2
2026-04-10 05:00:07.517853+00	NEW	IDLE	0	0	0	0	0	0	0
2026-04-10 05:01:07.707232+00	OLD	SEALED_MIST	0	0	0	0	0	0	2
2026-04-10 05:01:07.707232+00	NEW	IDLE	0	0	0	0	0	0	0
2026-04-10 05:02:07.818136+00	OLD	SEALED_MIST	0	0	0	0	0	0	2
2026-04-10 05:02:07.818136+00	NEW	IDLE	0	0	0	0	0	0	0
2026-04-10 18:05:36.484603+00	OLD	SEALED_MIST	0	0	0	0	0	0	0
2026-04-10 18:05:36.484603+00	NEW	IDLE	0	0	0	0	0	0	0
2026-04-10 18:06:36.639947+00	OLD	SEALED_MIST	0	0	0	0	0	0	1
2026-04-10 18:06:36.639947+00	NEW	IDLE	0	0	0	0	0	0	0
2026-04-10 18:07:36.748574+00	OLD	SEALED_MIST	0	0	0	0	0	0	1
2026-04-10 18:07:36.748574+00	NEW	IDLE	0	0	0	0	0	0	0
2026-04-10 18:08:36.866155+00	OLD	SEALED_MIST	0	0	0	0	0	0	1
2026-04-10 18:08:36.866155+00	NEW	IDLE	0	0	0	0	0	0	0
2026-04-10 18:09:37.005324+00	OLD	SEALED_MIST	0	0	0	0	0	0	1
2026-04-10 18:09:37.005324+00	NEW	IDLE	0	0	0	0	0	0	0
2026-04-10 18:10:37.132913+00	OLD	SEALED_MIST	0	0	0	0	0	0	1
2026-04-10 18:10:37.132913+00	NEW	IDLE	0	0	0	0	0	0	0
2026-04-10 18:25:39.081889+00	OLD	SEALED_MIST	0	0	0	0	0	0	0
2026-04-10 18:25:39.081889+00	NEW	IDLE	0	0	0	0	0	0	0
2026-04-10 18:26:39.218556+00	OLD	SEALED_MIST	0	0	0	0	0	0	1
2026-04-10 18:26:39.218556+00	NEW	IDLE	0	0	0	0	0	0	0
2026-04-10 18:27:39.338615+00	OLD	SEALED_MIST	0	0	0	0	0	0	1
2026-04-10 18:27:39.338615+00	NEW	IDLE	0	0	0	0	0	0	0
2026-04-10 18:28:39.517349+00	OLD	SEALED_MIST	0	0	0	0	0	0	1
2026-04-10 18:28:39.517349+00	NEW	IDLE	0	0	0	0	0	0	0
2026-04-10 18:29:39.622133+00	OLD	SEALED_MIST	0	0	0	0	0	0	1
2026-04-10 18:29:39.622133+00	NEW	IDLE	0	0	0	0	0	0	0
2026-04-10 18:30:39.711745+00	OLD	SEALED_MIST	0	0	0	0	0	0	1
2026-04-10 18:30:39.711745+00	NEW	IDLE	0	0	0	0	0	0	0
2026-04-10 18:31:39.84856+00	OLD	SEALED_MIST	0	0	0	0	0	0	2
2026-04-10 18:31:39.84856+00	NEW	IDLE	0	0	0	0	0	0	0
2026-04-10 18:32:39.983896+00	OLD	SEALED_MIST	0	0	0	0	0	0	2
2026-04-10 18:32:39.983896+00	NEW	IDLE	0	0	0	0	0	0	0
2026-04-10 18:33:40.115186+00	OLD	SEALED_MIST	0	0	0	0	0	0	2
2026-04-10 18:33:40.115186+00	NEW	IDLE	0	0	0	0	0	0	0
2026-04-10 18:50:42.274464+00	OLD	SEALED_MIST	0	0	0	0	0	0	0
2026-04-10 18:50:42.274464+00	NEW	IDLE	0	0	0	0	0	0	0
2026-04-10 18:51:42.398792+00	OLD	SEALED_MIST	0	0	0	0	0	0	1
2026-04-10 18:51:42.398792+00	NEW	IDLE	0	0	0	0	0	0	0
2026-04-10 18:52:42.542058+00	OLD	SEALED_MIST	0	0	0	0	0	0	1
2026-04-10 18:52:42.542058+00	NEW	IDLE	0	0	0	0	0	0	0
2026-04-10 18:53:42.687563+00	OLD	SEALED_MIST	0	0	0	0	0	0	1
2026-04-10 18:53:42.687563+00	NEW	IDLE	0	0	0	0	0	0	0
2026-04-10 18:54:42.802406+00	OLD	SEALED_MIST	0	0	0	0	0	0	1
2026-04-10 18:54:42.802406+00	NEW	IDLE	0	0	0	0	0	0	0
2026-04-10 18:55:42.913634+00	OLD	SEALED_MIST	0	0	0	0	0	0	1
2026-04-10 18:55:42.913634+00	NEW	IDLE	0	0	0	0	0	0	0
2026-04-10 18:56:43.038046+00	OLD	SEALED_MIST	0	0	0	0	0	0	2
2026-04-10 18:56:43.038046+00	NEW	IDLE	0	0	0	0	0	0	0
2026-04-10 18:57:43.184934+00	OLD	SEALED_MIST	0	0	0	0	0	0	2
2026-04-10 18:57:43.184934+00	NEW	IDLE	0	0	0	0	0	0	0
2026-04-10 18:58:43.360769+00	OLD	SEALED_MIST	0	0	0	0	0	0	2
2026-04-10 18:58:43.360769+00	NEW	IDLE	0	0	0	0	0	0	0
2026-04-10 19:09:45.178009+00	OLD	SEALED_MIST	0	0	0	0	0	0	0
2026-04-10 19:09:45.178009+00	NEW	IDLE	0	0	0	0	0	0	0
2026-04-10 19:10:45.294167+00	OLD	SEALED_MIST	0	0	0	0	0	0	1
2026-04-10 19:10:45.294167+00	NEW	IDLE	0	0	0	0	0	0	0
2026-04-10 19:11:45.428534+00	OLD	SEALED_MIST	0	0	0	0	0	0	1
2026-04-10 19:11:45.428534+00	NEW	IDLE	0	0	0	0	0	0	0
2026-04-10 19:12:45.560691+00	OLD	SEALED_MIST	0	0	0	0	0	0	1
2026-04-10 19:12:45.560691+00	NEW	IDLE	0	0	0	0	0	0	0
2026-04-10 19:13:45.718475+00	OLD	SEALED_MIST	0	0	0	0	0	0	1
2026-04-10 19:13:45.718475+00	NEW	IDLE	0	0	0	0	0	0	0
2026-04-10 19:14:45.841322+00	OLD	SEALED_MIST	0	0	0	0	0	0	1
2026-04-10 19:14:45.841322+00	NEW	IDLE	0	0	0	0	0	0	0
2026-04-10 19:15:46.100457+00	OLD	SEALED_MIST	0	0	0	0	0	0	2
2026-04-10 19:15:46.100457+00	NEW	IDLE	0	0	0	0	0	0	0
2026-04-10 19:16:46.200865+00	OLD	SEALED_MIST	0	0	0	0	0	0	2
2026-04-10 19:16:46.200865+00	NEW	IDLE	0	0	0	0	0	0	0
2026-04-10 19:17:46.32345+00	OLD	SEALED_MIST	0	0	0	0	0	0	2
2026-04-10 19:17:46.32345+00	NEW	IDLE	0	0	0	0	0	0	0
2026-04-10 19:28:47.683747+00	OLD	SEALED_MIST	0	0	0	0	0	0	0
2026-04-10 19:28:47.683747+00	NEW	IDLE	0	0	0	0	0	0	0
2026-04-10 19:29:47.804233+00	OLD	SEALED_MIST	0	0	0	0	0	0	1
2026-04-10 19:29:47.804233+00	NEW	IDLE	0	0	0	0	0	0	0
2026-04-10 19:30:47.939697+00	OLD	SEALED_MIST	0	0	0	0	0	0	1
2026-04-10 19:30:47.939697+00	NEW	IDLE	0	0	0	0	0	0	0
2026-04-10 19:31:48.218179+00	OLD	SEALED_MIST	0	0	0	0	0	0	1
2026-04-10 19:31:48.218179+00	NEW	IDLE	0	0	0	0	0	0	0
2026-04-10 19:32:48.35882+00	OLD	SEALED_MIST	0	0	0	0	0	0	1
2026-04-10 19:32:48.35882+00	NEW	IDLE	0	0	0	0	0	0	0
2026-04-10 19:33:48.540705+00	OLD	SEALED_MIST	0	0	0	0	0	0	1
2026-04-10 19:33:48.540705+00	NEW	IDLE	0	0	0	0	0	0	0
2026-04-10 19:34:48.67292+00	OLD	SEALED_MIST	0	0	0	0	0	0	2
2026-04-10 19:34:48.67292+00	NEW	IDLE	0	0	0	0	0	0	0
2026-04-10 19:35:48.815887+00	OLD	SEALED_MIST	0	0	0	0	0	0	2
2026-04-10 19:35:48.815887+00	NEW	IDLE	0	0	0	0	0	0	0
2026-04-10 19:36:48.94557+00	OLD	SEALED_MIST	0	0	0	0	0	0	2
2026-04-10 19:36:48.94557+00	NEW	IDLE	0	0	0	0	0	0	0
2026-04-10 21:51:40.136361+00	OLD	SEALED_MIST	0	0	0	0	0	0	0
2026-04-10 21:51:40.136361+00	NEW	IDLE	0	0	0	0	0	0	0
2026-04-10 21:52:40.250825+00	OLD	SEALED_MIST	0	0	0	0	0	0	1
2026-04-10 21:52:40.250825+00	NEW	IDLE	0	0	0	0	0	0	0
2026-04-10 21:53:40.340282+00	OLD	SEALED_MIST	0	0	0	0	0	0	1
2026-04-10 21:53:40.340282+00	NEW	IDLE	0	0	0	0	0	0	0
2026-04-10 21:54:40.43853+00	OLD	SEALED_MIST	0	0	0	0	1	0	1
2026-04-10 21:54:40.43853+00	NEW	IDLE	0	0	0	0	1	0	0
2026-04-11 00:01:55.708607+00	OLD	SEALED_MIST	0	0	0	0	0	0	0
2026-04-11 00:01:55.708607+00	NEW	IDLE	0	0	0	0	0	0	0
2026-04-11 00:02:55.905372+00	OLD	SEALED_MIST	0	0	0	0	0	0	1
2026-04-11 00:02:55.905372+00	NEW	IDLE	0	0	0	0	0	0	0
2026-04-11 00:03:56.000259+00	OLD	SEALED_MIST	0	0	0	0	0	0	1
2026-04-11 00:03:56.000259+00	NEW	IDLE	0	0	0	0	0	0	0
2026-04-11 00:04:56.346544+00	OLD	SEALED_MIST	0	0	0	0	0	0	1
2026-04-11 00:04:56.346544+00	NEW	IDLE	0	0	0	0	0	0	0
2026-04-11 00:05:56.470032+00	OLD	SEALED_MIST	0	0	0	0	1	0	1
2026-04-11 00:05:56.470032+00	NEW	IDLE	0	0	0	0	1	0	0
2026-04-11 00:06:56.587631+00	OLD	SEALED_MIST	0	0	0	0	0	0	1
2026-04-11 00:06:56.587631+00	NEW	IDLE	0	0	0	0	0	0	0
2026-04-11 00:07:56.689549+00	OLD	SEALED_MIST	0	0	0	0	1	0	2
2026-04-11 00:07:56.689549+00	NEW	IDLE	0	0	0	0	1	0	0
2026-04-11 00:08:56.812496+00	OLD	SEALED_MIST	0	0	0	0	1	0	2
2026-04-11 00:08:56.812496+00	NEW	IDLE	0	0	0	0	1	0	0
2026-04-11 00:12:57.271651+00	OLD	SEALED_MIST	0	0	0	0	1	0	0
2026-04-11 00:12:57.271651+00	NEW	IDLE	0	0	0	0	1	0	0
2026-04-11 00:13:57.384189+00	OLD	SEALED_MIST	0	0	0	0	1	0	1
2026-04-11 00:13:57.384189+00	NEW	IDLE	0	0	0	0	1	0	0
2026-04-11 00:14:57.492509+00	OLD	SEALED_MIST	0	0	0	0	1	0	1
2026-04-11 00:14:57.492509+00	NEW	IDLE	0	0	0	0	1	0	0
2026-04-11 00:15:57.620068+00	OLD	SEALED_MIST	0	0	0	0	1	0	1
2026-04-11 00:15:57.620068+00	NEW	IDLE	0	0	0	0	1	0	0
2026-04-11 00:16:57.754224+00	OLD	SEALED_MIST	0	0	0	0	1	0	1
2026-04-11 00:16:57.754224+00	NEW	IDLE	0	0	0	0	1	0	0
2026-04-11 00:17:57.918433+00	OLD	SEALED_MIST	0	0	0	0	1	0	1
2026-04-11 00:17:57.918433+00	NEW	IDLE	0	0	0	0	1	0	0
2026-04-11 00:18:58.053917+00	OLD	SEALED_MIST	0	0	0	0	1	0	2
2026-04-11 00:18:58.053917+00	NEW	IDLE	0	0	0	0	1	0	0
2026-04-11 00:19:58.192669+00	OLD	SEALED_MIST	0	0	0	0	1	0	2
2026-04-11 00:19:58.192669+00	NEW	IDLE	0	0	0	0	1	0	0
2026-04-11 00:24:58.878852+00	OLD	SEALED_MIST	0	0	0	0	1	0	0
2026-04-11 00:24:58.878852+00	NEW	IDLE	0	0	0	0	1	0	0
2026-04-11 00:25:58.990198+00	OLD	SEALED_MIST	0	0	0	0	1	0	1
2026-04-11 00:25:58.990198+00	NEW	IDLE	0	0	0	0	1	0	0
2026-04-11 00:26:59.124823+00	OLD	SEALED_MIST	0	0	0	0	1	0	1
2026-04-11 00:26:59.124823+00	NEW	IDLE	0	0	0	0	1	0	0
2026-04-11 00:27:59.292766+00	OLD	SEALED_MIST	0	0	0	0	1	0	1
2026-04-11 00:27:59.292766+00	NEW	IDLE	0	0	0	0	1	0	0
2026-04-11 00:37:00.360075+00	OLD	SEALED_MIST	0	0	0	0	1	0	0
2026-04-11 00:37:00.360075+00	NEW	IDLE	0	0	0	0	1	0	0
2026-04-11 00:38:00.587417+00	OLD	SEALED_MIST	0	0	0	0	1	0	1
2026-04-11 00:38:00.587417+00	NEW	IDLE	0	0	0	0	1	0	0
2026-04-11 00:49:02.083726+00	OLD	SEALED_MIST	0	0	0	0	1	0	0
2026-04-11 00:49:02.083726+00	NEW	IDLE	0	0	0	0	1	0	0
2026-04-11 00:50:02.245464+00	OLD	SEALED_MIST	0	0	0	0	1	0	1
2026-04-11 00:50:02.245464+00	NEW	IDLE	0	0	0	0	1	0	0
2026-04-11 01:01:03.744121+00	OLD	SEALED_MIST	0	0	0	0	1	0	0
2026-04-11 01:01:03.744121+00	NEW	IDLE	0	0	0	0	1	0	0
2026-04-11 01:02:03.849439+00	OLD	SEALED_MIST	0	0	0	0	1	0	1
2026-04-11 01:02:03.849439+00	NEW	IDLE	0	0	0	0	1	0	0
2026-04-11 01:03:03.986121+00	OLD	SEALED_MIST	0	0	0	0	1	0	1
2026-04-11 01:03:03.986121+00	NEW	IDLE	0	0	0	0	1	0	0
2026-04-11 01:04:04.100704+00	OLD	SEALED_MIST	0	0	0	0	1	0	1
2026-04-11 01:04:04.100704+00	NEW	IDLE	0	0	0	0	1	0	0
2026-04-11 01:05:04.201292+00	OLD	SEALED_MIST	0	0	0	0	1	0	1
2026-04-11 01:05:04.201292+00	NEW	IDLE	0	0	0	0	1	0	0
2026-04-11 01:06:04.328119+00	OLD	SEALED_MIST	0	0	0	0	1	0	1
2026-04-11 01:06:04.328119+00	NEW	IDLE	0	0	0	0	1	0	0
2026-04-11 01:07:04.450314+00	OLD	SEALED_MIST	0	0	0	0	1	0	2
2026-04-11 01:07:04.450314+00	NEW	IDLE	0	0	0	0	1	0	0
2026-04-11 01:08:04.567958+00	OLD	SEALED_MIST	0	0	0	0	1	0	2
2026-04-11 01:08:04.567958+00	NEW	IDLE	0	0	0	0	1	0	0
2026-04-11 01:09:04.664012+00	OLD	SEALED_MIST	0	0	0	0	1	0	2
2026-04-11 01:09:04.664012+00	NEW	IDLE	0	0	0	0	1	0	0
2026-04-11 01:11:04.881928+00	OLD	SEALED_MIST	0	0	0	0	1	0	0
2026-04-11 01:11:04.881928+00	NEW	IDLE	0	0	0	0	1	0	0
2026-04-11 01:12:04.999218+00	OLD	SEALED_MIST	0	0	0	0	1	0	1
2026-04-11 01:12:04.999218+00	NEW	IDLE	0	0	0	0	1	0	0
2026-04-11 01:13:05.090459+00	OLD	SEALED_MIST	0	0	0	0	1	0	1
2026-04-11 01:13:05.090459+00	NEW	IDLE	0	0	0	0	1	0	0
2026-04-11 01:14:05.219086+00	OLD	SEALED_MIST	0	0	0	0	1	0	1
2026-04-11 01:14:05.219086+00	NEW	IDLE	0	0	0	0	1	0	0
2026-04-11 01:15:05.311038+00	OLD	SEALED_MIST	0	0	0	0	1	0	1
2026-04-11 01:15:05.311038+00	NEW	IDLE	0	0	0	0	1	0	0
2026-04-11 01:16:05.457549+00	OLD	SEALED_MIST	0	0	0	0	1	0	1
2026-04-11 01:16:05.457549+00	NEW	IDLE	0	0	0	0	1	0	0
2026-04-11 01:17:05.610871+00	OLD	SEALED_MIST	0	0	0	0	1	0	2
2026-04-11 01:17:05.610871+00	NEW	IDLE	0	0	0	0	1	0	0
2026-04-11 01:18:05.754308+00	OLD	SEALED_MIST	0	0	0	0	1	0	2
2026-04-11 01:18:05.754308+00	NEW	IDLE	0	0	0	0	1	0	0
2026-04-11 01:19:05.929561+00	OLD	SEALED_MIST	0	0	0	0	1	0	2
2026-04-11 01:19:05.929561+00	NEW	IDLE	0	0	0	0	1	0	0
2026-04-11 01:30:07.33254+00	OLD	SEALED_MIST	0	0	0	0	1	0	0
2026-04-11 01:30:07.33254+00	NEW	IDLE	0	0	0	0	1	0	0
2026-04-11 01:31:07.449024+00	OLD	SEALED_MIST	0	0	0	0	1	0	1
2026-04-11 01:31:07.449024+00	NEW	IDLE	0	0	0	0	1	0	0
2026-04-11 01:32:07.586823+00	OLD	SEALED_MIST	0	0	0	0	1	0	1
2026-04-11 01:32:07.586823+00	NEW	IDLE	0	0	0	0	1	0	0
2026-04-11 01:33:07.720544+00	OLD	SEALED_MIST	0	0	0	0	1	0	1
2026-04-11 01:33:07.720544+00	NEW	IDLE	0	0	0	0	1	0	0
2026-04-11 01:34:07.885956+00	OLD	SEALED_MIST	0	0	0	0	1	0	1
2026-04-11 01:34:07.885956+00	NEW	IDLE	0	0	0	0	1	0	0
2026-04-11 01:35:07.999653+00	OLD	SEALED_MIST	0	0	0	0	1	0	1
2026-04-11 01:35:07.999653+00	NEW	IDLE	0	0	0	0	1	0	0
2026-04-11 01:36:08.090282+00	OLD	SEALED_MIST	0	0	0	0	1	0	2
2026-04-11 01:36:08.090282+00	NEW	IDLE	0	0	0	0	1	0	0
2026-04-11 01:37:08.174631+00	OLD	SEALED_MIST	0	0	0	0	1	0	2
2026-04-11 01:37:08.174631+00	NEW	IDLE	0	0	0	0	1	0	0
2026-04-11 01:38:08.285112+00	OLD	SEALED_MIST	0	0	0	0	1	0	2
2026-04-11 01:38:08.285112+00	NEW	IDLE	0	0	0	0	1	0	0
2026-04-11 01:49:09.496006+00	OLD	SEALED_MIST	0	0	0	0	0	0	0
2026-04-11 01:49:09.496006+00	NEW	IDLE	0	0	0	0	0	0	0
2026-04-11 01:50:09.604541+00	OLD	SEALED_MIST	0	0	0	0	0	0	1
2026-04-11 01:50:09.604541+00	NEW	IDLE	0	0	0	0	0	0	0
2026-04-11 01:51:09.697661+00	OLD	SEALED_MIST	0	0	0	0	0	0	1
2026-04-11 01:51:09.697661+00	NEW	IDLE	0	0	0	0	0	0	0
2026-04-11 01:52:09.777799+00	OLD	SEALED_MIST	0	0	0	0	1	0	1
2026-04-11 01:52:09.777799+00	NEW	IDLE	0	0	0	0	1	0	0
2026-04-11 01:53:09.858196+00	OLD	SEALED_MIST	0	0	0	0	1	0	1
2026-04-11 01:53:09.858196+00	NEW	IDLE	0	0	0	0	1	0	0
2026-04-11 01:54:09.945333+00	OLD	SEALED_MIST	0	0	0	0	1	0	1
2026-04-11 01:54:09.945333+00	NEW	IDLE	0	0	0	0	1	0	0
2026-04-11 01:55:10.028097+00	OLD	SEALED_MIST	0	0	0	0	1	0	2
2026-04-11 01:55:10.028097+00	NEW	IDLE	0	0	0	0	1	0	0
2026-04-11 01:56:10.119805+00	OLD	SEALED_MIST	0	0	0	0	1	0	2
2026-04-11 01:56:10.119805+00	NEW	IDLE	0	0	0	0	1	0	0
2026-04-11 01:57:10.214181+00	OLD	SEALED_MIST	0	0	0	0	1	0	2
2026-04-11 01:57:10.214181+00	NEW	IDLE	0	0	0	0	1	0	0
2026-04-11 02:08:11.824625+00	OLD	SEALED_MIST	0	0	0	0	0	0	0
2026-04-11 02:08:11.824625+00	NEW	IDLE	0	0	0	0	0	0	0
2026-04-11 02:09:11.925958+00	OLD	SEALED_MIST	0	0	0	0	0	0	1
2026-04-11 02:09:11.925958+00	NEW	IDLE	0	0	0	0	0	0	0
2026-04-11 02:10:12.031761+00	OLD	SEALED_MIST	0	0	0	0	0	0	1
2026-04-11 02:10:12.031761+00	NEW	IDLE	0	0	0	0	0	0	0
2026-04-11 02:11:12.133394+00	OLD	SEALED_MIST	0	0	0	0	0	0	1
2026-04-11 02:11:12.133394+00	NEW	IDLE	0	0	0	0	0	0	0
2026-04-11 02:12:12.253534+00	OLD	SEALED_MIST	0	0	0	0	0	0	1
2026-04-11 02:12:12.253534+00	NEW	IDLE	0	0	0	0	0	0	0
2026-04-11 02:13:12.37883+00	OLD	SEALED_MIST	0	0	0	0	0	0	1
2026-04-11 02:13:12.37883+00	NEW	IDLE	0	0	0	0	0	0	0
2026-04-11 02:14:12.502806+00	OLD	SEALED_MIST	0	0	0	0	0	0	2
2026-04-11 02:14:12.502806+00	NEW	IDLE	0	0	0	0	0	0	0
2026-04-11 02:15:12.638306+00	OLD	SEALED_MIST	0	0	0	0	0	0	2
2026-04-11 02:15:12.638306+00	NEW	IDLE	0	0	0	0	0	0	0
2026-04-11 02:16:12.73394+00	OLD	SEALED_MIST	0	0	0	0	0	0	2
2026-04-11 02:16:12.73394+00	NEW	IDLE	0	0	0	0	0	0	0
2026-04-11 02:27:14.306143+00	OLD	SEALED_MIST	0	0	0	0	1	0	0
2026-04-11 02:27:14.306143+00	NEW	IDLE	0	0	0	0	1	0	0
2026-04-11 02:28:14.482973+00	OLD	SEALED_MIST	0	0	0	0	1	0	1
2026-04-11 02:28:14.482973+00	NEW	IDLE	0	0	0	0	1	0	0
2026-04-11 02:29:14.635575+00	OLD	SEALED_MIST	0	0	0	0	1	0	1
2026-04-11 02:29:14.635575+00	NEW	IDLE	0	0	0	0	1	0	0
2026-04-11 02:30:14.812254+00	OLD	SEALED_MIST	0	0	0	0	1	0	1
2026-04-11 02:30:14.812254+00	NEW	IDLE	0	0	0	0	1	0	0
2026-04-11 02:31:14.960258+00	OLD	SEALED_MIST	0	0	0	0	1	0	1
2026-04-11 02:31:14.960258+00	NEW	IDLE	0	0	0	0	1	0	0
2026-04-11 02:32:15.094124+00	OLD	SEALED_MIST	0	0	0	0	1	0	1
2026-04-11 02:32:15.094124+00	NEW	IDLE	0	0	0	0	1	0	0
2026-04-11 02:33:15.257037+00	OLD	SEALED_MIST	0	0	0	0	1	0	2
2026-04-11 02:33:15.257037+00	NEW	IDLE	0	0	0	0	1	0	0
2026-04-11 02:34:15.414791+00	OLD	SEALED_MIST	0	0	0	0	1	0	2
2026-04-11 02:34:15.414791+00	NEW	IDLE	0	0	0	0	1	0	0
2026-04-11 02:35:15.582343+00	OLD	SEALED_MIST	0	0	0	0	1	0	2
2026-04-11 02:35:15.582343+00	NEW	IDLE	0	0	0	0	1	0	0
2026-04-11 02:46:17.896193+00	OLD	SEALED_MIST	0	0	0	0	1	0	0
2026-04-11 02:46:17.896193+00	NEW	IDLE	0	0	0	0	1	0	0
2026-04-11 02:47:18.023595+00	OLD	SEALED_MIST	0	0	0	0	1	0	1
2026-04-11 02:47:18.023595+00	NEW	IDLE	0	0	0	0	1	0	0
2026-04-11 02:48:18.193681+00	OLD	SEALED_MIST	0	0	0	0	1	0	1
2026-04-11 02:48:18.193681+00	NEW	IDLE	0	0	0	0	1	0	0
2026-04-11 02:49:18.361958+00	OLD	SEALED_MIST	0	0	0	0	1	0	1
2026-04-11 02:49:18.361958+00	NEW	IDLE	0	0	0	0	1	0	0
2026-04-11 02:50:18.494038+00	OLD	SEALED_MIST	0	0	0	0	1	0	1
2026-04-11 02:50:18.494038+00	NEW	IDLE	0	0	0	0	1	0	0
2026-04-11 02:51:18.68022+00	OLD	SEALED_MIST	0	0	0	0	1	0	1
2026-04-11 02:51:18.68022+00	NEW	IDLE	0	0	0	0	1	0	0
2026-04-11 02:52:18.843011+00	OLD	SEALED_MIST	0	0	0	0	1	0	2
2026-04-11 02:52:18.843011+00	NEW	IDLE	0	0	0	0	1	0	0
2026-04-11 02:53:19.013884+00	OLD	SEALED_MIST	0	0	0	0	1	0	2
2026-04-11 02:53:19.013884+00	NEW	IDLE	0	0	0	0	1	0	0
2026-04-11 02:54:19.153681+00	OLD	SEALED_MIST	0	0	0	0	1	0	2
2026-04-11 02:54:19.153681+00	NEW	IDLE	0	0	0	0	1	0	0
2026-04-11 03:05:21.417357+00	OLD	SEALED_MIST	0	0	0	0	0	0	0
2026-04-11 03:05:21.417357+00	NEW	IDLE	0	0	0	0	0	0	0
2026-04-11 03:06:21.612468+00	OLD	SEALED_MIST	0	0	0	0	0	0	1
2026-04-11 03:06:21.612468+00	NEW	IDLE	0	0	0	0	0	0	0
2026-04-11 03:07:21.839174+00	OLD	SEALED_MIST	0	0	0	0	0	0	1
2026-04-11 03:07:21.839174+00	NEW	IDLE	0	0	0	0	0	0	0
2026-04-11 03:16:23.494929+00	OLD	SEALED_MIST	0	0	0	0	0	0	0
2026-04-11 03:16:23.494929+00	NEW	IDLE	0	0	0	0	0	0	0
2026-04-11 03:17:23.666269+00	OLD	SEALED_MIST	0	0	0	0	0	0	1
2026-04-11 03:17:23.666269+00	NEW	IDLE	0	0	0	0	0	0	0
2026-04-11 03:18:23.808205+00	OLD	SEALED_MIST	0	0	0	0	0	0	1
2026-04-11 03:18:23.808205+00	NEW	IDLE	0	0	0	0	0	0	0
2026-04-11 03:19:23.963732+00	OLD	SEALED_MIST	0	0	0	0	0	0	1
2026-04-11 03:19:23.963732+00	NEW	IDLE	0	0	0	0	0	0	0
2026-04-11 03:20:24.140093+00	OLD	SEALED_MIST	0	0	0	0	0	0	1
2026-04-11 03:20:24.140093+00	NEW	IDLE	0	0	0	0	0	0	0
2026-04-11 03:21:24.316313+00	OLD	SEALED_MIST	0	0	0	0	1	0	1
2026-04-11 03:21:24.316313+00	NEW	IDLE	0	0	0	0	1	0	0
2026-04-11 03:22:24.534968+00	OLD	SEALED_MIST	0	0	0	0	1	0	2
2026-04-11 03:22:24.534968+00	NEW	IDLE	0	0	0	0	1	0	0
2026-04-11 03:23:24.693084+00	OLD	SEALED_MIST	0	0	0	0	1	0	2
2026-04-11 03:23:24.693084+00	NEW	IDLE	0	0	0	0	1	0	0
2026-04-11 03:24:24.850208+00	OLD	SEALED_MIST	0	0	0	0	1	0	2
2026-04-11 03:24:24.850208+00	NEW	IDLE	0	0	0	0	1	0	0
2026-04-11 03:33:26.340815+00	OLD	VENTILATE	1	1	1	0	0	0	0
2026-04-11 03:33:26.340815+00	NEW	VENTILATE	0	1	1	0	0	0	0
2026-04-11 03:45:28.306975+00	OLD	SEALED_MIST	0	0	0	0	1	0	0
2026-04-11 03:45:28.306975+00	NEW	IDLE	0	0	0	0	1	0	0
2026-04-11 03:46:28.510586+00	OLD	SEALED_MIST	0	0	0	0	1	0	1
2026-04-11 03:46:28.510586+00	NEW	IDLE	0	0	0	0	1	0	0
2026-04-11 03:47:28.717502+00	OLD	SEALED_MIST	0	0	0	0	1	0	1
2026-04-11 03:47:28.717502+00	NEW	IDLE	0	0	0	0	1	0	0
2026-04-11 03:48:28.895822+00	OLD	SEALED_MIST	0	0	0	0	0	0	1
2026-04-11 03:48:28.895822+00	NEW	IDLE	0	0	0	0	0	0	0
2026-04-11 03:49:29.023122+00	OLD	SEALED_MIST	0	0	0	0	0	0	1
2026-04-11 03:49:29.023122+00	NEW	IDLE	0	0	0	0	0	0	0
2026-04-11 03:50:29.153918+00	OLD	SEALED_MIST	0	0	0	0	0	0	1
2026-04-11 03:50:29.153918+00	NEW	IDLE	0	0	0	0	0	0	0
2026-04-11 04:06:32.77768+00	OLD	SEALED_MIST	0	0	0	0	1	0	0
2026-04-11 04:06:32.77768+00	NEW	IDLE	0	0	0	0	1	0	0
2026-04-11 04:07:32.916364+00	OLD	SEALED_MIST	0	0	0	0	0	0	1
2026-04-11 04:07:32.916364+00	NEW	IDLE	0	0	0	0	0	0	0
2026-04-11 04:08:33.077656+00	OLD	SEALED_MIST	0	0	0	0	0	0	1
2026-04-11 04:08:33.077656+00	NEW	IDLE	0	0	0	0	0	0	0
2026-04-11 04:09:33.254466+00	OLD	SEALED_MIST	0	0	0	0	0	0	1
2026-04-11 04:09:33.254466+00	NEW	IDLE	0	0	0	0	0	0	0
2026-04-11 04:25:35.837055+00	OLD	SEALED_MIST	0	0	0	0	1	0	0
2026-04-11 04:25:35.837055+00	NEW	IDLE	0	0	0	0	1	0	0
2026-04-11 04:26:35.969765+00	OLD	SEALED_MIST	0	0	0	0	1	0	1
2026-04-11 04:26:35.969765+00	NEW	IDLE	0	0	0	0	1	0	0
2026-04-11 04:27:36.133247+00	OLD	SEALED_MIST	0	0	0	0	0	0	1
2026-04-11 04:27:36.133247+00	NEW	IDLE	0	0	0	0	0	0	0
2026-04-11 04:28:36.298125+00	OLD	SEALED_MIST	0	0	0	0	0	0	1
2026-04-11 04:28:36.298125+00	NEW	IDLE	0	0	0	0	0	0	0
2026-04-11 04:40:38.051953+00	OLD	SEALED_MIST	0	0	0	0	1	0	0
2026-04-11 04:40:38.051953+00	NEW	IDLE	0	0	0	0	1	0	0
2026-04-11 04:41:38.184234+00	OLD	SEALED_MIST	0	0	0	0	1	0	1
2026-04-11 04:41:38.184234+00	NEW	IDLE	0	0	0	0	1	0	0
2026-04-11 04:42:38.327251+00	OLD	SEALED_MIST	0	0	0	0	1	0	1
2026-04-11 04:42:38.327251+00	NEW	IDLE	0	0	0	0	1	0	0
2026-04-11 04:43:38.45266+00	OLD	SEALED_MIST	0	0	0	0	1	0	1
2026-04-11 04:43:38.45266+00	NEW	IDLE	0	0	0	0	1	0	0
2026-04-11 04:44:38.573009+00	OLD	SEALED_MIST	0	0	0	0	1	0	1
2026-04-11 04:44:38.573009+00	NEW	IDLE	0	0	0	0	1	0	0
2026-04-11 04:45:38.730548+00	OLD	SEALED_MIST	0	0	0	0	1	0	1
2026-04-11 04:45:38.730548+00	NEW	IDLE	0	0	0	0	1	0	0
2026-04-11 04:46:38.914373+00	OLD	SEALED_MIST	0	0	0	0	1	0	2
2026-04-11 04:46:38.914373+00	NEW	IDLE	0	0	0	0	1	0	0
2026-04-11 04:47:39.096379+00	OLD	SEALED_MIST	0	0	0	0	1	0	2
2026-04-11 04:47:39.096379+00	NEW	IDLE	0	0	0	0	1	0	0
2026-04-11 04:48:39.28191+00	OLD	SEALED_MIST	0	0	0	0	1	0	2
2026-04-11 04:48:39.28191+00	NEW	IDLE	0	0	0	0	1	0	0
2026-04-11 04:59:40.923684+00	OLD	SEALED_MIST	0	0	0	0	1	0	0
2026-04-11 04:59:40.923684+00	NEW	IDLE	0	0	0	0	1	0	0
2026-04-11 05:00:41.127932+00	OLD	SEALED_MIST	0	0	0	0	1	0	1
2026-04-11 05:00:41.127932+00	NEW	IDLE	0	0	0	0	1	0	0
2026-04-11 05:01:41.330912+00	OLD	SEALED_MIST	0	0	0	0	1	0	1
2026-04-11 05:01:41.330912+00	NEW	IDLE	0	0	0	0	1	0	0
2026-04-11 05:02:41.515884+00	OLD	SEALED_MIST	0	0	0	0	1	0	1
2026-04-11 05:02:41.515884+00	NEW	IDLE	0	0	0	0	1	0	0
2026-04-11 05:03:41.664232+00	OLD	SEALED_MIST	0	0	0	0	1	0	1
2026-04-11 05:03:41.664232+00	NEW	IDLE	0	0	0	0	1	0	0
2026-04-11 05:04:41.792853+00	OLD	SEALED_MIST	0	0	0	0	1	0	1
2026-04-11 05:04:41.792853+00	NEW	IDLE	0	0	0	0	1	0	0
2026-04-11 05:05:41.974573+00	OLD	SEALED_MIST	0	0	0	0	1	0	2
2026-04-11 05:05:41.974573+00	NEW	IDLE	0	0	0	0	1	0	0
2026-04-11 05:06:42.134346+00	OLD	SEALED_MIST	0	0	0	0	0	0	2
2026-04-11 05:06:42.134346+00	NEW	IDLE	0	0	0	0	0	0	0
2026-04-11 05:07:42.276401+00	OLD	SEALED_MIST	0	0	0	0	0	0	2
2026-04-11 05:07:42.276401+00	NEW	IDLE	0	0	0	0	0	0	0
2026-04-11 05:18:44.009438+00	OLD	SEALED_MIST	0	0	0	0	1	0	0
2026-04-11 05:18:44.009438+00	NEW	IDLE	0	0	0	0	1	0	0
2026-04-11 05:19:44.145252+00	OLD	SEALED_MIST	0	0	0	0	1	0	1
2026-04-11 05:19:44.145252+00	NEW	IDLE	0	0	0	0	1	0	0
2026-04-11 05:20:44.295629+00	OLD	SEALED_MIST	0	0	0	0	1	0	1
2026-04-11 05:20:44.295629+00	NEW	IDLE	0	0	0	0	1	0	0
2026-04-11 05:21:44.446133+00	OLD	SEALED_MIST	0	0	0	0	1	0	1
2026-04-11 05:21:44.446133+00	NEW	IDLE	0	0	0	0	1	0	0
2026-04-11 05:22:44.637298+00	OLD	SEALED_MIST	0	0	0	0	1	0	1
2026-04-11 05:22:44.637298+00	NEW	IDLE	0	0	0	0	1	0	0
2026-04-11 05:23:44.838083+00	OLD	SEALED_MIST	0	0	0	0	1	0	1
2026-04-11 05:23:44.838083+00	NEW	IDLE	0	0	0	0	1	0	0
2026-04-11 05:24:45.00892+00	OLD	SEALED_MIST	0	0	0	0	1	0	2
2026-04-11 05:24:45.00892+00	NEW	IDLE	0	0	0	0	1	0	0
2026-04-11 05:25:45.189298+00	OLD	SEALED_MIST	0	0	0	0	1	0	2
2026-04-11 05:25:45.189298+00	NEW	IDLE	0	0	0	0	1	0	0
2026-04-11 05:26:45.332971+00	OLD	SEALED_MIST	0	0	0	0	1	0	2
2026-04-11 05:26:45.332971+00	NEW	IDLE	0	0	0	0	1	0	0
2026-04-11 05:37:47.061131+00	OLD	SEALED_MIST	0	0	0	0	0	0	0
2026-04-11 05:37:47.061131+00	NEW	IDLE	0	0	0	0	0	0	0
2026-04-11 05:38:47.205898+00	OLD	SEALED_MIST	0	0	0	0	1	0	1
2026-04-11 05:38:47.205898+00	NEW	IDLE	0	0	0	0	1	0	0
2026-04-11 05:39:47.35193+00	OLD	SEALED_MIST	0	0	0	0	1	0	1
2026-04-11 05:39:47.35193+00	NEW	IDLE	0	0	0	0	1	0	0
2026-04-11 05:40:47.508931+00	OLD	SEALED_MIST	0	0	0	0	1	0	1
2026-04-11 05:40:47.508931+00	NEW	IDLE	0	0	0	0	1	0	0
2026-04-11 05:41:47.655679+00	OLD	SEALED_MIST	0	0	0	0	1	0	1
2026-04-11 05:41:47.655679+00	NEW	IDLE	0	0	0	0	1	0	0
2026-04-11 05:42:47.832071+00	OLD	SEALED_MIST	0	0	0	0	1	0	1
2026-04-11 05:42:47.832071+00	NEW	IDLE	0	0	0	0	1	0	0
2026-04-11 05:43:48.014863+00	OLD	SEALED_MIST	0	0	0	0	1	0	2
2026-04-11 05:43:48.014863+00	NEW	IDLE	0	0	0	0	1	0	0
2026-04-11 05:44:48.188286+00	OLD	SEALED_MIST	0	0	0	0	1	0	2
2026-04-11 05:44:48.188286+00	NEW	IDLE	0	0	0	0	1	0	0
2026-04-11 05:45:48.420009+00	OLD	SEALED_MIST	0	0	0	0	1	0	2
2026-04-11 05:45:48.420009+00	NEW	IDLE	0	0	0	0	1	0	0
2026-04-11 05:56:50.104228+00	OLD	SEALED_MIST	0	0	0	0	1	0	0
2026-04-11 05:56:50.104228+00	NEW	IDLE	0	0	0	0	1	0	0
2026-04-11 05:57:50.23824+00	OLD	SEALED_MIST	0	0	0	0	1	0	1
2026-04-11 05:57:50.23824+00	NEW	IDLE	0	0	0	0	1	0	0
2026-04-11 05:58:50.387597+00	OLD	SEALED_MIST	0	0	0	0	1	0	1
2026-04-11 05:58:50.387597+00	NEW	IDLE	0	0	0	0	1	0	0
2026-04-11 05:59:50.538098+00	OLD	SEALED_MIST	0	0	0	0	1	0	1
2026-04-11 05:59:50.538098+00	NEW	IDLE	0	0	0	0	1	0	0
2026-04-11 06:00:50.728415+00	OLD	SEALED_MIST	0	0	0	0	1	0	1
2026-04-11 06:00:50.728415+00	NEW	SEALED_MIST	0	0	0	0	1	0	0
2026-04-11 06:02:51.049929+00	OLD	SEALED_MIST	0	0	0	0	1	0	2
2026-04-11 06:02:51.049929+00	NEW	SEALED_MIST	0	0	0	0	1	0	1
2026-04-11 06:03:51.232228+00	OLD	SEALED_MIST	0	0	0	0	1	0	2
2026-04-11 06:03:51.232228+00	NEW	SEALED_MIST	0	0	0	0	1	0	1
2026-04-11 06:04:51.403526+00	OLD	SEALED_MIST	0	0	0	0	1	0	2
2026-04-11 06:04:51.403526+00	NEW	SEALED_MIST	0	0	0	0	1	0	1
2026-04-11 06:05:51.556328+00	OLD	IDLE	0	0	0	0	1	0	0
2026-04-11 06:05:51.556328+00	NEW	SEALED_MIST	0	0	0	0	1	0	1
2026-04-11 06:06:51.683948+00	OLD	IDLE	0	0	0	0	1	0	0
2026-04-11 06:06:51.683948+00	NEW	SEALED_MIST	0	0	0	0	1	0	2
2026-04-11 06:07:51.805459+00	OLD	IDLE	0	0	0	0	1	0	0
2026-04-11 06:07:51.805459+00	NEW	SEALED_MIST	0	0	0	0	1	0	2
2026-04-11 06:08:51.938426+00	OLD	IDLE	0	0	0	0	0	0	0
2026-04-11 06:08:51.938426+00	NEW	SEALED_MIST	0	0	0	0	0	0	2
2026-04-11 06:15:52.909139+00	OLD	SEALED_MIST	0	0	0	0	1	0	0
2026-04-11 06:15:52.909139+00	NEW	IDLE	0	0	0	0	1	0	0
2026-04-11 06:16:53.069384+00	OLD	SEALED_MIST	0	0	0	0	1	0	1
2026-04-11 06:16:53.069384+00	NEW	IDLE	0	0	0	0	1	0	0
2026-04-11 06:17:53.216878+00	OLD	SEALED_MIST	0	0	0	0	1	0	1
2026-04-11 06:17:53.216878+00	NEW	IDLE	0	0	0	0	1	0	0
2026-04-11 06:18:53.366811+00	OLD	SEALED_MIST	0	0	0	0	1	0	1
2026-04-11 06:18:53.366811+00	NEW	IDLE	0	0	0	0	1	0	0
2026-04-11 06:19:53.508888+00	OLD	SEALED_MIST	0	0	0	0	1	0	1
2026-04-11 06:19:53.508888+00	NEW	SEALED_MIST	0	0	0	0	1	0	0
2026-04-11 06:21:53.80116+00	OLD	SEALED_MIST	0	0	0	0	0	0	2
2026-04-11 06:21:53.80116+00	NEW	SEALED_MIST	0	0	0	0	0	0	1
2026-04-11 06:22:53.985958+00	OLD	SEALED_MIST	0	0	0	0	0	0	2
2026-04-11 06:22:53.985958+00	NEW	SEALED_MIST	0	0	0	0	0	0	1
2026-04-11 06:23:54.161896+00	OLD	SEALED_MIST	0	0	0	0	1	0	2
2026-04-11 06:23:54.161896+00	NEW	SEALED_MIST	0	0	0	0	1	0	1
2026-04-11 06:24:54.321549+00	OLD	IDLE	0	0	0	0	1	0	0
2026-04-11 06:24:54.321549+00	NEW	SEALED_MIST	0	0	0	0	1	0	1
2026-04-11 06:25:54.482445+00	OLD	IDLE	0	0	0	0	1	0	0
2026-04-11 06:25:54.482445+00	NEW	SEALED_MIST	0	0	0	0	1	0	2
2026-04-11 06:26:54.661684+00	OLD	IDLE	0	0	0	0	1	0	0
2026-04-11 06:26:54.661684+00	NEW	SEALED_MIST	0	0	0	0	1	0	2
2026-04-11 06:27:54.842533+00	OLD	IDLE	0	0	0	0	1	0	0
2026-04-11 06:27:54.842533+00	NEW	SEALED_MIST	0	0	0	0	1	0	2
2026-04-11 06:34:55.880599+00	OLD	SEALED_MIST	0	0	0	0	0	0	0
2026-04-11 06:34:55.880599+00	NEW	IDLE	0	0	0	0	0	0	0
2026-04-11 06:35:56.000334+00	OLD	SEALED_MIST	0	0	0	0	1	0	1
2026-04-11 06:35:56.000334+00	NEW	IDLE	0	0	0	0	1	0	0
2026-04-11 06:36:56.129654+00	OLD	SEALED_MIST	0	0	0	0	1	0	1
2026-04-11 06:36:56.129654+00	NEW	IDLE	0	0	0	0	1	0	0
2026-04-11 06:37:56.289617+00	OLD	SEALED_MIST	0	0	0	0	1	0	1
2026-04-11 06:37:56.289617+00	NEW	IDLE	0	0	0	0	1	0	0
2026-04-11 06:38:56.46243+00	OLD	SEALED_MIST	0	0	0	0	1	0	1
2026-04-11 06:38:56.46243+00	NEW	SEALED_MIST	0	0	0	0	1	0	0
2026-04-11 06:40:56.766826+00	OLD	SEALED_MIST	0	0	0	0	1	0	2
2026-04-11 06:40:56.766826+00	NEW	SEALED_MIST	0	0	0	0	1	0	1
2026-04-11 06:41:56.901016+00	OLD	SEALED_MIST	0	0	0	0	1	0	2
2026-04-11 06:41:56.901016+00	NEW	SEALED_MIST	0	0	0	0	1	0	1
2026-04-11 06:42:57.049889+00	OLD	SEALED_MIST	0	0	0	0	1	0	2
2026-04-11 06:42:57.049889+00	NEW	SEALED_MIST	0	0	0	0	1	0	1
2026-04-11 06:43:57.175365+00	OLD	IDLE	0	0	0	0	0	0	0
2026-04-11 06:43:57.175365+00	NEW	SEALED_MIST	0	0	0	0	0	0	1
2026-04-11 06:44:57.333605+00	OLD	IDLE	0	0	0	0	0	0	0
2026-04-11 06:44:57.333605+00	NEW	SEALED_MIST	0	0	0	0	0	0	2
2026-04-11 06:45:57.502016+00	OLD	IDLE	0	0	0	0	0	0	0
2026-04-11 06:45:57.502016+00	NEW	SEALED_MIST	0	0	0	0	0	0	2
2026-04-11 06:46:57.635265+00	OLD	IDLE	0	0	0	0	1	0	0
2026-04-11 06:46:57.635265+00	NEW	SEALED_MIST	0	0	0	0	1	0	2
2026-04-11 06:53:58.589461+00	OLD	SEALED_MIST	0	0	0	0	1	0	0
2026-04-11 06:53:58.589461+00	NEW	IDLE	0	0	0	0	1	0	0
2026-04-11 06:54:58.744501+00	OLD	SEALED_MIST	0	0	0	0	1	0	1
2026-04-11 06:54:58.744501+00	NEW	IDLE	0	0	0	0	1	0	0
2026-04-11 06:55:58.900576+00	OLD	SEALED_MIST	0	0	0	0	0	0	1
2026-04-11 06:55:58.900576+00	NEW	IDLE	0	0	0	0	0	0	0
2026-04-11 06:56:59.028714+00	OLD	SEALED_MIST	0	0	0	0	0	0	1
2026-04-11 06:56:59.028714+00	NEW	IDLE	0	0	0	0	0	0	0
2026-04-11 06:57:59.18751+00	OLD	SEALED_MIST	0	0	0	0	1	0	1
2026-04-11 06:57:59.18751+00	NEW	SEALED_MIST	0	0	0	0	1	0	0
2026-04-11 06:59:59.479477+00	OLD	SEALED_MIST	0	0	0	0	1	0	2
2026-04-11 06:59:59.479477+00	NEW	SEALED_MIST	0	0	0	0	1	0	1
2026-04-11 07:00:59.661029+00	OLD	SEALED_MIST	0	0	0	0	1	0	2
2026-04-11 07:00:59.661029+00	NEW	SEALED_MIST	0	0	0	0	1	0	1
2026-04-11 07:01:59.828706+00	OLD	SEALED_MIST	0	0	0	0	1	0	2
2026-04-11 07:01:59.828706+00	NEW	SEALED_MIST	0	0	0	0	1	0	1
2026-04-11 07:03:00.00412+00	OLD	IDLE	0	0	0	0	1	0	0
2026-04-11 07:03:00.00412+00	NEW	SEALED_MIST	0	0	0	0	1	0	1
2026-04-11 07:04:00.204157+00	OLD	IDLE	0	0	0	0	1	0	0
2026-04-11 07:04:00.204157+00	NEW	SEALED_MIST	0	0	0	0	1	0	2
2026-04-11 07:05:00.38725+00	OLD	IDLE	0	0	0	0	1	0	0
2026-04-11 07:05:00.38725+00	NEW	SEALED_MIST	0	0	0	0	1	0	2
2026-04-11 07:06:00.552897+00	OLD	IDLE	0	0	0	0	1	0	0
2026-04-11 07:06:00.552897+00	NEW	SEALED_MIST	0	0	0	0	1	0	2
2026-04-11 07:13:01.812353+00	OLD	SEALED_MIST	0	0	0	0	1	0	0
2026-04-11 07:13:01.812353+00	NEW	IDLE	0	0	0	0	1	0	0
2026-04-11 07:14:01.989202+00	OLD	SEALED_MIST	0	0	0	0	1	0	1
2026-04-11 07:14:01.989202+00	NEW	IDLE	0	0	0	0	1	0	0
2026-04-11 07:15:02.137279+00	OLD	SEALED_MIST	0	0	0	0	1	0	1
2026-04-11 07:15:02.137279+00	NEW	IDLE	0	0	0	0	1	0	0
2026-04-11 07:16:02.287886+00	OLD	SEALED_MIST	0	0	0	0	1	0	1
2026-04-11 07:16:02.287886+00	NEW	IDLE	0	0	0	0	1	0	0
2026-04-11 07:17:02.452658+00	OLD	SEALED_MIST	0	0	0	0	1	0	1
2026-04-11 07:17:02.452658+00	NEW	SEALED_MIST	0	0	0	0	1	0	0
2026-04-11 07:19:02.807427+00	OLD	SEALED_MIST	0	0	0	0	0	0	2
2026-04-11 07:19:02.807427+00	NEW	SEALED_MIST	0	0	0	0	0	0	1
2026-04-11 07:20:02.986627+00	OLD	SEALED_MIST	0	0	0	0	0	0	2
2026-04-11 07:20:02.986627+00	NEW	SEALED_MIST	0	0	0	0	0	0	1
2026-04-11 07:21:03.147901+00	OLD	SEALED_MIST	0	0	0	0	0	0	2
2026-04-11 07:21:03.147901+00	NEW	SEALED_MIST	0	0	0	0	0	0	1
2026-04-11 07:22:03.330217+00	OLD	IDLE	0	0	0	0	1	0	0
2026-04-11 07:22:03.330217+00	NEW	SEALED_MIST	0	0	0	0	1	0	1
2026-04-11 07:23:03.493875+00	OLD	IDLE	0	0	0	0	1	0	0
2026-04-11 07:23:03.493875+00	NEW	SEALED_MIST	0	0	0	0	1	0	2
2026-04-11 07:24:03.674597+00	OLD	IDLE	0	0	0	0	1	0	0
2026-04-11 07:24:03.674597+00	NEW	SEALED_MIST	0	0	0	0	1	0	2
2026-04-11 07:25:03.851815+00	OLD	IDLE	0	0	0	0	1	0	0
2026-04-11 07:25:03.851815+00	NEW	SEALED_MIST	0	0	0	0	1	0	2
2026-04-11 07:32:05.04657+00	OLD	SEALED_MIST	0	0	0	0	1	0	0
2026-04-11 07:32:05.04657+00	NEW	IDLE	0	0	0	0	1	0	0
2026-04-11 07:33:05.186708+00	OLD	SEALED_MIST	0	0	0	0	1	0	1
2026-04-11 07:33:05.186708+00	NEW	IDLE	0	0	0	0	1	0	0
2026-04-11 07:34:05.354558+00	OLD	SEALED_MIST	0	0	0	0	1	0	1
2026-04-11 07:34:05.354558+00	NEW	IDLE	0	0	0	0	1	0	0
2026-04-11 07:35:05.523148+00	OLD	SEALED_MIST	0	0	0	0	1	0	1
2026-04-11 07:35:05.523148+00	NEW	IDLE	0	0	0	0	1	0	0
2026-04-11 07:36:05.662782+00	OLD	SEALED_MIST	0	0	0	0	1	0	1
2026-04-11 07:36:05.662782+00	NEW	SEALED_MIST	0	0	0	0	1	0	0
2026-04-11 07:38:05.950355+00	OLD	SEALED_MIST	0	0	0	0	1	0	2
2026-04-11 07:38:05.950355+00	NEW	SEALED_MIST	0	0	0	0	1	0	1
2026-04-11 07:39:06.10318+00	OLD	SEALED_MIST	0	0	0	0	1	0	2
2026-04-11 07:39:06.10318+00	NEW	SEALED_MIST	0	0	0	0	1	0	1
2026-04-11 07:40:06.287865+00	OLD	SEALED_MIST	0	0	0	0	1	0	2
2026-04-11 07:40:06.287865+00	NEW	SEALED_MIST	0	0	0	0	1	0	1
2026-04-11 07:41:06.439117+00	OLD	IDLE	0	0	0	0	1	0	0
2026-04-11 07:41:06.439117+00	NEW	SEALED_MIST	0	0	0	0	1	0	1
2026-04-11 07:42:06.606966+00	OLD	IDLE	0	0	0	0	0	0	0
2026-04-11 07:42:06.606966+00	NEW	SEALED_MIST	0	0	0	0	0	0	2
2026-04-11 07:43:06.760896+00	OLD	IDLE	0	0	0	0	0	0	0
2026-04-11 07:43:06.760896+00	NEW	SEALED_MIST	0	0	0	0	0	0	2
2026-04-11 07:44:06.932658+00	OLD	IDLE	0	0	0	0	0	0	0
2026-04-11 07:44:06.932658+00	NEW	SEALED_MIST	0	0	0	0	0	0	2
2026-04-11 07:51:07.995492+00	OLD	SEALED_MIST	0	0	0	0	1	0	0
2026-04-11 07:51:07.995492+00	NEW	IDLE	0	0	0	0	1	0	0
2026-04-11 07:52:08.146086+00	OLD	SEALED_MIST	0	0	0	0	1	0	1
2026-04-11 07:52:08.146086+00	NEW	IDLE	0	0	0	0	1	0	0
2026-04-11 07:53:08.269205+00	OLD	SEALED_MIST	0	0	0	0	0	0	1
2026-04-11 07:53:08.269205+00	NEW	IDLE	0	0	0	0	0	0	0
2026-04-11 07:54:08.412536+00	OLD	SEALED_MIST	0	0	0	0	0	0	1
2026-04-11 07:54:08.412536+00	NEW	IDLE	0	0	0	0	0	0	0
2026-04-11 07:55:08.592906+00	OLD	SEALED_MIST	0	0	0	0	0	0	1
2026-04-11 07:55:08.592906+00	NEW	SEALED_MIST	0	0	0	0	0	0	0
2026-04-11 07:57:08.935783+00	OLD	SEALED_MIST	0	0	0	0	1	0	2
2026-04-11 07:57:08.935783+00	NEW	SEALED_MIST	0	0	0	0	1	0	1
2026-04-11 07:58:09.105959+00	OLD	SEALED_MIST	0	0	0	0	1	0	2
2026-04-11 07:58:09.105959+00	NEW	SEALED_MIST	0	0	0	0	1	0	1
2026-04-11 07:59:09.281214+00	OLD	SEALED_MIST	0	0	0	0	1	0	2
2026-04-11 07:59:09.281214+00	NEW	SEALED_MIST	0	0	0	0	1	0	1
2026-04-11 08:00:09.454888+00	OLD	IDLE	0	0	0	0	1	0	0
2026-04-11 08:00:09.454888+00	NEW	SEALED_MIST	0	0	0	0	1	0	1
2026-04-11 08:01:09.647812+00	OLD	IDLE	0	0	0	0	1	0	0
2026-04-11 08:01:09.647812+00	NEW	SEALED_MIST	0	0	0	0	1	0	2
2026-04-11 08:02:09.851843+00	OLD	IDLE	0	0	0	0	1	0	0
2026-04-11 08:02:09.851843+00	NEW	SEALED_MIST	0	0	0	0	1	0	2
2026-04-11 08:03:10.035389+00	OLD	IDLE	0	0	0	0	1	0	0
2026-04-11 08:03:10.035389+00	NEW	SEALED_MIST	0	0	0	0	1	0	2
2026-04-11 08:10:11.125336+00	OLD	SEALED_MIST	0	0	0	0	1	0	0
2026-04-11 08:10:11.125336+00	NEW	IDLE	0	0	0	0	1	0	0
2026-04-11 08:11:11.280603+00	OLD	SEALED_MIST	0	0	0	0	1	0	1
2026-04-11 08:11:11.280603+00	NEW	IDLE	0	0	0	0	1	0	0
2026-04-11 08:12:11.459104+00	OLD	SEALED_MIST	0	0	0	0	1	0	1
2026-04-11 08:12:11.459104+00	NEW	IDLE	0	0	0	0	1	0	0
2026-04-11 08:13:11.625081+00	OLD	SEALED_MIST	0	0	0	0	1	0	1
2026-04-11 08:13:11.625081+00	NEW	IDLE	0	0	0	0	1	0	0
2026-04-11 08:14:11.773812+00	OLD	SEALED_MIST	0	0	0	0	1	0	1
2026-04-11 08:14:11.773812+00	NEW	SEALED_MIST	0	0	0	0	1	0	0
2026-04-11 08:16:12.033452+00	OLD	SEALED_MIST	0	0	0	0	0	0	2
2026-04-11 08:16:12.033452+00	NEW	SEALED_MIST	0	0	0	0	0	0	1
2026-04-11 08:17:12.15728+00	OLD	SEALED_MIST	0	0	0	0	0	0	2
2026-04-11 08:17:12.15728+00	NEW	SEALED_MIST	0	0	0	0	0	0	1
2026-04-11 08:18:12.274262+00	OLD	SEALED_MIST	0	0	0	0	0	0	2
2026-04-11 08:18:12.274262+00	NEW	SEALED_MIST	0	0	0	0	0	0	1
2026-04-11 08:19:12.423385+00	OLD	IDLE	0	0	0	0	0	0	0
2026-04-11 08:19:12.423385+00	NEW	SEALED_MIST	0	0	0	0	0	0	1
2026-04-11 08:20:12.564963+00	OLD	IDLE	0	0	0	0	1	0	0
2026-04-11 08:20:12.564963+00	NEW	SEALED_MIST	0	0	0	0	1	0	2
2026-04-11 08:21:12.69244+00	OLD	IDLE	0	0	0	0	1	0	0
2026-04-11 08:21:12.69244+00	NEW	SEALED_MIST	0	0	0	0	1	0	2
2026-04-11 08:22:12.8132+00	OLD	IDLE	0	0	0	0	1	0	0
2026-04-11 08:22:12.8132+00	NEW	SEALED_MIST	0	0	0	0	1	0	2
2026-04-11 08:29:13.780281+00	OLD	SEALED_MIST	0	0	0	0	0	0	0
2026-04-11 08:29:13.780281+00	NEW	IDLE	0	0	0	0	0	0	0
2026-04-11 08:30:13.938322+00	OLD	SEALED_MIST	0	0	0	0	0	0	1
2026-04-11 08:30:13.938322+00	NEW	IDLE	0	0	0	0	0	0	0
2026-04-11 08:31:14.083031+00	OLD	SEALED_MIST	0	0	0	0	0	0	1
2026-04-11 08:31:14.083031+00	NEW	IDLE	0	0	0	0	0	0	0
2026-04-11 08:32:14.246359+00	OLD	SEALED_MIST	0	0	0	0	1	0	1
2026-04-11 08:32:14.246359+00	NEW	IDLE	0	0	0	0	1	0	0
2026-04-11 08:33:14.414387+00	OLD	SEALED_MIST	0	0	0	0	1	0	1
2026-04-11 08:33:14.414387+00	NEW	SEALED_MIST	0	0	0	0	1	0	0
2026-04-11 08:35:14.818824+00	OLD	SEALED_MIST	0	0	0	0	1	0	2
2026-04-11 08:35:14.818824+00	NEW	SEALED_MIST	0	0	0	0	1	0	1
2026-04-11 08:36:14.947769+00	OLD	SEALED_MIST	0	0	0	0	1	0	2
2026-04-11 08:36:14.947769+00	NEW	SEALED_MIST	0	0	0	0	1	0	1
2026-04-11 08:37:15.10125+00	OLD	SEALED_MIST	0	0	0	0	1	0	2
2026-04-11 08:37:15.10125+00	NEW	SEALED_MIST	0	0	0	0	1	0	1
2026-04-11 08:38:15.243823+00	OLD	IDLE	0	0	0	0	1	0	0
2026-04-11 08:38:15.243823+00	NEW	SEALED_MIST	0	0	0	0	1	0	1
2026-04-11 08:39:15.405895+00	OLD	IDLE	0	0	0	0	0	0	0
2026-04-11 08:39:15.405895+00	NEW	SEALED_MIST	0	0	0	0	0	0	2
2026-04-11 08:40:15.540341+00	OLD	IDLE	0	0	0	0	0	0	0
2026-04-11 08:40:15.540341+00	NEW	SEALED_MIST	0	0	0	0	0	0	2
2026-04-11 08:41:15.686922+00	OLD	IDLE	0	0	0	0	0	0	0
2026-04-11 08:41:15.686922+00	NEW	SEALED_MIST	0	0	0	0	0	0	2
2026-04-11 08:48:16.822546+00	OLD	SEALED_MIST	0	0	0	0	1	0	0
2026-04-11 08:48:16.822546+00	NEW	IDLE	0	0	0	0	1	0	0
2026-04-11 08:49:16.99512+00	OLD	SEALED_MIST	0	0	0	0	1	0	1
2026-04-11 08:49:16.99512+00	NEW	IDLE	0	0	0	0	1	0	0
2026-04-11 08:50:17.13789+00	OLD	SEALED_MIST	0	0	0	0	1	0	1
2026-04-11 08:50:17.13789+00	NEW	IDLE	0	0	0	0	1	0	0
2026-04-11 08:51:17.278579+00	OLD	SEALED_MIST	0	0	0	0	0	0	1
2026-04-11 08:51:17.278579+00	NEW	IDLE	0	0	0	0	0	0	0
2026-04-11 08:52:17.40842+00	OLD	SEALED_MIST	0	0	0	0	0	0	1
2026-04-11 08:52:17.40842+00	NEW	SEALED_MIST	0	0	0	0	0	0	0
2026-04-11 08:54:17.664251+00	OLD	SEALED_MIST	0	0	0	0	0	0	2
2026-04-11 08:54:17.664251+00	NEW	SEALED_MIST	0	0	0	0	0	0	1
2026-04-11 08:55:17.806288+00	OLD	SEALED_MIST	0	0	0	0	1	0	2
2026-04-11 08:55:17.806288+00	NEW	SEALED_MIST	0	0	0	0	1	0	1
2026-04-11 08:56:17.932892+00	OLD	SEALED_MIST	0	0	0	0	1	0	2
2026-04-11 08:56:17.932892+00	NEW	SEALED_MIST	0	0	0	0	1	0	1
2026-04-11 08:57:18.026513+00	OLD	IDLE	0	0	0	0	1	0	0
2026-04-11 08:57:18.026513+00	NEW	SEALED_MIST	0	0	0	0	1	0	1
2026-04-11 08:58:18.142692+00	OLD	IDLE	0	0	0	0	1	0	0
2026-04-11 08:58:18.142692+00	NEW	SEALED_MIST	0	0	0	0	1	0	2
2026-04-11 08:59:18.279368+00	OLD	IDLE	0	0	0	0	1	0	0
2026-04-11 08:59:18.279368+00	NEW	SEALED_MIST	0	0	0	0	1	0	2
2026-04-11 09:00:18.414796+00	OLD	IDLE	0	0	0	0	1	0	0
2026-04-11 09:00:18.414796+00	NEW	SEALED_MIST	0	0	0	0	1	0	2
2026-04-11 09:07:19.524017+00	OLD	SEALED_MIST	0	0	0	0	1	0	0
2026-04-11 09:07:19.524017+00	NEW	IDLE	0	0	0	0	1	0	0
2026-04-11 09:08:19.707076+00	OLD	SEALED_MIST	0	0	0	0	1	0	1
2026-04-11 09:08:19.707076+00	NEW	IDLE	0	0	0	0	1	0	0
2026-04-11 09:09:19.881233+00	OLD	SEALED_MIST	0	0	0	0	1	0	1
2026-04-11 09:09:19.881233+00	NEW	IDLE	0	0	0	0	1	0	0
2026-04-11 09:10:20.04088+00	OLD	SEALED_MIST	0	0	0	0	1	0	1
2026-04-11 09:10:20.04088+00	NEW	IDLE	0	0	0	0	1	0	0
2026-04-11 09:11:20.1924+00	OLD	SEALED_MIST	0	0	0	0	1	0	1
2026-04-11 09:11:20.1924+00	NEW	SEALED_MIST	0	0	0	0	1	0	0
2026-04-11 09:13:20.518959+00	OLD	SEALED_MIST	0	0	0	0	1	0	2
2026-04-11 09:13:20.518959+00	NEW	SEALED_MIST	0	0	0	0	1	0	1
2026-04-11 09:14:20.683288+00	OLD	SEALED_MIST	0	0	0	0	0	0	2
2026-04-11 09:14:20.683288+00	NEW	SEALED_MIST	0	0	0	0	0	0	1
2026-04-11 09:15:20.842578+00	OLD	SEALED_MIST	0	0	0	0	0	0	2
2026-04-11 09:15:20.842578+00	NEW	SEALED_MIST	0	0	0	0	0	0	1
2026-04-11 09:16:21.016874+00	OLD	IDLE	0	0	0	0	0	0	0
2026-04-11 09:16:21.016874+00	NEW	SEALED_MIST	0	0	0	0	0	0	1
2026-04-11 09:17:21.170744+00	OLD	IDLE	0	0	0	0	0	0	0
2026-04-11 09:17:21.170744+00	NEW	SEALED_MIST	0	0	0	0	0	0	2
2026-04-11 09:18:21.314889+00	OLD	IDLE	0	0	0	0	1	0	0
2026-04-11 09:18:21.314889+00	NEW	SEALED_MIST	0	0	0	0	1	0	2
2026-04-11 09:19:21.466825+00	OLD	IDLE	0	0	0	0	1	0	0
2026-04-11 09:19:21.466825+00	NEW	SEALED_MIST	0	0	0	0	1	0	2
2026-04-11 09:26:22.587089+00	OLD	SEALED_MIST	0	0	0	0	0	0	0
2026-04-11 09:26:22.587089+00	NEW	IDLE	0	0	0	0	0	0	0
2026-04-11 09:27:22.731911+00	OLD	SEALED_MIST	0	0	0	0	0	0	1
2026-04-11 09:27:22.731911+00	NEW	IDLE	0	0	0	0	0	0	0
2026-04-11 09:28:22.912162+00	OLD	SEALED_MIST	0	0	0	0	0	0	1
2026-04-11 09:28:22.912162+00	NEW	IDLE	0	0	0	0	0	0	0
2026-04-11 09:29:23.062639+00	OLD	SEALED_MIST	0	0	0	0	0	0	1
2026-04-11 09:29:23.062639+00	NEW	IDLE	0	0	0	0	0	0	0
2026-04-11 09:30:23.202202+00	OLD	SEALED_MIST	0	0	0	0	1	0	1
2026-04-11 09:30:23.202202+00	NEW	SEALED_MIST	0	0	0	0	1	0	0
2026-04-11 09:32:23.506767+00	OLD	SEALED_MIST	0	0	0	0	1	0	2
2026-04-11 09:32:23.506767+00	NEW	SEALED_MIST	0	0	0	0	1	0	1
2026-04-11 09:33:23.640707+00	OLD	SEALED_MIST	0	0	0	0	1	0	2
2026-04-11 09:33:23.640707+00	NEW	SEALED_MIST	0	0	0	0	1	0	1
2026-04-11 09:34:23.769727+00	OLD	SEALED_MIST	0	0	0	0	1	0	2
2026-04-11 09:34:23.769727+00	NEW	SEALED_MIST	0	0	0	0	1	0	1
2026-04-11 09:35:23.890511+00	OLD	IDLE	0	0	0	0	1	0	0
2026-04-11 09:35:23.890511+00	NEW	SEALED_MIST	0	0	0	0	1	0	1
2026-04-11 09:36:24.004757+00	OLD	IDLE	0	0	0	0	1	0	0
2026-04-11 09:36:24.004757+00	NEW	SEALED_MIST	0	0	0	0	1	0	2
2026-04-11 09:37:24.125638+00	OLD	IDLE	0	0	0	0	1	0	0
2026-04-11 09:37:24.125638+00	NEW	SEALED_MIST	0	0	0	0	1	0	2
2026-04-11 09:38:24.23384+00	OLD	IDLE	0	0	0	0	0	0	0
2026-04-11 09:38:24.23384+00	NEW	SEALED_MIST	0	0	0	0	0	0	2
2026-04-11 09:45:25.218956+00	OLD	SEALED_MIST	0	0	0	0	1	0	0
2026-04-11 09:45:25.218956+00	NEW	IDLE	0	0	0	0	1	0	0
2026-04-11 09:46:25.337392+00	OLD	SEALED_MIST	0	0	0	0	1	0	1
2026-04-11 09:46:25.337392+00	NEW	IDLE	0	0	0	0	1	0	0
2026-04-11 09:47:25.483911+00	OLD	SEALED_MIST	0	0	0	0	1	0	1
2026-04-11 09:47:25.483911+00	NEW	IDLE	0	0	0	0	1	0	0
2026-04-11 09:48:25.640323+00	OLD	SEALED_MIST	0	0	0	0	1	0	1
2026-04-11 09:48:25.640323+00	NEW	IDLE	0	0	0	0	1	0	0
2026-04-11 09:49:25.779364+00	OLD	SEALED_MIST	0	0	0	0	0	0	1
2026-04-11 09:49:25.779364+00	NEW	SEALED_MIST	0	0	0	0	0	0	0
2026-04-11 09:51:26.090646+00	OLD	SEALED_MIST	0	0	0	0	0	0	2
2026-04-11 09:51:26.090646+00	NEW	SEALED_MIST	0	0	0	0	0	0	1
2026-04-11 09:52:26.243688+00	OLD	SEALED_MIST	0	0	0	0	0	0	2
2026-04-11 09:52:26.243688+00	NEW	SEALED_MIST	0	0	0	0	0	0	1
2026-04-11 09:53:26.381946+00	OLD	SEALED_MIST	0	0	0	0	1	0	2
2026-04-11 09:53:26.381946+00	NEW	SEALED_MIST	0	0	0	0	1	0	1
2026-04-11 09:54:26.542985+00	OLD	IDLE	0	0	0	0	1	0	0
2026-04-11 09:54:26.542985+00	NEW	SEALED_MIST	0	0	0	0	1	0	1
2026-04-11 09:55:26.648953+00	OLD	IDLE	0	0	0	0	1	0	0
2026-04-11 09:55:26.648953+00	NEW	SEALED_MIST	0	0	0	0	1	0	2
2026-04-11 09:56:26.783892+00	OLD	IDLE	0	0	0	0	1	0	0
2026-04-11 09:56:26.783892+00	NEW	SEALED_MIST	0	0	0	0	1	0	2
2026-04-11 09:57:26.948937+00	OLD	IDLE	0	0	0	0	1	0	0
2026-04-11 09:57:26.948937+00	NEW	SEALED_MIST	0	0	0	0	1	0	2
2026-04-11 10:04:28.143511+00	OLD	SEALED_MIST	0	0	0	0	1	0	0
2026-04-11 10:04:28.143511+00	NEW	IDLE	0	0	0	0	1	0	0
2026-04-11 10:05:28.289115+00	OLD	SEALED_MIST	0	0	0	0	1	0	1
2026-04-11 10:05:28.289115+00	NEW	IDLE	0	0	0	0	1	0	0
2026-04-11 10:06:28.436985+00	OLD	SEALED_MIST	0	0	0	0	1	0	1
2026-04-11 10:06:28.436985+00	NEW	IDLE	0	0	0	0	1	0	0
2026-04-11 10:07:28.598679+00	OLD	SEALED_MIST	0	0	0	0	1	0	1
2026-04-11 10:07:28.598679+00	NEW	IDLE	0	0	0	0	1	0	0
2026-04-11 10:08:28.754072+00	OLD	SEALED_MIST	0	0	0	0	1	0	1
2026-04-11 10:08:28.754072+00	NEW	SEALED_MIST	0	0	0	0	1	0	0
2026-04-11 10:10:29.051658+00	OLD	SEALED_MIST	0	0	0	0	1	0	2
2026-04-11 10:10:29.051658+00	NEW	SEALED_MIST	0	0	0	0	1	0	1
2026-04-11 10:11:29.20884+00	OLD	SEALED_MIST	0	0	0	0	1	0	2
2026-04-11 10:11:29.20884+00	NEW	SEALED_MIST	0	0	0	0	1	0	1
2026-04-11 10:12:29.359104+00	OLD	SEALED_MIST	0	0	0	0	0	0	2
2026-04-11 10:12:29.359104+00	NEW	SEALED_MIST	0	0	0	0	0	0	1
2026-04-11 10:13:29.512208+00	OLD	IDLE	0	0	0	0	0	0	0
2026-04-11 10:13:29.512208+00	NEW	SEALED_MIST	0	0	0	0	0	0	1
2026-04-11 10:14:29.659338+00	OLD	IDLE	0	0	0	0	0	0	0
2026-04-11 10:14:29.659338+00	NEW	SEALED_MIST	0	0	0	0	0	0	2
2026-04-11 10:15:29.808763+00	OLD	IDLE	0	0	0	0	0	0	0
2026-04-11 10:15:29.808763+00	NEW	SEALED_MIST	0	0	0	0	0	0	2
2026-04-11 10:16:30.012473+00	OLD	IDLE	0	0	0	0	1	0	0
2026-04-11 10:16:30.012473+00	NEW	SEALED_MIST	0	0	0	0	1	0	2
2026-04-11 10:23:31.11376+00	OLD	SEALED_MIST	0	0	0	0	1	0	0
2026-04-11 10:23:31.11376+00	NEW	IDLE	0	0	0	0	1	0	0
2026-04-11 10:24:31.244583+00	OLD	SEALED_MIST	0	0	0	0	0	0	1
2026-04-11 10:24:31.244583+00	NEW	IDLE	0	0	0	0	0	0	0
2026-04-11 10:25:31.383724+00	OLD	SEALED_MIST	0	0	0	0	0	0	1
2026-04-11 10:25:31.383724+00	NEW	IDLE	0	0	0	0	0	0	0
2026-04-11 10:26:31.530994+00	OLD	SEALED_MIST	0	0	0	0	0	0	1
2026-04-11 10:26:31.530994+00	NEW	IDLE	0	0	0	0	0	0	0
2026-04-11 10:27:31.695804+00	OLD	SEALED_MIST	0	0	0	0	1	0	1
2026-04-11 10:27:31.695804+00	NEW	SEALED_MIST	0	0	0	0	1	0	0
2026-04-11 10:29:31.994137+00	OLD	SEALED_MIST	0	0	0	0	1	0	2
2026-04-11 10:29:31.994137+00	NEW	SEALED_MIST	0	0	0	0	1	0	1
2026-04-11 10:30:32.133303+00	OLD	SEALED_MIST	0	0	0	0	1	0	2
2026-04-11 10:30:32.133303+00	NEW	SEALED_MIST	0	0	0	0	1	0	1
2026-04-11 10:31:32.321405+00	OLD	SEALED_MIST	0	0	0	0	1	0	2
2026-04-11 10:31:32.321405+00	NEW	SEALED_MIST	0	0	0	0	1	0	1
2026-04-11 10:32:32.501117+00	OLD	IDLE	0	0	0	0	1	0	0
2026-04-11 10:32:32.501117+00	NEW	SEALED_MIST	0	0	0	0	1	0	1
2026-04-11 10:33:32.702821+00	OLD	IDLE	0	0	0	0	1	0	0
2026-04-11 10:33:32.702821+00	NEW	SEALED_MIST	0	0	0	0	1	0	2
2026-04-11 10:34:32.902095+00	OLD	IDLE	0	0	0	0	1	0	0
2026-04-11 10:34:32.902095+00	NEW	SEALED_MIST	0	0	0	0	1	0	2
2026-04-11 10:35:33.062179+00	OLD	IDLE	0	0	0	0	0	0	0
2026-04-11 10:35:33.062179+00	NEW	SEALED_MIST	0	0	0	0	0	0	2
2026-04-11 10:42:34.516137+00	OLD	SEALED_MIST	0	0	0	0	1	0	0
2026-04-11 10:42:34.516137+00	NEW	IDLE	0	0	0	0	1	0	0
2026-04-11 10:43:34.715662+00	OLD	SEALED_MIST	0	0	0	0	1	0	1
2026-04-11 10:43:34.715662+00	NEW	IDLE	0	0	0	0	1	0	0
2026-04-11 10:44:34.885802+00	OLD	SEALED_MIST	0	0	0	0	1	0	1
2026-04-11 10:44:34.885802+00	NEW	IDLE	0	0	0	0	1	0	0
2026-04-11 10:45:35.040887+00	OLD	SEALED_MIST	0	0	0	0	1	0	1
2026-04-11 10:45:35.040887+00	NEW	IDLE	0	0	0	0	1	0	0
2026-04-11 10:46:35.194301+00	OLD	SEALED_MIST	0	0	0	0	1	0	1
2026-04-11 10:46:35.194301+00	NEW	SEALED_MIST	0	0	0	0	1	0	0
2026-04-11 10:48:35.50585+00	OLD	SEALED_MIST	0	0	0	0	0	0	2
2026-04-11 10:48:35.50585+00	NEW	SEALED_MIST	0	0	0	0	0	0	1
2026-04-11 10:49:35.655395+00	OLD	SEALED_MIST	0	0	0	0	0	0	2
2026-04-11 10:49:35.655395+00	NEW	SEALED_MIST	0	0	0	0	0	0	1
2026-04-11 10:50:35.797292+00	OLD	SEALED_MIST	0	0	0	0	1	0	2
2026-04-11 10:50:35.797292+00	NEW	SEALED_MIST	0	0	0	0	1	0	1
2026-04-11 10:51:35.932522+00	OLD	IDLE	0	0	0	0	1	0	0
2026-04-11 10:51:35.932522+00	NEW	SEALED_MIST	0	0	0	0	1	0	1
2026-04-11 10:52:36.071597+00	OLD	IDLE	0	0	0	0	1	0	0
2026-04-11 10:52:36.071597+00	NEW	SEALED_MIST	0	0	0	0	1	0	2
2026-04-11 10:53:36.201657+00	OLD	IDLE	0	0	0	0	1	0	0
2026-04-11 10:53:36.201657+00	NEW	SEALED_MIST	0	0	0	0	1	0	2
2026-04-11 10:54:36.356308+00	OLD	IDLE	0	0	0	0	1	0	0
2026-04-11 10:54:36.356308+00	NEW	SEALED_MIST	0	0	0	0	1	0	2
2026-04-11 11:01:37.336076+00	OLD	SEALED_MIST	0	0	0	0	1	0	0
2026-04-11 11:01:37.336076+00	NEW	IDLE	0	0	0	0	1	0	0
2026-04-11 11:02:37.474162+00	OLD	SEALED_MIST	0	0	0	0	1	0	1
2026-04-11 11:02:37.474162+00	NEW	IDLE	0	0	0	0	1	0	0
2026-04-11 11:03:37.625551+00	OLD	SEALED_MIST	0	0	0	0	1	0	1
2026-04-11 11:03:37.625551+00	NEW	IDLE	0	0	0	0	1	0	0
2026-04-11 11:04:37.787758+00	OLD	SEALED_MIST	0	0	0	0	1	0	1
2026-04-11 11:04:37.787758+00	NEW	IDLE	0	0	0	0	1	0	0
2026-04-11 11:05:37.976903+00	OLD	SEALED_MIST	0	0	0	0	1	0	1
2026-04-11 11:05:37.976903+00	NEW	SEALED_MIST	0	0	0	0	1	0	0
2026-04-11 11:07:38.31286+00	OLD	SEALED_MIST	0	0	0	0	1	0	2
2026-04-11 11:07:38.31286+00	NEW	SEALED_MIST	0	0	0	0	1	0	1
2026-04-11 11:08:38.497058+00	OLD	SEALED_MIST	0	0	0	0	1	0	2
2026-04-11 11:08:38.497058+00	NEW	SEALED_MIST	0	0	0	0	1	0	1
2026-04-11 11:09:38.671577+00	OLD	SEALED_MIST	0	0	0	0	1	0	2
2026-04-11 11:09:38.671577+00	NEW	SEALED_MIST	0	0	0	0	1	0	1
2026-04-11 11:10:38.838886+00	OLD	IDLE	0	0	0	0	1	0	0
2026-04-11 11:10:38.838886+00	NEW	SEALED_MIST	0	0	0	0	1	0	1
2026-04-11 11:11:38.997406+00	OLD	IDLE	0	0	0	0	1	0	0
2026-04-11 11:11:38.997406+00	NEW	SEALED_MIST	0	0	0	0	1	0	2
2026-04-11 11:12:39.222128+00	OLD	IDLE	0	0	0	0	1	0	0
2026-04-11 11:12:39.222128+00	NEW	SEALED_MIST	0	0	0	0	1	0	2
2026-04-11 11:13:39.388138+00	OLD	IDLE	0	0	0	0	1	0	0
2026-04-11 11:13:39.388138+00	NEW	SEALED_MIST	0	0	0	0	1	0	2
2026-04-11 11:20:40.640044+00	OLD	SEALED_MIST	0	0	0	0	1	0	0
2026-04-11 11:20:40.640044+00	NEW	IDLE	0	0	0	0	1	0	0
2026-04-11 11:21:40.775449+00	OLD	SEALED_MIST	0	0	0	0	1	0	1
2026-04-11 11:21:40.775449+00	NEW	IDLE	0	0	0	0	1	0	0
2026-04-11 11:22:40.923339+00	OLD	SEALED_MIST	0	0	0	0	1	0	1
2026-04-11 11:22:40.923339+00	NEW	IDLE	0	0	0	0	1	0	0
2026-04-11 11:23:41.107275+00	OLD	SEALED_MIST	0	0	0	0	1	0	1
2026-04-11 11:23:41.107275+00	NEW	IDLE	0	0	0	0	1	0	0
2026-04-11 11:24:41.252934+00	OLD	SEALED_MIST	0	0	0	0	1	0	1
2026-04-11 11:24:41.252934+00	NEW	SEALED_MIST	0	0	0	0	1	0	0
2026-04-11 11:26:41.552271+00	OLD	SEALED_MIST	0	0	0	0	1	0	2
2026-04-11 11:26:41.552271+00	NEW	SEALED_MIST	0	0	0	0	1	0	1
2026-04-11 11:27:41.693642+00	OLD	SEALED_MIST	0	0	0	0	1	0	2
2026-04-11 11:27:41.693642+00	NEW	SEALED_MIST	0	0	0	0	1	0	1
2026-04-11 11:28:41.837555+00	OLD	SEALED_MIST	0	0	0	0	1	0	2
2026-04-11 11:28:41.837555+00	NEW	SEALED_MIST	0	0	0	0	1	0	1
2026-04-11 11:29:41.999658+00	OLD	IDLE	0	0	0	0	1	0	0
2026-04-11 11:29:41.999658+00	NEW	SEALED_MIST	0	0	0	0	1	0	1
2026-04-11 11:30:42.132956+00	OLD	IDLE	0	0	0	0	1	0	0
2026-04-11 11:30:42.132956+00	NEW	SEALED_MIST	0	0	0	0	1	0	2
2026-04-11 11:31:42.324989+00	OLD	IDLE	0	0	0	0	1	0	0
2026-04-11 11:31:42.324989+00	NEW	SEALED_MIST	0	0	0	0	1	0	2
2026-04-11 11:32:42.506206+00	OLD	IDLE	0	0	0	0	1	0	0
2026-04-11 11:32:42.506206+00	NEW	SEALED_MIST	0	0	0	0	1	0	2
2026-04-11 11:41:43.980411+00	OLD	SEALED_MIST	0	0	0	0	1	1	0
2026-04-11 11:41:43.980411+00	NEW	IDLE	0	0	0	0	1	1	0
2026-04-11 11:42:44.121369+00	OLD	SEALED_MIST	0	0	0	0	1	1	1
2026-04-11 11:42:44.121369+00	NEW	IDLE	0	0	0	0	1	1	0
2026-04-11 11:43:44.267218+00	OLD	SEALED_MIST	0	0	0	0	1	1	1
2026-04-11 11:43:44.267218+00	NEW	SEALED_MIST	0	0	0	0	1	1	0
2026-04-11 11:47:44.968345+00	OLD	SEALED_MIST	0	0	0	0	1	0	2
2026-04-11 11:47:44.968345+00	NEW	SEALED_MIST	0	0	0	0	1	0	1
2026-04-11 11:48:45.147925+00	OLD	SEALED_MIST	0	0	0	0	1	0	2
2026-04-11 11:48:45.147925+00	NEW	SEALED_MIST	0	0	0	0	1	0	1
2026-04-11 11:50:45.373501+00	OLD	IDLE	0	0	0	0	1	0	0
2026-04-11 11:50:45.373501+00	NEW	SEALED_MIST	0	0	0	0	1	0	2
2026-04-11 11:51:45.518401+00	OLD	IDLE	0	0	0	0	1	0	0
2026-04-11 11:51:45.518401+00	NEW	SEALED_MIST	0	0	0	0	1	0	2
2026-04-11 12:00:46.947766+00	OLD	SEALED_MIST	0	0	0	0	1	0	0
2026-04-11 12:00:46.947766+00	NEW	IDLE	0	0	0	0	1	0	0
2026-04-11 12:01:47.129125+00	OLD	SEALED_MIST	0	0	0	0	1	0	1
2026-04-11 12:01:47.129125+00	NEW	IDLE	0	0	0	0	1	0	0
2026-04-11 12:02:47.313614+00	OLD	SEALED_MIST	0	0	0	0	1	0	1
2026-04-11 12:02:47.313614+00	NEW	SEALED_MIST	0	0	0	0	1	0	0
2026-04-11 12:06:48.168987+00	OLD	SEALED_MIST	0	0	0	0	1	0	2
2026-04-11 12:06:48.168987+00	NEW	SEALED_MIST	0	0	0	0	1	0	1
2026-04-11 12:07:48.368681+00	OLD	SEALED_MIST	0	0	0	0	1	0	2
2026-04-11 12:07:48.368681+00	NEW	SEALED_MIST	0	0	0	0	1	0	1
2026-04-11 12:09:48.865174+00	OLD	IDLE	0	0	0	0	1	0	0
2026-04-11 12:09:48.865174+00	NEW	SEALED_MIST	0	0	0	0	1	0	2
2026-04-11 12:10:49.114129+00	OLD	IDLE	0	0	0	0	1	0	0
2026-04-11 12:10:49.114129+00	NEW	SEALED_MIST	0	0	0	0	1	0	2
2026-04-11 12:19:50.986475+00	OLD	SEALED_MIST	0	0	0	0	1	1	0
2026-04-11 12:19:50.986475+00	NEW	IDLE	0	0	0	0	1	1	0
2026-04-11 12:20:51.147434+00	OLD	SEALED_MIST	0	0	0	0	1	1	1
2026-04-11 12:20:51.147434+00	NEW	IDLE	0	0	0	0	1	1	0
2026-04-11 12:21:51.326678+00	OLD	SEALED_MIST	0	0	0	0	1	1	1
2026-04-11 12:21:51.326678+00	NEW	SEALED_MIST	0	0	0	0	1	1	0
2026-04-11 18:13:05.317555+00	OLD	VENTILATE	1	1	1	1	0	0	0
2026-04-11 18:13:05.317555+00	NEW	VENTILATE	0	1	1	1	0	0	0
2026-04-11 18:14:05.465787+00	OLD	VENTILATE	1	1	1	1	0	0	0
2026-04-11 18:14:05.465787+00	NEW	VENTILATE	0	1	1	1	0	0	0
2026-04-11 18:19:06.259606+00	OLD	VENTILATE	1	1	1	1	0	0	0
2026-04-11 18:19:06.259606+00	NEW	VENTILATE	0	1	1	1	0	0	0
2026-04-11 18:20:06.390478+00	OLD	VENTILATE	1	1	1	1	0	0	0
2026-04-11 18:20:06.390478+00	NEW	VENTILATE	0	1	1	1	0	0	0
2026-04-11 18:22:06.648018+00	OLD	VENTILATE	1	1	1	1	0	0	0
2026-04-11 18:22:06.648018+00	NEW	VENTILATE	0	1	1	1	0	0	0
2026-04-11 18:23:06.787952+00	OLD	VENTILATE	1	1	1	1	0	0	0
2026-04-11 18:23:06.787952+00	NEW	VENTILATE	0	1	1	1	0	0	0
2026-04-11 18:27:07.459916+00	OLD	VENTILATE	1	1	1	1	0	0	0
2026-04-11 18:27:07.459916+00	NEW	VENTILATE	0	1	1	1	0	0	0
2026-04-11 18:28:07.59272+00	OLD	VENTILATE	1	1	1	1	0	0	0
2026-04-11 18:28:07.59272+00	NEW	VENTILATE	0	1	1	1	0	0	0
2026-04-11 18:38:09.374417+00	OLD	VENTILATE	1	1	1	0	0	0	0
2026-04-11 18:38:09.374417+00	NEW	VENTILATE	0	1	1	0	0	0	0
2026-04-11 18:51:11.499349+00	OLD	VENTILATE	1	1	1	1	0	0	0
2026-04-11 18:51:11.499349+00	NEW	VENTILATE	0	1	1	1	0	0	0
2026-04-12 03:49:28.116727+00	OLD	SEALED_MIST	0	0	0	0	1	0	0
2026-04-12 03:49:28.116727+00	NEW	IDLE	0	0	0	0	1	0	0
2026-04-12 03:56:29.408615+00	OLD	SEALED_MIST	0	0	0	0	1	0	0
2026-04-12 03:56:29.408615+00	NEW	IDLE	0	0	0	0	1	0	0
2026-04-12 18:04:04.456449+00	OLD	VENTILATE	1	1	1	1	0	0	0
2026-04-12 18:04:04.456449+00	NEW	VENTILATE	0	1	1	1	0	0	0
2026-04-12 18:05:04.640316+00	OLD	VENTILATE	1	1	1	1	0	0	0
2026-04-12 18:05:04.640316+00	NEW	VENTILATE	0	1	1	1	0	0	0
2026-04-12 18:06:04.778375+00	OLD	VENTILATE	1	1	1	1	0	0	0
2026-04-12 18:06:04.778375+00	NEW	VENTILATE	0	1	1	1	0	0	0
2026-04-12 18:17:06.463967+00	OLD	VENTILATE	1	1	1	1	0	0	0
2026-04-12 18:17:06.463967+00	NEW	VENTILATE	0	1	1	1	0	0	0
2026-04-12 18:18:06.646704+00	OLD	VENTILATE	1	1	1	1	0	0	0
2026-04-12 18:18:06.646704+00	NEW	VENTILATE	0	1	1	1	0	0	0
2026-04-12 18:27:07.916925+00	OLD	VENTILATE	1	1	1	1	0	0	0
2026-04-12 18:27:07.916925+00	NEW	VENTILATE	0	1	1	1	0	0	0
2026-04-12 18:28:08.040643+00	OLD	VENTILATE	1	1	1	1	0	0	0
2026-04-12 18:28:08.040643+00	NEW	VENTILATE	0	1	1	1	0	0	0
2026-04-12 18:29:08.182971+00	OLD	VENTILATE	1	1	1	1	0	0	0
2026-04-12 18:29:08.182971+00	NEW	VENTILATE	0	1	1	1	0	0	0
2026-04-12 18:34:09.417371+00	OLD	VENTILATE	1	1	1	1	0	0	0
2026-04-12 18:34:09.417371+00	NEW	VENTILATE	0	1	1	1	0	0	0
2026-04-12 18:35:09.542288+00	OLD	VENTILATE	1	1	1	1	0	0	0
2026-04-12 18:35:09.542288+00	NEW	VENTILATE	0	1	1	1	0	0	0
2026-04-12 18:36:09.676954+00	OLD	VENTILATE	1	1	1	1	0	0	0
2026-04-12 18:36:09.676954+00	NEW	VENTILATE	0	1	1	1	0	0	0
2026-04-12 18:37:09.833702+00	OLD	VENTILATE	1	1	1	1	0	0	0
2026-04-12 18:37:09.833702+00	NEW	VENTILATE	0	1	1	1	0	0	0
2026-04-12 18:41:10.406558+00	OLD	VENTILATE	1	1	1	1	0	0	0
2026-04-12 18:41:10.406558+00	NEW	VENTILATE	0	1	1	1	0	0	0
2026-04-12 18:42:10.624457+00	OLD	VENTILATE	1	1	1	0	0	0	0
2026-04-12 18:42:10.624457+00	NEW	VENTILATE	0	1	1	0	0	0	0
2026-04-12 18:54:12.270857+00	OLD	VENTILATE	1	1	1	1	0	0	0
2026-04-12 18:54:12.270857+00	NEW	VENTILATE	0	1	1	1	0	0	0
2026-04-12 18:55:12.408567+00	OLD	VENTILATE	1	1	1	1	0	0	0
2026-04-12 18:55:12.408567+00	NEW	VENTILATE	0	1	1	1	0	0	0
2026-04-12 18:56:12.557988+00	OLD	VENTILATE	1	1	1	1	0	0	0
2026-04-12 18:56:12.557988+00	NEW	VENTILATE	0	1	1	1	0	0	0
2026-04-13 00:05:15.100304+00	OLD	VENTILATE	1	1	1	1	0	0	0
2026-04-13 00:05:15.100304+00	NEW	VENTILATE	0	1	1	1	0	0	0
2026-04-13 00:06:15.257642+00	OLD	VENTILATE	1	1	1	1	0	0	0
2026-04-13 00:06:15.257642+00	NEW	VENTILATE	0	1	1	1	0	0	0
2026-04-13 00:24:18.246472+00	OLD	VENTILATE	1	1	1	1	0	0	0
2026-04-13 00:24:18.246472+00	NEW	VENTILATE	0	1	1	1	0	0	0
2026-04-13 00:41:20.237185+00	OLD	VENTILATE	1	1	1	1	0	0	0
2026-04-13 00:41:20.237185+00	NEW	VENTILATE	0	1	1	1	0	0	0
2026-04-13 01:45:30.905175+00	OLD	VENTILATE	1	1	1	0	0	0	0
2026-04-13 01:45:30.905175+00	NEW	VENTILATE	0	1	1	0	0	0	0
2026-04-13 02:48:41.396968+00	OLD	SEALED_MIST	0	0	0	0	0	0	0
2026-04-13 02:48:41.396968+00	NEW	IDLE	0	0	0	0	0	0	0
2026-04-13 03:01:43.980148+00	OLD	SEALED_MIST	0	0	0	0	0	0	0
2026-04-13 03:01:43.980148+00	NEW	IDLE	0	0	0	0	0	0	0
2026-04-13 03:14:45.862273+00	OLD	SEALED_MIST	0	0	0	0	0	0	0
2026-04-13 03:14:45.862273+00	NEW	IDLE	0	0	0	0	0	0	0
2026-04-13 03:39:48.908593+00	OLD	SEALED_MIST	0	0	0	0	0	0	0
2026-04-13 03:39:48.908593+00	NEW	IDLE	0	0	0	0	0	0	0
2026-04-13 03:40:49.016888+00	OLD	SEALED_MIST	0	0	0	0	0	0	1
2026-04-13 03:40:49.016888+00	NEW	IDLE	0	0	0	0	0	0	0
2026-04-13 03:53:50.791762+00	OLD	SEALED_MIST	0	0	0	0	0	0	0
2026-04-13 03:53:50.791762+00	NEW	IDLE	0	0	0	0	0	0	0
2026-04-13 03:54:50.943306+00	OLD	SEALED_MIST	0	0	0	0	0	0	1
2026-04-13 03:54:50.943306+00	NEW	IDLE	0	0	0	0	0	0	0
2026-04-13 04:31:26.489287+00	OLD	SEALED_MIST	0	0	0	0	0	0	0
2026-04-13 04:31:26.489287+00	NEW	IDLE	0	0	0	0	0	0	0
2026-04-13 04:32:26.656445+00	OLD	SEALED_MIST	0	0	0	0	0	0	1
2026-04-13 04:32:26.656445+00	NEW	IDLE	0	0	0	0	0	0	0
2026-04-13 04:44:28.685046+00	OLD	SEALED_MIST	0	0	0	0	0	0	0
2026-04-13 04:44:28.685046+00	NEW	IDLE	0	0	0	0	0	0	0
2026-04-13 04:56:31.739155+00	OLD	SEALED_MIST	0	0	0	0	1	0	0
2026-04-13 04:56:31.739155+00	NEW	IDLE	0	0	0	0	1	0	0
2026-04-13 05:09:35.170198+00	OLD	SEALED_MIST	0	0	0	0	0	0	0
2026-04-13 05:09:35.170198+00	NEW	IDLE	0	0	0	0	0	0	0
2026-04-13 05:10:35.541987+00	OLD	SEALED_MIST	0	0	0	0	1	0	1
2026-04-13 05:10:35.541987+00	NEW	IDLE	0	0	0	0	1	0	0
2026-04-13 05:22:37.503743+00	OLD	SEALED_MIST	0	0	0	0	1	0	0
2026-04-13 05:22:37.503743+00	NEW	IDLE	0	0	0	0	1	0	0
2026-04-13 05:35:38.981736+00	OLD	SEALED_MIST	0	0	0	0	1	0	0
2026-04-13 05:35:38.981736+00	NEW	IDLE	0	0	0	0	1	0	0
2026-04-13 05:36:39.095711+00	OLD	SEALED_MIST	0	0	0	0	1	0	1
2026-04-13 05:36:39.095711+00	NEW	IDLE	0	0	0	0	1	0	0
2026-04-13 18:02:28.389533+00	OLD	VENTILATE	1	1	1	1	0	0	0
2026-04-13 18:02:28.389533+00	NEW	VENTILATE	0	1	1	1	0	0	0
2026-04-13 18:36:44.214831+00	OLD	VENTILATE	1	1	1	1	0	0	0
2026-04-13 18:36:44.214831+00	NEW	VENTILATE	0	1	1	1	0	0	0
2026-04-13 18:48:51.318449+00	OLD	VENTILATE	1	1	1	1	0	0	0
2026-04-13 18:48:51.318449+00	NEW	VENTILATE	0	1	1	1	0	0	0
2026-04-13 18:49:51.459379+00	OLD	VENTILATE	1	1	1	0	0	0	0
2026-04-13 18:49:51.459379+00	NEW	VENTILATE	0	1	1	0	0	0	0
2026-04-14 00:26:14.21746+00	OLD	VENTILATE	1	1	1	1	0	0	0
2026-04-14 00:26:14.21746+00	NEW	VENTILATE	0	1	1	1	0	0	0
2026-04-14 01:51:37.431251+00	OLD	VENTILATE	1	1	1	0	0	0	0
2026-04-14 01:51:37.431251+00	NEW	VENTILATE	0	1	1	0	0	0	0
2026-04-14 02:41:49.742357+00	OLD	VENTILATE	1	1	1	0	0	0	0
2026-04-14 02:41:49.742357+00	NEW	VENTILATE	0	1	1	0	0	0	0
2026-04-14 04:35:12.139622+00	OLD	VENTILATE	1	1	1	0	0	0	0
2026-04-14 04:35:12.139622+00	NEW	VENTILATE	0	1	1	0	0	0	0
2026-04-14 04:38:13.437591+00	OLD	VENTILATE	1	1	1	0	0	0	0
2026-04-14 04:38:13.437591+00	NEW	VENTILATE	0	1	1	0	0	0	0
2026-04-14 04:39:13.902993+00	OLD	VENTILATE	1	1	1	0	0	0	0
2026-04-14 04:39:13.902993+00	NEW	VENTILATE	0	1	1	0	0	0	0
2026-04-14 04:40:14.116324+00	OLD	VENTILATE	1	1	1	0	0	0	0
2026-04-14 04:40:14.116324+00	NEW	VENTILATE	0	1	1	0	0	0	0
2026-04-14 04:41:14.288954+00	OLD	VENTILATE	1	1	1	0	0	0	0
2026-04-14 04:41:14.288954+00	NEW	VENTILATE	0	1	1	0	0	0	0
2026-04-14 04:43:14.711331+00	OLD	SEALED_MIST	1	0	0	0	1	0	3
2026-04-14 04:43:14.711331+00	NEW	IDLE	0	0	0	0	1	0	0
2026-04-14 04:44:14.942227+00	OLD	SEALED_MIST	1	0	0	0	1	0	3
2026-04-14 04:44:14.942227+00	NEW	IDLE	0	0	0	0	1	0	0
2026-04-14 04:45:15.345138+00	OLD	SEALED_MIST	1	0	0	0	1	0	3
2026-04-14 04:45:15.345138+00	NEW	IDLE	0	0	0	0	1	0	0
2026-04-14 04:46:15.664159+00	OLD	SEALED_MIST	1	0	0	0	1	0	3
2026-04-14 04:46:15.664159+00	NEW	IDLE	0	0	0	0	1	0	0
2026-04-14 04:47:15.8418+00	OLD	SEALED_MIST	1	0	0	0	1	0	3
2026-04-14 04:47:15.8418+00	NEW	IDLE	0	0	0	0	1	0	0
2026-04-14 04:48:16.073809+00	OLD	SEALED_MIST	1	0	0	0	1	0	3
2026-04-14 04:48:16.073809+00	NEW	IDLE	0	0	0	0	1	0	0
2026-04-14 04:49:16.214121+00	OLD	SEALED_MIST	1	0	0	0	1	0	3
2026-04-14 04:49:16.214121+00	NEW	IDLE	0	0	0	0	1	0	0
2026-04-14 04:50:16.375932+00	OLD	SEALED_MIST	1	0	0	0	1	0	3
2026-04-14 04:50:16.375932+00	NEW	IDLE	0	0	0	0	1	0	0
2026-04-14 04:51:16.81837+00	OLD	SEALED_MIST	1	0	0	0	1	0	3
2026-04-14 04:51:16.81837+00	NEW	IDLE	0	0	0	0	1	0	0
2026-04-14 05:02:18.592863+00	OLD	SEALED_MIST	1	0	0	0	1	0	3
2026-04-14 05:02:18.592863+00	NEW	IDLE	0	0	0	0	1	0	0
2026-04-14 05:17:22.657649+00	OLD	SEALED_MIST	0	0	0	0	0	0	0
2026-04-14 05:17:22.657649+00	NEW	IDLE	0	0	0	0	0	0	0
2026-04-14 05:30:26.311722+00	OLD	SEALED_MIST	0	0	0	0	1	0	0
2026-04-14 05:30:26.311722+00	NEW	IDLE	0	0	0	0	1	0	0
2026-04-14 05:55:29.878726+00	OLD	SEALED_MIST	0	0	0	0	0	0	0
2026-04-14 05:55:29.878726+00	NEW	IDLE	0	0	0	0	0	0	0
2026-04-15 18:21:57.065804+00	OLD	VENTILATE	1	1	1	1	0	0	0
2026-04-15 18:21:57.065804+00	NEW	VENTILATE	0	1	1	1	0	0	0
2026-04-15 18:32:58.567216+00	OLD	VENTILATE	1	1	1	1	0	0	0
2026-04-15 18:32:58.567216+00	NEW	VENTILATE	0	1	1	1	0	0	0
2026-04-15 18:33:58.745556+00	OLD	VENTILATE	1	1	1	1	0	0	0
2026-04-15 18:33:58.745556+00	NEW	VENTILATE	0	1	1	1	0	0	0
2026-04-15 18:34:58.852946+00	OLD	VENTILATE	1	1	1	1	0	0	0
2026-04-15 18:34:58.852946+00	NEW	VENTILATE	0	1	1	1	0	0	0
2026-04-15 18:44:59.98489+00	OLD	VENTILATE	1	1	1	1	0	0	0
2026-04-15 18:44:59.98489+00	NEW	VENTILATE	0	1	1	1	0	0	0
2026-04-15 18:46:00.226117+00	OLD	VENTILATE	1	1	1	1	0	0	0
2026-04-15 18:46:00.226117+00	NEW	VENTILATE	0	1	1	1	0	0	0
2026-04-15 18:59:02.233551+00	OLD	VENTILATE	1	1	1	1	0	0	0
2026-04-15 18:59:02.233551+00	NEW	VENTILATE	0	1	1	1	0	0	0
2026-04-16 00:00:05.704152+00	OLD	VENTILATE	1	1	1	1	0	0	0
2026-04-16 00:00:05.704152+00	NEW	VENTILATE	0	1	1	1	0	0	0
2026-04-16 00:01:05.92486+00	OLD	VENTILATE	1	1	1	1	0	0	0
2026-04-16 00:01:05.92486+00	NEW	VENTILATE	0	1	1	1	0	0	0
2026-04-16 00:02:06.022639+00	OLD	VENTILATE	1	1	1	1	0	0	0
2026-04-16 00:02:06.022639+00	NEW	VENTILATE	0	1	1	1	0	0	0
2026-04-16 00:03:06.21174+00	OLD	VENTILATE	1	1	1	1	0	0	0
2026-04-16 00:03:06.21174+00	NEW	VENTILATE	0	1	1	1	0	0	0
2026-04-16 00:04:06.318453+00	OLD	VENTILATE	1	1	1	1	0	0	0
2026-04-16 00:04:06.318453+00	NEW	VENTILATE	0	1	1	1	0	0	0
2026-04-16 00:05:06.515101+00	OLD	VENTILATE	1	1	1	1	0	0	0
2026-04-16 00:05:06.515101+00	NEW	VENTILATE	0	1	1	1	0	0	0
2026-04-16 00:06:06.820424+00	OLD	VENTILATE	1	1	1	1	0	0	0
2026-04-16 00:06:06.820424+00	NEW	VENTILATE	0	1	1	1	0	0	0
2026-04-16 00:07:06.922711+00	OLD	VENTILATE	1	1	1	1	0	0	0
2026-04-16 00:07:06.922711+00	NEW	VENTILATE	0	1	1	1	0	0	0
2026-04-16 00:08:07.739379+00	OLD	VENTILATE	1	1	1	1	0	0	0
2026-04-16 00:08:07.739379+00	NEW	VENTILATE	0	1	1	1	0	0	0
2026-04-16 00:09:07.903598+00	OLD	VENTILATE	1	1	1	1	0	0	0
2026-04-16 00:09:07.903598+00	NEW	VENTILATE	0	1	1	1	0	0	0
2026-04-16 00:10:07.998615+00	OLD	VENTILATE	1	1	1	1	0	0	0
2026-04-16 00:10:07.998615+00	NEW	VENTILATE	0	1	1	1	0	0	0
2026-04-16 00:11:08.094983+00	OLD	VENTILATE	1	1	1	1	0	0	0
2026-04-16 00:11:08.094983+00	NEW	VENTILATE	0	1	1	1	0	0	0
2026-04-16 00:12:08.204098+00	OLD	VENTILATE	1	1	1	1	0	0	0
2026-04-16 00:12:08.204098+00	NEW	VENTILATE	0	1	1	1	0	0	0
2026-04-16 00:13:08.330146+00	OLD	VENTILATE	1	1	1	1	0	0	0
2026-04-16 00:13:08.330146+00	NEW	VENTILATE	0	1	1	1	0	0	0
2026-04-16 00:14:08.437785+00	OLD	VENTILATE	1	1	1	1	0	0	0
2026-04-16 00:14:08.437785+00	NEW	VENTILATE	0	1	1	1	0	0	0
2026-04-16 00:15:08.567523+00	OLD	VENTILATE	1	1	1	1	0	0	0
2026-04-16 00:15:08.567523+00	NEW	VENTILATE	0	1	1	1	0	0	0
2026-04-16 00:16:08.870075+00	OLD	VENTILATE	1	1	1	1	0	0	0
2026-04-16 00:16:08.870075+00	NEW	VENTILATE	0	1	1	1	0	0	0
2026-04-16 00:17:09.002992+00	OLD	VENTILATE	1	1	1	1	0	0	0
2026-04-16 00:17:09.002992+00	NEW	VENTILATE	0	1	1	1	0	0	0
2026-04-16 00:18:09.12752+00	OLD	VENTILATE	1	1	1	1	0	0	0
2026-04-16 00:18:09.12752+00	NEW	VENTILATE	0	1	1	1	0	0	0
2026-04-16 00:19:09.245944+00	OLD	VENTILATE	1	1	1	1	0	0	0
2026-04-16 00:19:09.245944+00	NEW	VENTILATE	0	1	1	1	0	0	0
2026-04-16 00:20:09.346139+00	OLD	VENTILATE	1	1	1	1	0	0	0
2026-04-16 00:20:09.346139+00	NEW	VENTILATE	0	1	1	1	0	0	0
2026-04-16 00:21:09.658532+00	OLD	VENTILATE	1	1	1	1	0	0	0
2026-04-16 00:21:09.658532+00	NEW	VENTILATE	0	1	1	1	0	0	0
2026-04-16 00:22:09.763967+00	OLD	VENTILATE	1	1	1	0	0	0	0
2026-04-16 00:22:09.763967+00	NEW	VENTILATE	0	1	1	0	0	0	0
2026-04-16 00:23:09.876114+00	OLD	VENTILATE	1	1	1	0	0	0	0
2026-04-16 00:23:09.876114+00	NEW	VENTILATE	0	1	1	0	0	0	0
2026-04-16 00:24:09.977083+00	OLD	VENTILATE	1	1	1	0	0	0	0
2026-04-16 00:24:09.977083+00	NEW	VENTILATE	0	1	1	0	0	0	0
2026-04-16 00:25:10.120458+00	OLD	VENTILATE	1	1	1	0	0	0	0
2026-04-16 00:25:10.120458+00	NEW	VENTILATE	0	1	1	0	0	0	0
2026-04-16 00:26:10.242565+00	OLD	VENTILATE	1	1	1	0	0	0	0
2026-04-16 00:26:10.242565+00	NEW	VENTILATE	0	1	1	0	0	0	0
2026-04-16 00:27:10.355158+00	OLD	VENTILATE	1	1	1	0	0	0	0
2026-04-16 00:27:10.355158+00	NEW	VENTILATE	0	1	1	0	0	0	0
2026-04-16 00:28:10.484921+00	OLD	VENTILATE	1	1	1	0	0	0	0
2026-04-16 00:28:10.484921+00	NEW	VENTILATE	0	1	1	0	0	0	0
2026-04-16 00:29:10.594391+00	OLD	VENTILATE	1	1	1	0	0	0	0
2026-04-16 00:29:10.594391+00	NEW	VENTILATE	0	1	1	0	0	0	0
2026-04-16 00:30:10.701294+00	OLD	VENTILATE	1	1	1	0	0	0	0
2026-04-16 00:30:10.701294+00	NEW	VENTILATE	0	1	1	0	0	0	0
2026-04-16 00:31:10.880979+00	OLD	VENTILATE	1	1	1	0	0	0	0
2026-04-16 00:31:10.880979+00	NEW	VENTILATE	0	1	1	0	0	0	0
2026-04-16 00:32:11.002805+00	OLD	VENTILATE	1	1	1	0	0	0	0
2026-04-16 00:32:11.002805+00	NEW	VENTILATE	0	1	1	0	0	0	0
2026-04-16 00:42:12.211713+00	OLD	VENTILATE	1	1	1	0	0	0	0
2026-04-16 00:42:12.211713+00	NEW	VENTILATE	0	1	1	0	0	0	0
2026-04-16 00:43:12.387742+00	OLD	VENTILATE	1	1	1	0	0	0	0
2026-04-16 00:43:12.387742+00	NEW	VENTILATE	0	1	1	0	0	0	0
2026-04-16 00:54:14.30445+00	OLD	VENTILATE	1	1	1	0	0	0	0
2026-04-16 00:54:14.30445+00	NEW	VENTILATE	0	1	1	0	0	0	0
2026-04-16 00:55:14.409576+00	OLD	VENTILATE	1	1	1	0	0	0	0
2026-04-16 00:55:14.409576+00	NEW	VENTILATE	0	1	1	0	0	0	0
2026-04-16 01:06:16.070704+00	OLD	VENTILATE	1	1	1	0	0	0	0
2026-04-16 01:06:16.070704+00	NEW	VENTILATE	0	1	1	0	0	0	0
2026-04-16 01:07:16.210028+00	OLD	VENTILATE	1	1	1	0	0	0	0
2026-04-16 01:07:16.210028+00	NEW	VENTILATE	0	1	1	0	0	0	0
2026-04-16 01:08:16.316934+00	OLD	VENTILATE	1	1	1	0	0	0	0
2026-04-16 01:08:16.316934+00	NEW	VENTILATE	0	1	1	0	0	0	0
2026-04-16 01:09:16.431792+00	OLD	VENTILATE	1	1	1	0	0	0	0
2026-04-16 01:09:16.431792+00	NEW	VENTILATE	0	1	1	0	0	0	0
2026-04-16 01:10:16.5738+00	OLD	VENTILATE	1	1	1	0	0	0	0
2026-04-16 01:10:16.5738+00	NEW	VENTILATE	0	1	1	0	0	0	0
2026-04-16 01:11:16.703298+00	OLD	VENTILATE	1	1	1	0	0	0	0
2026-04-16 01:11:16.703298+00	NEW	VENTILATE	0	1	1	0	0	0	0
2026-04-16 01:12:16.827178+00	OLD	VENTILATE	1	1	1	0	0	0	0
2026-04-16 01:12:16.827178+00	NEW	VENTILATE	0	1	1	0	0	0	0
2026-04-16 01:13:17.023338+00	OLD	VENTILATE	1	1	1	0	0	0	0
2026-04-16 01:13:17.023338+00	NEW	VENTILATE	0	1	1	0	0	0	0
2026-04-16 01:14:17.135964+00	OLD	SEALED_MIST	1	0	0	0	0	0	3
2026-04-16 01:14:17.135964+00	NEW	IDLE	0	0	0	0	0	0	0
2026-04-16 01:15:17.257951+00	OLD	SEALED_MIST	1	0	0	0	0	0	3
2026-04-16 01:15:17.257951+00	NEW	IDLE	0	0	0	0	0	0	0
2026-04-16 01:16:17.520919+00	OLD	SEALED_MIST	1	0	0	0	0	0	3
2026-04-16 01:16:17.520919+00	NEW	IDLE	0	0	0	0	0	0	0
2026-04-16 01:17:17.650064+00	OLD	SEALED_MIST	1	0	0	0	0	0	3
2026-04-16 01:17:17.650064+00	NEW	IDLE	0	0	0	0	0	0	0
2026-04-16 01:18:17.76624+00	OLD	SEALED_MIST	1	0	0	0	0	0	3
2026-04-16 01:18:17.76624+00	NEW	IDLE	0	0	0	0	0	0	0
2026-04-16 01:19:17.879606+00	OLD	SEALED_MIST	1	0	0	0	0	0	3
2026-04-16 01:19:17.879606+00	NEW	IDLE	0	0	0	0	0	0	0
2026-04-16 01:20:17.973825+00	OLD	SEALED_MIST	1	0	0	0	0	0	3
2026-04-16 01:20:17.973825+00	NEW	IDLE	0	0	0	0	0	0	0
2026-04-16 01:21:18.140719+00	OLD	SEALED_MIST	1	0	0	0	0	0	3
2026-04-16 01:21:18.140719+00	NEW	IDLE	0	0	0	0	0	0	0
2026-04-16 01:22:18.244847+00	OLD	SEALED_MIST	1	0	0	0	0	0	3
2026-04-16 01:22:18.244847+00	NEW	IDLE	0	0	0	0	0	0	0
2026-04-16 01:33:19.739094+00	OLD	SEALED_MIST	1	0	0	0	1	0	3
2026-04-16 01:33:19.739094+00	NEW	IDLE	0	0	0	0	1	0	0
2026-04-16 01:34:19.899299+00	OLD	SEALED_MIST	1	0	0	0	1	0	3
2026-04-16 01:34:19.899299+00	NEW	IDLE	0	0	0	0	1	0	0
2026-04-16 01:35:20.030375+00	OLD	SEALED_MIST	1	0	0	0	1	0	3
2026-04-16 01:35:20.030375+00	NEW	IDLE	0	0	0	0	1	0	0
2026-04-16 01:36:20.156499+00	OLD	SEALED_MIST	1	0	0	0	1	0	3
2026-04-16 01:36:20.156499+00	NEW	IDLE	0	0	0	0	1	0	0
2026-04-16 01:37:20.363895+00	OLD	SEALED_MIST	1	0	0	0	1	0	3
2026-04-16 01:37:20.363895+00	NEW	IDLE	0	0	0	0	1	0	0
2026-04-16 01:38:20.515832+00	OLD	SEALED_MIST	0	0	0	0	1	0	2
2026-04-16 01:38:20.515832+00	NEW	IDLE	0	0	0	0	1	0	0
2026-04-16 01:48:13.691006+00	OLD	SEALED_MIST	0	0	0	0	1	1	0
2026-04-16 01:48:13.691006+00	NEW	IDLE	0	0	0	0	1	1	0
2026-04-16 01:49:13.810927+00	OLD	SEALED_MIST	0	0	0	0	1	1	1
2026-04-16 01:49:13.810927+00	NEW	IDLE	0	0	0	0	1	1	0
2026-04-16 01:50:14.129265+00	OLD	SEALED_MIST	0	0	0	0	1	1	1
2026-04-16 01:50:14.129265+00	NEW	IDLE	0	0	0	0	1	1	0
2026-04-16 01:59:15.536051+00	OLD	SEALED_MIST	0	0	0	0	1	0	0
2026-04-16 01:59:15.536051+00	NEW	IDLE	0	0	0	0	1	0	0
2026-04-16 02:00:15.669525+00	OLD	SEALED_MIST	0	0	0	0	1	0	1
2026-04-16 02:00:15.669525+00	NEW	IDLE	0	0	0	0	1	0	0
2026-04-16 02:01:16.027323+00	OLD	SEALED_MIST	0	0	0	0	1	0	1
2026-04-16 02:01:16.027323+00	NEW	IDLE	0	0	0	0	1	0	0
2026-04-16 02:12:18.991705+00	OLD	SEALED_MIST	0	0	0	0	1	0	0
2026-04-16 02:12:18.991705+00	NEW	IDLE	0	0	0	0	1	0	0
2026-04-16 02:13:19.107458+00	OLD	SEALED_MIST	0	0	0	0	1	0	1
2026-04-16 02:13:19.107458+00	NEW	IDLE	0	0	0	0	1	0	0
2026-04-16 02:14:19.278718+00	OLD	SEALED_MIST	0	0	0	0	1	0	1
2026-04-16 02:14:19.278718+00	NEW	IDLE	0	0	0	0	1	0	0
2026-04-16 02:15:19.668709+00	OLD	SEALED_MIST	1	0	0	0	1	0	3
2026-04-16 02:15:19.668709+00	NEW	IDLE	0	0	0	0	1	0	0
2026-04-16 02:16:19.874134+00	OLD	SEALED_MIST	1	0	0	0	1	0	3
2026-04-16 02:16:19.874134+00	NEW	IDLE	0	0	0	0	1	0	0
2026-04-16 02:17:20.006926+00	OLD	SEALED_MIST	1	0	0	0	1	0	3
2026-04-16 02:17:20.006926+00	NEW	IDLE	0	0	0	0	1	0	0
2026-04-16 02:18:20.203955+00	OLD	SEALED_MIST	1	0	0	0	1	0	3
2026-04-16 02:18:20.203955+00	NEW	IDLE	0	0	0	0	1	0	0
2026-04-16 02:19:20.391482+00	OLD	SEALED_MIST	1	0	0	0	1	0	3
2026-04-16 02:19:20.391482+00	NEW	IDLE	0	0	0	0	1	0	0
2026-04-16 02:20:20.500907+00	OLD	SEALED_MIST	1	0	0	0	1	0	3
2026-04-16 02:20:20.500907+00	NEW	IDLE	0	0	0	0	1	0	0
2026-04-16 03:19:28.626256+00	OLD	SEALED_MIST	0	0	0	0	1	1	0
2026-04-16 03:19:28.626256+00	NEW	IDLE	0	0	0	0	1	1	0
2026-04-16 03:32:30.153223+00	OLD	SEALED_MIST	0	0	0	0	1	1	0
2026-04-16 03:32:30.153223+00	NEW	IDLE	0	0	0	0	1	1	0
2026-04-16 18:00:36.146553+00	OLD	VENTILATE	1	1	1	1	0	0	0
2026-04-16 18:00:36.146553+00	NEW	VENTILATE	0	1	1	1	0	0	0
2026-04-16 18:01:36.340337+00	OLD	VENTILATE	1	1	1	1	0	0	0
2026-04-16 18:01:36.340337+00	NEW	VENTILATE	0	1	1	1	0	0	0
2026-04-16 18:02:36.549207+00	OLD	VENTILATE	1	1	1	1	0	0	0
2026-04-16 18:02:36.549207+00	NEW	VENTILATE	0	1	1	1	0	0	0
2026-04-16 18:12:37.856652+00	OLD	VENTILATE	1	1	1	1	0	0	0
2026-04-16 18:12:37.856652+00	NEW	VENTILATE	0	1	1	1	0	0	0
2026-04-16 18:13:37.984137+00	OLD	VENTILATE	1	1	1	1	0	0	0
2026-04-16 18:13:37.984137+00	NEW	VENTILATE	0	1	1	1	0	0	0
2026-04-16 18:20:38.792261+00	OLD	VENTILATE	1	1	1	1	0	0	0
2026-04-16 18:20:38.792261+00	NEW	VENTILATE	0	1	1	1	0	0	0
2026-04-16 18:21:38.896675+00	OLD	VENTILATE	1	1	1	1	0	0	0
2026-04-16 18:21:38.896675+00	NEW	VENTILATE	0	1	1	1	0	0	0
2026-04-16 18:22:39.029439+00	OLD	VENTILATE	1	1	1	1	0	0	0
2026-04-16 18:22:39.029439+00	NEW	VENTILATE	0	1	1	1	0	0	0
2026-04-16 18:29:40.025332+00	OLD	VENTILATE	1	1	1	1	0	0	0
2026-04-16 18:29:40.025332+00	NEW	VENTILATE	0	1	1	1	0	0	0
2026-04-16 18:30:40.183931+00	OLD	VENTILATE	1	1	1	1	0	0	0
2026-04-16 18:30:40.183931+00	NEW	VENTILATE	0	1	1	1	0	0	0
2026-04-16 18:37:41.250488+00	OLD	VENTILATE	1	1	1	1	0	0	0
2026-04-16 18:37:41.250488+00	NEW	VENTILATE	0	1	1	1	0	0	0
2026-04-16 18:38:41.388089+00	OLD	VENTILATE	1	1	1	1	0	0	0
2026-04-16 18:38:41.388089+00	NEW	VENTILATE	0	1	1	1	0	0	0
2026-04-16 18:43:42.077453+00	OLD	VENTILATE	1	1	1	1	0	0	0
2026-04-16 18:43:42.077453+00	NEW	VENTILATE	0	1	1	1	0	0	0
2026-04-16 18:44:42.585619+00	OLD	VENTILATE	1	1	1	1	0	0	0
2026-04-16 18:44:42.585619+00	NEW	VENTILATE	0	1	1	1	0	0	0
2026-04-16 18:45:42.738749+00	OLD	VENTILATE	1	1	1	1	0	0	0
2026-04-16 18:45:42.738749+00	NEW	VENTILATE	0	1	1	1	0	0	0
2026-04-16 18:51:43.828711+00	OLD	VENTILATE	1	1	1	1	0	0	0
2026-04-16 18:51:43.828711+00	NEW	VENTILATE	0	1	1	1	0	0	0
2026-04-16 18:52:43.978746+00	OLD	VENTILATE	1	1	1	1	0	0	0
2026-04-16 18:52:43.978746+00	NEW	VENTILATE	0	1	1	1	0	0	0
2026-04-17 00:05:29.231715+00	OLD	VENTILATE	1	1	1	0	0	0	0
2026-04-17 00:05:29.231715+00	NEW	VENTILATE	0	1	1	0	0	0	0
2026-04-17 00:06:29.329909+00	OLD	VENTILATE	1	1	1	1	0	0	0
2026-04-17 00:06:29.329909+00	NEW	VENTILATE	0	1	1	1	0	0	0
2026-04-17 00:17:30.848202+00	OLD	VENTILATE	1	1	1	1	0	0	0
2026-04-17 00:17:30.848202+00	NEW	VENTILATE	0	1	1	1	0	0	0
2026-04-17 00:29:32.68035+00	OLD	VENTILATE	1	1	1	0	0	0	0
2026-04-17 00:29:32.68035+00	NEW	VENTILATE	0	1	1	0	0	0	0
2026-04-17 00:30:32.818639+00	OLD	VENTILATE	1	1	1	0	0	0	0
2026-04-17 00:30:32.818639+00	NEW	VENTILATE	0	1	1	0	0	0	0
2026-04-17 00:31:32.940575+00	OLD	VENTILATE	1	1	1	0	0	0	0
2026-04-17 00:31:32.940575+00	NEW	VENTILATE	0	1	1	0	0	0	0
2026-04-17 00:32:33.053267+00	OLD	VENTILATE	1	1	1	0	0	0	0
2026-04-17 00:32:33.053267+00	NEW	VENTILATE	0	1	1	0	0	0	0
2026-04-17 00:33:33.132802+00	OLD	VENTILATE	1	1	1	0	0	0	0
2026-04-17 00:33:33.132802+00	NEW	VENTILATE	0	1	1	0	0	0	0
2026-04-17 00:34:33.222355+00	OLD	VENTILATE	1	1	1	0	0	0	0
2026-04-17 00:34:33.222355+00	NEW	VENTILATE	0	1	1	0	0	0	0
2026-04-17 00:35:33.327374+00	OLD	VENTILATE	1	1	1	0	0	0	0
2026-04-17 00:35:33.327374+00	NEW	VENTILATE	0	1	1	0	0	0	0
2026-04-17 00:36:33.429078+00	OLD	VENTILATE	1	1	1	0	0	0	0
2026-04-17 00:36:33.429078+00	NEW	VENTILATE	0	1	1	0	0	0	0
2026-04-17 00:37:33.529803+00	OLD	VENTILATE	1	1	1	0	0	0	0
2026-04-17 00:37:33.529803+00	NEW	VENTILATE	0	1	1	0	0	0	0
2026-04-17 00:38:33.614817+00	OLD	VENTILATE	1	1	1	0	0	0	0
2026-04-17 00:38:33.614817+00	NEW	VENTILATE	0	1	1	0	0	0	0
2026-04-17 00:39:33.73863+00	OLD	VENTILATE	1	1	1	0	0	0	0
2026-04-17 00:39:33.73863+00	NEW	VENTILATE	0	1	1	0	0	0	0
2026-04-17 00:40:33.902766+00	OLD	VENTILATE	1	1	1	0	0	0	0
2026-04-17 00:40:33.902766+00	NEW	VENTILATE	0	1	1	0	0	0	0
2026-04-17 00:41:34.097527+00	OLD	VENTILATE	1	1	1	0	0	0	0
2026-04-17 00:41:34.097527+00	NEW	VENTILATE	0	1	1	0	0	0	0
2026-04-17 00:42:34.411733+00	OLD	VENTILATE	1	1	1	0	0	0	0
2026-04-17 00:42:34.411733+00	NEW	VENTILATE	0	1	1	0	0	0	0
2026-04-17 00:43:34.556298+00	OLD	VENTILATE	1	1	1	0	0	0	0
2026-04-17 00:43:34.556298+00	NEW	VENTILATE	0	1	1	0	0	0	0
2026-04-17 00:44:34.698865+00	OLD	VENTILATE	1	1	1	0	0	0	0
2026-04-17 00:44:34.698865+00	NEW	VENTILATE	0	1	1	0	0	0	0
2026-04-17 00:45:34.832061+00	OLD	VENTILATE	1	1	1	0	0	0	0
2026-04-17 00:45:34.832061+00	NEW	VENTILATE	0	1	1	0	0	0	0
2026-04-17 00:46:35.016891+00	OLD	VENTILATE	1	1	1	0	0	0	0
2026-04-17 00:46:35.016891+00	NEW	VENTILATE	0	1	1	0	0	0	0
2026-04-17 00:47:35.161055+00	OLD	VENTILATE	1	1	1	0	0	0	0
2026-04-17 00:47:35.161055+00	NEW	VENTILATE	0	1	1	0	0	0	0
2026-04-17 00:48:35.311982+00	OLD	VENTILATE	1	1	1	0	0	0	0
2026-04-17 00:48:35.311982+00	NEW	VENTILATE	0	1	1	0	0	0	0
2026-04-17 00:49:35.45966+00	OLD	VENTILATE	1	1	1	0	0	0	0
2026-04-17 00:49:35.45966+00	NEW	VENTILATE	0	1	1	0	0	0	0
2026-04-17 00:50:35.603585+00	OLD	VENTILATE	1	1	1	0	0	0	0
2026-04-17 00:50:35.603585+00	NEW	VENTILATE	0	1	1	0	0	0	0
2026-04-17 00:51:35.705064+00	OLD	VENTILATE	1	1	1	0	0	0	0
2026-04-17 00:51:35.705064+00	NEW	VENTILATE	0	1	1	0	0	0	0
2026-04-17 00:52:35.817895+00	OLD	VENTILATE	1	1	1	0	0	0	0
2026-04-17 00:52:35.817895+00	NEW	VENTILATE	0	1	1	0	0	0	0
2026-04-17 00:53:35.909485+00	OLD	VENTILATE	1	1	1	0	0	0	0
2026-04-17 00:53:35.909485+00	NEW	VENTILATE	0	1	1	0	0	0	0
2026-04-17 00:54:36.000075+00	OLD	VENTILATE	1	1	1	0	0	0	0
2026-04-17 00:54:36.000075+00	NEW	VENTILATE	0	1	1	0	0	0	0
2026-04-17 00:55:36.108086+00	OLD	VENTILATE	1	1	1	0	0	0	0
2026-04-17 00:55:36.108086+00	NEW	VENTILATE	0	1	1	0	0	0	0
2026-04-17 00:56:36.207261+00	OLD	VENTILATE	1	1	1	0	0	0	0
2026-04-17 00:56:36.207261+00	NEW	VENTILATE	0	1	1	0	0	0	0
2026-04-17 00:57:36.369724+00	OLD	VENTILATE	1	1	1	0	0	0	0
2026-04-17 00:57:36.369724+00	NEW	VENTILATE	0	1	1	0	0	0	0
2026-04-17 00:58:36.458975+00	OLD	VENTILATE	1	1	1	0	0	0	0
2026-04-17 00:58:36.458975+00	NEW	VENTILATE	0	1	1	0	0	0	0
2026-04-17 00:59:36.553934+00	OLD	VENTILATE	1	1	1	0	0	0	0
2026-04-17 00:59:36.553934+00	NEW	VENTILATE	0	1	1	0	0	0	0
2026-04-17 01:00:36.683764+00	OLD	VENTILATE	1	1	1	0	0	0	0
2026-04-17 01:00:36.683764+00	NEW	VENTILATE	0	1	1	0	0	0	0
2026-04-17 01:11:38.146956+00	OLD	SEALED_MIST	0	0	0	0	0	0	0
2026-04-17 01:11:38.146956+00	NEW	IDLE	0	0	0	0	0	0	0
2026-04-17 01:12:38.46528+00	OLD	SEALED_MIST	0	0	0	0	0	0	1
2026-04-17 01:12:38.46528+00	NEW	IDLE	0	0	0	0	0	0	0
2026-04-17 01:13:39.152752+00	OLD	SEALED_MIST	0	0	0	0	0	0	1
2026-04-17 01:13:39.152752+00	NEW	IDLE	0	0	0	0	0	0	0
2026-04-17 01:14:39.31452+00	OLD	SEALED_MIST	0	0	0	0	0	0	1
2026-04-17 01:14:39.31452+00	NEW	IDLE	0	0	0	0	0	0	0
2026-04-17 01:22:40.870283+00	OLD	SEALED_MIST	0	0	0	0	0	0	0
2026-04-17 01:22:40.870283+00	NEW	IDLE	0	0	0	0	0	0	0
2026-04-17 01:23:41.043137+00	OLD	SEALED_MIST	1	0	0	0	0	0	3
2026-04-17 01:23:41.043137+00	NEW	IDLE	0	0	0	0	0	0	0
2026-04-17 01:24:41.16519+00	OLD	SEALED_MIST	0	0	0	0	0	0	2
2026-04-17 01:24:41.16519+00	NEW	IDLE	0	0	0	0	0	0	0
2026-04-17 01:25:41.59129+00	OLD	SEALED_MIST	0	0	0	0	0	0	2
2026-04-17 01:25:41.59129+00	NEW	IDLE	0	0	0	0	0	0	0
2026-04-17 01:35:42.931735+00	OLD	SEALED_MIST	1	0	0	0	0	0	3
2026-04-17 01:35:42.931735+00	NEW	IDLE	0	0	0	0	0	0	0
2026-04-17 01:36:43.023936+00	OLD	SEALED_MIST	1	0	0	0	0	0	3
2026-04-17 01:36:43.023936+00	NEW	IDLE	0	0	0	0	0	0	0
2026-04-17 01:37:43.167527+00	OLD	SEALED_MIST	1	0	0	0	0	0	3
2026-04-17 01:37:43.167527+00	NEW	IDLE	0	0	0	0	0	0	0
2026-04-17 01:38:43.288463+00	OLD	SEALED_MIST	1	0	0	0	0	0	3
2026-04-17 01:38:43.288463+00	NEW	IDLE	0	0	0	0	0	0	0
2026-04-17 01:39:43.435138+00	OLD	SEALED_MIST	1	0	0	0	0	0	3
2026-04-17 01:39:43.435138+00	NEW	IDLE	0	0	0	0	0	0	0
2026-04-17 01:40:43.560109+00	OLD	SEALED_MIST	1	0	0	0	0	0	3
2026-04-17 01:40:43.560109+00	NEW	IDLE	0	0	0	0	0	0	0
2026-04-17 01:41:43.696126+00	OLD	SEALED_MIST	1	0	0	0	0	0	3
2026-04-17 01:41:43.696126+00	NEW	IDLE	0	0	0	0	0	0	0
2026-04-17 01:42:43.822781+00	OLD	SEALED_MIST	1	0	0	0	0	0	3
2026-04-17 01:42:43.822781+00	NEW	IDLE	0	0	0	0	0	0	0
2026-04-17 01:43:43.918612+00	OLD	SEALED_MIST	1	0	0	0	0	0	3
2026-04-17 01:43:43.918612+00	NEW	IDLE	0	0	0	0	0	0	0
2026-04-17 01:54:45.354078+00	OLD	SEALED_MIST	1	0	0	0	0	0	3
2026-04-17 01:54:45.354078+00	NEW	IDLE	0	0	0	0	0	0	0
2026-04-17 01:55:45.481002+00	OLD	SEALED_MIST	1	0	0	0	0	0	3
2026-04-17 01:55:45.481002+00	NEW	IDLE	0	0	0	0	0	0	0
2026-04-17 01:56:45.616999+00	OLD	SEALED_MIST	1	0	0	0	0	0	3
2026-04-17 01:56:45.616999+00	NEW	IDLE	0	0	0	0	0	0	0
2026-04-17 01:57:45.737842+00	OLD	SEALED_MIST	1	0	0	0	0	0	3
2026-04-17 01:57:45.737842+00	NEW	IDLE	0	0	0	0	0	0	0
2026-04-17 01:58:45.923098+00	OLD	SEALED_MIST	1	0	0	0	0	0	3
2026-04-17 01:58:45.923098+00	NEW	IDLE	0	0	0	0	0	0	0
2026-04-17 01:59:46.081441+00	OLD	SEALED_MIST	1	0	0	0	0	0	3
2026-04-17 01:59:46.081441+00	NEW	IDLE	0	0	0	0	0	0	0
2026-04-17 02:00:46.215915+00	OLD	SEALED_MIST	1	0	0	0	0	0	3
2026-04-17 02:00:46.215915+00	NEW	IDLE	0	0	0	0	0	0	0
2026-04-17 02:01:46.526661+00	OLD	SEALED_MIST	1	0	0	0	0	0	3
2026-04-17 02:01:46.526661+00	NEW	IDLE	0	0	0	0	0	0	0
2026-04-17 02:02:46.648967+00	OLD	SEALED_MIST	1	0	0	0	0	0	3
2026-04-17 02:02:46.648967+00	NEW	IDLE	0	0	0	0	0	0	0
2026-04-17 02:17:49.05298+00	OLD	SEALED_MIST	0	0	0	0	0	0	0
2026-04-17 02:17:49.05298+00	NEW	IDLE	0	0	0	0	0	0	0
2026-04-17 02:18:49.170847+00	OLD	SEALED_MIST	0	0	0	0	0	0	1
2026-04-17 02:18:49.170847+00	NEW	IDLE	0	0	0	0	0	0	0
2026-04-17 02:19:49.307908+00	OLD	SEALED_MIST	0	0	0	0	0	0	1
2026-04-17 02:19:49.307908+00	NEW	IDLE	0	0	0	0	0	0	0
2026-04-17 02:29:51.892242+00	OLD	SEALED_MIST	0	0	0	0	0	0	0
2026-04-17 02:29:51.892242+00	NEW	IDLE	0	0	0	0	0	0	0
2026-04-17 02:30:52.052695+00	OLD	SEALED_MIST	0	0	0	0	0	0	1
2026-04-17 02:30:52.052695+00	NEW	IDLE	0	0	0	0	0	0	0
2026-04-17 02:31:52.18634+00	OLD	SEALED_MIST	0	0	0	0	0	0	1
2026-04-17 02:31:52.18634+00	NEW	IDLE	0	0	0	0	0	0	0
2026-04-17 02:41:53.738145+00	OLD	SEALED_MIST	0	0	0	0	0	0	0
2026-04-17 02:41:53.738145+00	NEW	IDLE	0	0	0	0	0	0	0
2026-04-17 02:42:54.080829+00	OLD	SEALED_MIST	1	0	0	0	0	0	3
2026-04-17 02:42:54.080829+00	NEW	IDLE	0	0	0	0	0	0	0
2026-04-17 02:43:54.220026+00	OLD	SEALED_MIST	1	0	0	0	0	0	3
2026-04-17 02:43:54.220026+00	NEW	IDLE	0	0	0	0	0	0	0
2026-04-17 02:44:54.348877+00	OLD	SEALED_MIST	1	0	0	0	0	0	3
2026-04-17 02:44:54.348877+00	NEW	IDLE	0	0	0	0	0	0	0
2026-04-17 02:45:54.480914+00	OLD	SEALED_MIST	1	0	0	0	0	0	3
2026-04-17 02:45:54.480914+00	NEW	IDLE	0	0	0	0	0	0	0
2026-04-17 02:46:54.601194+00	OLD	SEALED_MIST	1	0	0	0	0	0	3
2026-04-17 02:46:54.601194+00	NEW	IDLE	0	0	0	0	0	0	0
2026-04-17 02:47:54.712974+00	OLD	SEALED_MIST	1	0	0	0	0	0	3
2026-04-17 02:47:54.712974+00	NEW	IDLE	0	0	0	0	0	0	0
2026-04-17 02:48:54.821284+00	OLD	SEALED_MIST	1	0	0	0	0	0	3
2026-04-17 02:48:54.821284+00	NEW	IDLE	0	0	0	0	0	0	0
2026-04-17 02:49:55.0706+00	OLD	SEALED_MIST	1	0	0	0	0	0	3
2026-04-17 02:49:55.0706+00	NEW	IDLE	0	0	0	0	0	0	0
2026-04-17 03:00:56.987876+00	OLD	SEALED_MIST	1	0	0	0	0	0	3
2026-04-17 03:00:56.987876+00	NEW	IDLE	0	0	0	0	0	0	0
2026-04-17 03:01:57.09481+00	OLD	SEALED_MIST	1	0	0	0	0	0	3
2026-04-17 03:01:57.09481+00	NEW	IDLE	0	0	0	0	0	0	0
2026-04-17 03:02:57.244214+00	OLD	SEALED_MIST	1	0	0	0	0	0	3
2026-04-17 03:02:57.244214+00	NEW	IDLE	0	0	0	0	0	0	0
2026-04-17 03:03:57.459618+00	OLD	SEALED_MIST	1	0	0	0	0	0	3
2026-04-17 03:03:57.459618+00	NEW	IDLE	0	0	0	0	0	0	0
2026-04-17 03:04:57.565374+00	OLD	SEALED_MIST	1	0	0	0	0	0	3
2026-04-17 03:04:57.565374+00	NEW	IDLE	0	0	0	0	0	0	0
2026-04-17 03:05:57.660511+00	OLD	SEALED_MIST	1	0	0	0	0	0	3
2026-04-17 03:05:57.660511+00	NEW	IDLE	0	0	0	0	0	0	0
2026-04-17 03:06:57.768677+00	OLD	SEALED_MIST	1	0	0	0	0	0	3
2026-04-17 03:06:57.768677+00	NEW	IDLE	0	0	0	0	0	0	0
2026-04-17 03:07:57.954537+00	OLD	SEALED_MIST	1	0	0	0	0	0	3
2026-04-17 03:07:57.954537+00	NEW	IDLE	0	0	0	0	0	0	0
2026-04-17 03:08:58.102588+00	OLD	SEALED_MIST	1	0	0	0	0	0	3
2026-04-17 03:08:58.102588+00	NEW	IDLE	0	0	0	0	0	0	0
2026-04-17 03:25:00.448302+00	OLD	SEALED_MIST	0	0	0	0	1	0	0
2026-04-17 03:25:00.448302+00	NEW	IDLE	0	0	0	0	1	0	0
2026-04-17 03:26:00.607836+00	OLD	SEALED_MIST	0	0	0	0	1	0	1
2026-04-17 03:26:00.607836+00	NEW	IDLE	0	0	0	0	1	0	0
2026-04-17 03:36:02.053091+00	OLD	SEALED_MIST	0	0	0	0	1	0	0
2026-04-17 03:36:02.053091+00	NEW	IDLE	0	0	0	0	1	0	0
2026-04-17 03:37:02.205344+00	OLD	SEALED_MIST	0	0	0	0	1	0	1
2026-04-17 03:37:02.205344+00	NEW	IDLE	0	0	0	0	1	0	0
2026-04-17 03:38:02.390905+00	OLD	SEALED_MIST	0	0	0	0	1	0	1
2026-04-17 03:38:02.390905+00	NEW	IDLE	0	0	0	0	1	0	0
2026-04-17 03:48:03.769753+00	OLD	SEALED_MIST	0	0	0	0	1	0	0
2026-04-17 03:48:03.769753+00	NEW	IDLE	0	0	0	0	1	0	0
2026-04-17 03:49:03.891303+00	OLD	SEALED_MIST	0	0	0	0	1	0	1
2026-04-17 03:49:03.891303+00	NEW	IDLE	0	0	0	0	1	0	0
2026-04-17 03:50:04.016894+00	OLD	SEALED_MIST	0	0	0	0	1	0	1
2026-04-17 03:50:04.016894+00	NEW	IDLE	0	0	0	0	1	0	0
2026-04-17 04:00:05.974369+00	OLD	SEALED_MIST	0	0	0	0	1	0	0
2026-04-17 04:00:05.974369+00	NEW	IDLE	0	0	0	0	1	0	0
2026-04-17 04:01:06.211203+00	OLD	SEALED_MIST	0	0	0	0	1	0	1
2026-04-17 04:01:06.211203+00	NEW	IDLE	0	0	0	0	1	0	0
2026-04-17 04:02:06.492471+00	OLD	SEALED_MIST	0	0	0	0	1	0	1
2026-04-17 04:02:06.492471+00	NEW	IDLE	0	0	0	0	1	0	0
2026-04-17 04:13:08.32601+00	OLD	SEALED_MIST	0	0	0	0	1	0	0
2026-04-17 04:13:08.32601+00	NEW	IDLE	0	0	0	0	1	0	0
2026-04-17 04:26:10.194174+00	OLD	SEALED_MIST	0	0	0	0	1	0	0
2026-04-17 04:26:10.194174+00	NEW	IDLE	0	0	0	0	1	0	0
2026-04-17 04:27:10.312377+00	OLD	SEALED_MIST	0	0	0	0	1	0	1
2026-04-17 04:27:10.312377+00	NEW	IDLE	0	0	0	0	1	0	0
2026-04-17 04:38:11.859337+00	OLD	SEALED_MIST	0	0	0	0	1	0	0
2026-04-17 04:38:11.859337+00	NEW	IDLE	0	0	0	0	1	0	0
2026-04-17 04:39:11.945351+00	OLD	SEALED_MIST	0	0	0	0	1	0	1
2026-04-17 04:39:11.945351+00	NEW	IDLE	0	0	0	0	1	0	0
2026-04-17 04:51:13.550899+00	OLD	SEALED_MIST	0	0	0	0	1	0	0
2026-04-17 04:51:13.550899+00	NEW	IDLE	0	0	0	0	1	0	0
2026-04-17 05:04:15.783423+00	OLD	SEALED_MIST	0	0	0	0	1	0	0
2026-04-17 05:04:15.783423+00	NEW	IDLE	0	0	0	0	1	0	0
2026-04-17 05:16:17.634405+00	OLD	SEALED_MIST	0	0	0	0	1	1	0
2026-04-17 05:16:17.634405+00	NEW	IDLE	0	0	0	0	1	1	0
2026-04-17 19:54:31.612928+00	OLD	SEALED_MIST	0	0	0	0	1	1	0
2026-04-17 19:54:31.612928+00	NEW	IDLE	0	0	0	0	1	1	0
2026-04-17 20:18:02.194+00	OLD	SEALED_MIST	0	0	0	0	0	0	0
2026-04-17 20:18:02.194+00	NEW	IDLE	0	0	0	0	0	0	0
2026-04-17 20:19:02.566756+00	OLD	SEALED_MIST	0	0	0	0	0	0	1
2026-04-17 20:19:02.566756+00	NEW	IDLE	0	0	0	0	0	0	0
2026-04-17 20:29:04.207798+00	OLD	SEALED_MIST	0	0	0	0	0	0	0
2026-04-17 20:29:04.207798+00	NEW	IDLE	0	0	0	0	0	0	0
2026-04-17 20:30:04.32503+00	OLD	SEALED_MIST	0	0	0	0	0	0	1
2026-04-17 20:30:04.32503+00	NEW	IDLE	0	0	0	0	0	0	0
2026-04-17 20:31:04.452666+00	OLD	SEALED_MIST	0	0	0	0	1	0	1
2026-04-17 20:31:04.452666+00	NEW	IDLE	0	0	0	0	1	0	0
2026-04-17 21:28:37.590795+00	OLD	SEALED_MIST	0	0	0	0	1	1	0
2026-04-17 21:28:37.590795+00	NEW	IDLE	0	0	0	0	1	1	0
2026-04-17 21:29:37.766866+00	OLD	SEALED_MIST	0	0	0	0	1	1	1
2026-04-17 21:29:37.766866+00	NEW	IDLE	0	0	0	0	1	1	0
2026-04-18 00:18:07.836244+00	OLD	SEALED_MIST	0	0	0	0	1	0	0
2026-04-18 00:18:07.836244+00	NEW	IDLE	0	0	0	0	1	0	0
2026-04-18 00:19:07.966694+00	OLD	SEALED_MIST	0	0	0	0	1	0	1
2026-04-18 00:19:07.966694+00	NEW	IDLE	0	0	0	0	1	0	0
2026-04-18 00:44:12.151072+00	OLD	SEALED_MIST	0	0	0	0	1	0	0
2026-04-18 00:44:12.151072+00	NEW	IDLE	0	0	0	0	1	0	0
2026-04-18 01:13:17.626294+00	OLD	SEALED_MIST	0	0	0	0	1	0	0
2026-04-18 01:13:17.626294+00	NEW	IDLE	0	0	0	0	1	0	0
2026-04-18 02:12:29.447499+00	OLD	SEALED_MIST	0	0	0	0	1	1	0
2026-04-18 02:12:29.447499+00	NEW	IDLE	0	0	0	0	1	1	0
2026-04-18 18:06:06.846413+00	OLD	SEALED_MIST	0	0	0	0	0	0	0
2026-04-18 18:06:06.846413+00	NEW	IDLE	0	0	0	0	0	0	0
2026-04-18 18:07:06.999038+00	OLD	SEALED_MIST	0	0	0	0	0	0	1
2026-04-18 18:07:06.999038+00	NEW	IDLE	0	0	0	0	0	0	0
2026-04-18 18:08:07.102718+00	OLD	SEALED_MIST	0	0	0	0	0	0	1
2026-04-18 18:08:07.102718+00	NEW	IDLE	0	0	0	0	0	0	0
2026-04-18 18:09:07.419969+00	OLD	SEALED_MIST	0	0	0	0	0	0	1
2026-04-18 18:09:07.419969+00	NEW	IDLE	0	0	0	0	0	0	0
2026-04-18 18:10:07.545351+00	OLD	SEALED_MIST	0	0	0	0	0	0	1
2026-04-18 18:10:07.545351+00	NEW	IDLE	0	0	0	0	0	0	0
2026-04-18 18:11:07.673739+00	OLD	SEALED_MIST	0	0	0	0	0	0	1
2026-04-18 18:11:07.673739+00	NEW	IDLE	0	0	0	0	0	0	0
2026-04-18 18:12:07.865817+00	OLD	SEALED_MIST	0	0	0	0	0	0	2
2026-04-18 18:12:07.865817+00	NEW	IDLE	0	0	0	0	0	0	0
2026-04-18 18:13:08.06635+00	OLD	SEALED_MIST	0	0	0	0	0	0	2
2026-04-18 18:13:08.06635+00	NEW	IDLE	0	0	0	0	0	0	0
2026-04-18 18:14:08.187498+00	OLD	SEALED_MIST	0	0	0	0	0	0	2
2026-04-18 18:14:08.187498+00	NEW	IDLE	0	0	0	0	0	0	0
2026-04-18 18:32:12.260266+00	OLD	SEALED_MIST	0	0	0	0	0	0	0
2026-04-18 18:32:12.260266+00	NEW	IDLE	0	0	0	0	0	0	0
2026-04-18 18:43:13.830994+00	OLD	SEALED_MIST	0	0	0	0	0	0	0
2026-04-18 18:43:13.830994+00	NEW	IDLE	0	0	0	0	0	0	0
2026-04-18 18:44:13.971588+00	OLD	SEALED_MIST	0	0	0	0	0	0	1
2026-04-18 18:44:13.971588+00	NEW	IDLE	0	0	0	0	0	0	0
2026-04-18 18:45:14.083256+00	OLD	SEALED_MIST	0	0	0	0	0	0	1
2026-04-18 18:45:14.083256+00	NEW	IDLE	0	0	0	0	0	0	0
2026-04-18 18:58:16.086634+00	OLD	VENTILATE	1	1	1	1	0	0	0
2026-04-18 18:58:16.086634+00	NEW	VENTILATE	0	1	1	1	0	0	0
2026-04-18 18:59:16.239449+00	OLD	VENTILATE	1	1	1	1	0	0	0
2026-04-18 18:59:16.239449+00	NEW	VENTILATE	0	1	1	1	0	0	0
2026-04-18 18:59:23.933912+00	OLD	VENTILATE	1	1	1	1	0	0	0
2026-04-18 18:59:23.933912+00	NEW	VENTILATE	0	1	1	1	0	0	0
2026-04-19 00:14:55.420187+00	OLD	SEALED_MIST	0	0	0	0	1	0	0
2026-04-19 00:14:55.420187+00	NEW	IDLE	0	0	0	0	1	0	0
2026-04-19 00:15:56.188716+00	OLD	SEALED_MIST	0	0	0	0	1	0	1
2026-04-19 00:15:56.188716+00	NEW	IDLE	0	0	0	0	1	0	0
2026-04-19 00:27:16.806768+00	OLD	SEALED_MIST	0	0	0	0	1	0	0
2026-04-19 00:27:16.806768+00	NEW	IDLE	0	0	0	0	1	0	0
2026-04-19 00:28:17.035472+00	OLD	SEALED_MIST	0	0	0	0	1	0	1
2026-04-19 00:28:17.035472+00	NEW	IDLE	0	0	0	0	1	0	0
2026-04-19 00:29:17.260902+00	OLD	SEALED_MIST	0	0	0	0	1	0	1
2026-04-19 00:29:17.260902+00	NEW	IDLE	0	0	0	0	1	0	0
2026-04-19 18:02:33.15+00	OLD	VENTILATE	1	1	1	1	0	0	0
2026-04-19 18:02:33.15+00	NEW	VENTILATE	0	1	1	1	0	0	0
2026-04-19 18:03:33.34248+00	OLD	VENTILATE	1	1	1	0	0	0	0
2026-04-19 18:03:33.34248+00	NEW	VENTILATE	0	1	1	0	0	0	0
2026-04-19 18:04:33.519562+00	OLD	VENTILATE	1	1	1	0	0	0	0
2026-04-19 18:04:33.519562+00	NEW	VENTILATE	0	1	1	0	0	0	0
2026-04-19 18:16:36.226558+00	OLD	VENTILATE	1	1	1	1	0	0	0
2026-04-19 18:16:36.226558+00	NEW	VENTILATE	0	1	1	1	0	0	0
2026-04-19 18:17:36.388041+00	OLD	VENTILATE	1	1	1	0	0	0	0
2026-04-19 18:17:36.388041+00	NEW	VENTILATE	0	1	1	0	0	0	0
2026-04-19 18:25:57.431018+00	OLD	VENTILATE	1	1	1	1	0	0	0
2026-04-19 18:25:57.431018+00	NEW	VENTILATE	0	1	1	1	0	0	0
2026-04-19 18:26:57.614621+00	OLD	VENTILATE	1	1	1	1	0	0	0
2026-04-19 18:26:57.614621+00	NEW	VENTILATE	0	1	1	1	0	0	0
2026-04-19 18:27:58.219655+00	OLD	VENTILATE	1	1	1	1	0	0	0
2026-04-19 18:27:58.219655+00	NEW	VENTILATE	0	1	1	1	0	0	0
2026-04-19 18:34:54.074885+00	OLD	VENTILATE	1	1	1	1	0	0	0
2026-04-19 18:34:54.074885+00	NEW	VENTILATE	0	1	1	1	0	0	0
2026-04-19 18:35:54.204979+00	OLD	VENTILATE	1	1	1	1	0	0	0
2026-04-19 18:35:54.204979+00	NEW	VENTILATE	0	1	1	1	0	0	0
2026-04-19 18:36:54.514311+00	OLD	VENTILATE	1	1	1	1	0	0	0
2026-04-19 18:36:54.514311+00	NEW	VENTILATE	0	1	1	1	0	0	0
2026-04-19 18:42:57.685264+00	OLD	VENTILATE	1	1	1	1	0	0	0
2026-04-19 18:42:57.685264+00	NEW	VENTILATE	0	1	1	1	0	0	0
2026-04-19 18:43:57.923269+00	OLD	VENTILATE	1	1	1	1	0	0	0
2026-04-19 18:43:57.923269+00	NEW	VENTILATE	0	1	1	1	0	0	0
2026-04-19 18:44:58.080712+00	OLD	VENTILATE	1	1	1	1	0	0	0
2026-04-19 18:44:58.080712+00	NEW	VENTILATE	0	1	1	1	0	0	0
2026-04-19 18:45:58.364945+00	OLD	VENTILATE	1	1	1	1	0	0	0
2026-04-19 18:45:58.364945+00	NEW	VENTILATE	0	1	1	1	0	0	0
2026-04-19 18:51:48.258316+00	OLD	VENTILATE	1	1	1	1	0	0	0
2026-04-19 18:51:48.258316+00	NEW	VENTILATE	0	1	1	1	0	0	0
2026-04-19 18:52:48.427615+00	OLD	VENTILATE	1	1	1	1	0	0	0
2026-04-19 18:52:48.427615+00	NEW	VENTILATE	0	1	1	1	0	0	0
2026-04-20 00:14:09.995753+00	OLD	VENTILATE	1	1	1	1	0	0	0
2026-04-20 00:14:09.995753+00	NEW	VENTILATE	0	1	1	1	0	0	0
2026-04-20 00:26:12.866942+00	OLD	VENTILATE	1	1	1	1	0	0	0
2026-04-20 00:26:12.866942+00	NEW	VENTILATE	0	1	1	1	0	0	0
2026-04-20 00:57:22.690588+00	OLD	VENTILATE	1	1	1	0	0	0	0
2026-04-20 00:57:22.690588+00	NEW	VENTILATE	0	1	1	0	0	0	0
2026-04-20 00:58:23.003868+00	OLD	VENTILATE	1	1	1	0	0	0	0
2026-04-20 00:58:23.003868+00	NEW	VENTILATE	0	1	1	0	0	0	0
2026-04-20 00:59:23.352226+00	OLD	VENTILATE	1	1	1	0	0	0	0
2026-04-20 00:59:23.352226+00	NEW	VENTILATE	0	1	1	0	0	0	0
2026-04-20 01:15:26.608236+00	OLD	SEALED_MIST	0	0	0	0	0	0	0
2026-04-20 01:15:26.608236+00	NEW	IDLE	0	0	0	0	0	0	0
2026-04-20 01:16:26.803992+00	OLD	SEALED_MIST	0	0	0	0	0	0	1
2026-04-20 01:16:26.803992+00	NEW	IDLE	0	0	0	0	0	0	0
2026-04-20 01:22:27.965309+00	OLD	SEALED_MIST	0	0	0	0	0	0	0
2026-04-20 01:22:27.965309+00	NEW	IDLE	0	0	0	0	0	0	0
2026-04-20 01:23:28.100592+00	OLD	SEALED_MIST	0	0	0	0	0	0	1
2026-04-20 01:23:28.100592+00	NEW	IDLE	0	0	0	0	0	0	0
2026-04-20 01:24:28.270017+00	OLD	SEALED_MIST	0	0	0	0	0	0	1
2026-04-20 01:24:28.270017+00	NEW	IDLE	0	0	0	0	0	0	0
2026-04-20 01:30:29.184639+00	OLD	SEALED_MIST	0	0	0	0	0	0	0
2026-04-20 01:30:29.184639+00	NEW	IDLE	0	0	0	0	0	0	0
2026-04-20 01:31:29.349648+00	OLD	SEALED_MIST	0	0	0	0	0	0	1
2026-04-20 01:31:29.349648+00	NEW	IDLE	0	0	0	0	0	0	0
2026-04-20 01:32:29.487643+00	OLD	SEALED_MIST	0	0	0	0	0	0	1
2026-04-20 01:32:29.487643+00	NEW	IDLE	0	0	0	0	0	0	0
2026-04-20 01:33:29.612488+00	OLD	SEALED_MIST	0	0	0	0	0	0	1
2026-04-20 01:33:29.612488+00	NEW	IDLE	0	0	0	0	0	0	0
2026-04-20 01:34:29.737211+00	OLD	SEALED_MIST	1	0	0	0	0	0	3
2026-04-20 01:34:29.737211+00	NEW	IDLE	0	0	0	0	0	0	0
2026-04-20 01:35:29.859365+00	OLD	SEALED_MIST	1	0	0	0	1	0	3
2026-04-20 01:35:29.859365+00	NEW	IDLE	0	0	0	0	1	0	0
2026-04-20 01:36:30.040147+00	OLD	SEALED_MIST	1	0	0	0	1	0	3
2026-04-20 01:36:30.040147+00	NEW	IDLE	0	0	0	0	1	0	0
2026-04-20 01:37:30.18594+00	OLD	SEALED_MIST	1	0	0	0	1	0	3
2026-04-20 01:37:30.18594+00	NEW	IDLE	0	0	0	0	1	0	0
2026-04-20 01:38:30.309872+00	OLD	SEALED_MIST	1	0	0	0	1	0	3
2026-04-20 01:38:30.309872+00	NEW	IDLE	0	0	0	0	1	0	0
2026-04-20 01:49:34.547801+00	OLD	SEALED_MIST	1	0	0	0	1	0	3
2026-04-20 01:49:34.547801+00	NEW	IDLE	0	0	0	0	1	0	0
2026-04-20 05:33:46.766348+00	OLD	SEALED_MIST	0	0	0	0	1	1	0
2026-04-20 05:33:46.766348+00	NEW	IDLE	0	0	0	0	1	1	0
2026-04-20 05:34:46.896929+00	OLD	SEALED_MIST	0	0	0	0	1	0	1
2026-04-20 05:34:46.896929+00	NEW	IDLE	0	0	0	0	1	0	0
2026-04-20 05:35:47.02669+00	OLD	SEALED_MIST	1	0	0	0	1	0	3
2026-04-20 05:35:47.02669+00	NEW	IDLE	0	0	0	0	1	0	0
2026-04-20 05:36:47.146922+00	OLD	SEALED_MIST	1	0	0	0	1	0	3
2026-04-20 05:36:47.146922+00	NEW	IDLE	0	0	0	0	1	0	0
2026-04-20 05:37:47.405728+00	OLD	SEALED_MIST	1	0	0	0	0	0	3
2026-04-20 05:37:47.405728+00	NEW	IDLE	0	0	0	0	0	0	0
2026-04-20 05:38:47.57405+00	OLD	SEALED_MIST	1	0	0	0	0	0	3
2026-04-20 05:38:47.57405+00	NEW	IDLE	0	0	0	0	0	0	0
2026-04-20 05:39:47.691193+00	OLD	SEALED_MIST	1	0	0	0	0	0	3
2026-04-20 05:39:47.691193+00	NEW	IDLE	0	0	0	0	0	0	0
2026-04-20 05:40:47.889546+00	OLD	VENTILATE	1	1	1	0	0	0	0
2026-04-20 05:40:47.889546+00	NEW	VENTILATE	0	1	1	0	0	0	0
2026-04-20 05:41:48.34946+00	OLD	VENTILATE	1	1	1	0	0	0	0
2026-04-20 05:41:48.34946+00	NEW	VENTILATE	0	1	1	0	0	0	0
2026-04-20 05:42:49.886629+00	OLD	VENTILATE	1	1	1	0	0	0	0
2026-04-20 05:42:49.886629+00	NEW	VENTILATE	0	1	1	0	0	0	0
2026-04-20 05:43:50.491553+00	OLD	VENTILATE	1	1	1	0	0	0	0
2026-04-20 05:43:50.491553+00	NEW	VENTILATE	0	1	1	0	0	0	0
2026-04-20 05:44:50.688474+00	OLD	VENTILATE	1	1	1	1	0	0	0
2026-04-20 05:44:50.688474+00	NEW	VENTILATE	0	1	1	1	0	0	0
2026-04-20 05:45:50.871869+00	OLD	VENTILATE	1	1	1	1	0	0	0
2026-04-20 05:45:50.871869+00	NEW	VENTILATE	0	1	1	1	0	0	0
2026-04-20 05:46:51.049504+00	OLD	VENTILATE	1	1	1	1	0	0	0
2026-04-20 05:46:51.049504+00	NEW	VENTILATE	0	1	1	1	0	0	0
2026-04-20 05:47:51.290712+00	OLD	VENTILATE	1	1	1	1	0	0	0
2026-04-20 05:47:51.290712+00	NEW	VENTILATE	0	1	1	1	0	0	0
2026-04-20 05:48:51.410946+00	OLD	VENTILATE	1	1	1	1	0	0	0
2026-04-20 05:48:51.410946+00	NEW	VENTILATE	0	1	1	1	0	0	0
2026-04-20 05:49:51.591815+00	OLD	VENTILATE	1	1	1	1	0	0	0
2026-04-20 05:49:51.591815+00	NEW	VENTILATE	0	1	1	1	0	0	0
2026-04-20 05:50:51.715115+00	OLD	VENTILATE	1	1	1	1	0	0	0
2026-04-20 05:50:51.715115+00	NEW	VENTILATE	0	1	1	1	0	0	0
2026-04-20 05:51:51.837205+00	OLD	VENTILATE	1	1	1	1	0	0	0
2026-04-20 05:51:51.837205+00	NEW	VENTILATE	0	1	1	1	0	0	0
2026-04-20 05:52:51.965294+00	OLD	VENTILATE	1	1	1	1	0	0	0
2026-04-20 05:52:51.965294+00	NEW	VENTILATE	0	1	1	1	0	0	0
2026-04-20 05:53:52.126177+00	OLD	VENTILATE	1	1	1	1	0	0	0
2026-04-20 05:53:52.126177+00	NEW	VENTILATE	0	1	1	1	0	0	0
2026-04-20 05:54:52.286437+00	OLD	VENTILATE	1	1	1	1	0	0	0
2026-04-20 05:54:52.286437+00	NEW	VENTILATE	0	1	1	1	0	0	0
2026-04-20 05:55:52.436592+00	OLD	VENTILATE	1	1	1	1	0	0	0
2026-04-20 05:55:52.436592+00	NEW	VENTILATE	0	1	1	1	0	0	0
2026-04-20 05:56:52.588541+00	OLD	VENTILATE	1	1	1	1	0	0	0
2026-04-20 05:56:52.588541+00	NEW	VENTILATE	0	1	1	1	0	0	0
2026-04-20 05:57:52.783516+00	OLD	VENTILATE	1	1	1	1	0	0	0
2026-04-20 05:57:52.783516+00	NEW	VENTILATE	0	1	1	1	0	0	0
2026-04-20 05:58:52.899389+00	OLD	VENTILATE	1	1	1	1	0	0	0
2026-04-20 05:58:52.899389+00	NEW	VENTILATE	0	1	1	1	0	0	0
2026-04-20 05:59:53.027437+00	OLD	VENTILATE	1	1	1	1	0	0	0
2026-04-20 05:59:53.027437+00	NEW	VENTILATE	0	1	1	1	0	0	0
2026-04-20 18:15:28.501951+00	OLD	VENTILATE	1	1	1	1	0	0	0
2026-04-20 18:15:28.501951+00	NEW	VENTILATE	0	1	1	1	0	0	0
2026-04-20 18:16:28.665057+00	OLD	VENTILATE	1	1	1	1	0	0	0
2026-04-20 18:16:28.665057+00	NEW	VENTILATE	0	1	1	1	0	0	0
2026-04-20 18:17:28.86504+00	OLD	VENTILATE	1	1	1	1	0	0	0
2026-04-20 18:17:28.86504+00	NEW	VENTILATE	0	1	1	1	0	0	0
2026-04-20 18:18:29.197445+00	OLD	VENTILATE	1	1	1	1	0	0	0
2026-04-20 18:18:29.197445+00	NEW	VENTILATE	0	1	1	1	0	0	0
2026-04-20 18:27:30.918824+00	OLD	VENTILATE	1	1	1	1	0	0	0
2026-04-20 18:27:30.918824+00	NEW	VENTILATE	0	1	1	1	0	0	0
2026-04-20 18:28:31.074159+00	OLD	VENTILATE	1	1	1	1	0	0	0
2026-04-20 18:28:31.074159+00	NEW	VENTILATE	0	1	1	1	0	0	0
2026-04-20 18:29:31.241015+00	OLD	VENTILATE	1	1	1	1	0	0	0
2026-04-20 18:29:31.241015+00	NEW	VENTILATE	0	1	1	1	0	0	0
2026-04-20 18:30:31.557288+00	OLD	VENTILATE	1	1	1	1	0	0	0
2026-04-20 18:30:31.557288+00	NEW	VENTILATE	0	1	1	1	0	0	0
2026-04-20 18:40:33.604741+00	OLD	VENTILATE	1	1	1	1	0	0	0
2026-04-20 18:40:33.604741+00	NEW	VENTILATE	0	1	1	1	0	0	0
2026-04-20 18:41:33.879692+00	OLD	VENTILATE	1	1	1	1	0	0	0
2026-04-20 18:41:33.879692+00	NEW	VENTILATE	0	1	1	1	0	0	0
2026-04-20 18:42:34.131233+00	OLD	VENTILATE	1	1	1	1	0	0	0
2026-04-20 18:42:34.131233+00	NEW	VENTILATE	0	1	1	1	0	0	0
2026-04-20 18:43:34.471985+00	OLD	VENTILATE	1	1	1	1	0	0	0
2026-04-20 18:43:34.471985+00	NEW	VENTILATE	0	1	1	1	0	0	0
2026-04-20 18:44:34.648425+00	OLD	VENTILATE	1	1	1	1	0	0	0
2026-04-20 18:44:34.648425+00	NEW	VENTILATE	0	1	1	1	0	0	0
2026-04-20 18:45:35.291915+00	OLD	VENTILATE	1	1	1	1	0	0	0
2026-04-20 18:45:35.291915+00	NEW	VENTILATE	0	1	1	1	0	0	0
2026-04-20 18:46:35.518872+00	OLD	VENTILATE	1	1	1	1	0	0	0
2026-04-20 18:46:35.518872+00	NEW	VENTILATE	0	1	1	1	0	0	0
2026-04-20 18:47:35.859208+00	OLD	VENTILATE	1	1	1	1	0	0	0
2026-04-20 18:47:35.859208+00	NEW	VENTILATE	0	1	1	1	0	0	0
2026-04-20 18:48:36.228927+00	OLD	VENTILATE	1	1	1	1	0	0	0
2026-04-20 18:48:36.228927+00	NEW	VENTILATE	0	1	1	1	0	0	0
2026-04-20 18:49:36.392133+00	OLD	VENTILATE	1	1	1	1	0	0	0
2026-04-20 18:49:36.392133+00	NEW	VENTILATE	0	1	1	1	0	0	0
2026-04-20 18:50:36.640718+00	OLD	VENTILATE	1	1	1	1	0	0	0
2026-04-20 18:50:36.640718+00	NEW	VENTILATE	0	1	1	1	0	0	0
2026-04-20 18:51:36.943573+00	OLD	VENTILATE	1	1	1	1	0	0	0
2026-04-20 18:51:36.943573+00	NEW	VENTILATE	0	1	1	1	0	0	0
2026-04-21 00:00:52.674253+00	OLD	VENTILATE	1	1	1	1	0	0	0
2026-04-21 00:00:52.674253+00	NEW	VENTILATE	0	1	1	1	0	0	0
2026-04-21 00:04:54.218402+00	OLD	VENTILATE	1	1	1	1	0	0	0
2026-04-21 00:04:54.218402+00	NEW	VENTILATE	0	1	1	1	0	0	0
2026-04-21 00:05:55.075841+00	OLD	VENTILATE	1	1	1	1	0	0	0
2026-04-21 00:05:55.075841+00	NEW	VENTILATE	0	1	1	1	0	0	0
2026-04-21 00:06:55.609874+00	OLD	VENTILATE	1	1	1	1	0	0	0
2026-04-21 00:06:55.609874+00	NEW	VENTILATE	0	1	1	1	0	0	0
2026-04-21 00:07:55.833592+00	OLD	VENTILATE	1	1	1	1	0	0	0
2026-04-21 00:07:55.833592+00	NEW	VENTILATE	0	1	1	1	0	0	0
2026-04-21 00:08:56.013398+00	OLD	VENTILATE	1	1	1	1	0	0	0
2026-04-21 00:08:56.013398+00	NEW	VENTILATE	0	1	1	1	0	0	0
2026-04-21 00:09:56.196965+00	OLD	VENTILATE	1	1	1	1	0	0	0
2026-04-21 00:09:56.196965+00	NEW	VENTILATE	0	1	1	1	0	0	0
2026-04-21 00:10:56.344242+00	OLD	VENTILATE	1	1	1	1	0	0	0
2026-04-21 00:10:56.344242+00	NEW	VENTILATE	0	1	1	1	0	0	0
2026-04-21 00:11:56.579839+00	OLD	VENTILATE	1	1	1	1	0	0	0
2026-04-21 00:11:56.579839+00	NEW	VENTILATE	0	1	1	1	0	0	0
2026-04-21 00:12:56.72741+00	OLD	VENTILATE	1	1	1	1	0	0	0
2026-04-21 00:12:56.72741+00	NEW	VENTILATE	0	1	1	1	0	0	0
2026-04-21 00:13:56.848431+00	OLD	VENTILATE	1	1	1	1	0	0	0
2026-04-21 00:13:56.848431+00	NEW	VENTILATE	0	1	1	1	0	0	0
2026-04-21 00:14:57.107983+00	OLD	VENTILATE	1	1	1	1	0	0	0
2026-04-21 00:14:57.107983+00	NEW	VENTILATE	0	1	1	1	0	0	0
2026-04-21 00:15:57.250212+00	OLD	VENTILATE	1	1	1	1	0	0	0
2026-04-21 00:15:57.250212+00	NEW	VENTILATE	0	1	1	1	0	0	0
2026-04-21 00:16:57.409161+00	OLD	VENTILATE	1	1	1	1	0	0	0
2026-04-21 00:16:57.409161+00	NEW	VENTILATE	0	1	1	1	0	0	0
2026-04-21 00:17:57.557798+00	OLD	VENTILATE	1	1	1	1	0	0	0
2026-04-21 00:17:57.557798+00	NEW	VENTILATE	0	1	1	1	0	0	0
2026-04-21 00:18:57.678389+00	OLD	VENTILATE	1	1	1	1	0	0	0
2026-04-21 00:18:57.678389+00	NEW	VENTILATE	0	1	1	1	0	0	0
2026-04-21 00:19:57.835087+00	OLD	VENTILATE	1	1	1	1	0	0	0
2026-04-21 00:19:57.835087+00	NEW	VENTILATE	0	1	1	1	0	0	0
2026-04-21 00:20:58.138426+00	OLD	VENTILATE	1	1	1	1	0	0	0
2026-04-21 00:20:58.138426+00	NEW	VENTILATE	0	1	1	1	0	0	0
2026-04-21 00:21:58.29557+00	OLD	VENTILATE	1	1	1	1	0	0	0
2026-04-21 00:21:58.29557+00	NEW	VENTILATE	0	1	1	1	0	0	0
2026-04-21 00:22:58.475626+00	OLD	VENTILATE	1	1	1	1	0	0	0
2026-04-21 00:22:58.475626+00	NEW	VENTILATE	0	1	1	1	0	0	0
2026-04-21 00:23:58.604887+00	OLD	VENTILATE	1	1	1	1	0	0	0
2026-04-21 00:23:58.604887+00	NEW	VENTILATE	0	1	1	1	0	0	0
2026-04-21 00:24:58.740326+00	OLD	VENTILATE	1	1	1	1	0	0	0
2026-04-21 00:24:58.740326+00	NEW	VENTILATE	0	1	1	1	0	0	0
2026-04-21 00:25:58.915894+00	OLD	VENTILATE	1	1	1	1	0	0	0
2026-04-21 00:25:58.915894+00	NEW	VENTILATE	0	1	1	1	0	0	0
2026-04-21 00:26:59.082849+00	OLD	VENTILATE	1	1	1	1	0	0	0
2026-04-21 00:26:59.082849+00	NEW	VENTILATE	0	1	1	1	0	0	0
2026-04-21 00:27:59.192887+00	OLD	VENTILATE	1	1	1	1	0	0	0
2026-04-21 00:27:59.192887+00	NEW	VENTILATE	0	1	1	1	0	0	0
2026-04-21 00:28:59.298962+00	OLD	VENTILATE	1	1	1	1	0	0	0
2026-04-21 00:28:59.298962+00	NEW	VENTILATE	0	1	1	1	0	0	0
2026-04-21 00:29:59.438061+00	OLD	VENTILATE	1	1	1	1	0	0	0
2026-04-21 00:29:59.438061+00	NEW	VENTILATE	0	1	1	1	0	0	0
2026-04-21 00:30:59.633726+00	OLD	VENTILATE	1	1	1	1	0	0	0
2026-04-21 00:30:59.633726+00	NEW	VENTILATE	0	1	1	1	0	0	0
2026-04-21 00:31:59.76615+00	OLD	VENTILATE	1	1	1	1	0	0	0
2026-04-21 00:31:59.76615+00	NEW	VENTILATE	0	1	1	1	0	0	0
2026-04-21 00:32:59.895976+00	OLD	VENTILATE	1	1	1	1	0	0	0
2026-04-21 00:32:59.895976+00	NEW	VENTILATE	0	1	1	1	0	0	0
2026-04-21 00:34:00.001091+00	OLD	VENTILATE	1	1	1	1	0	0	0
2026-04-21 00:34:00.001091+00	NEW	VENTILATE	0	1	1	1	0	0	0
2026-04-21 00:35:00.131856+00	OLD	VENTILATE	1	1	1	1	0	0	0
2026-04-21 00:35:00.131856+00	NEW	VENTILATE	0	1	1	1	0	0	0
2026-04-21 00:36:00.263508+00	OLD	VENTILATE	1	1	1	1	0	0	0
2026-04-21 00:36:00.263508+00	NEW	VENTILATE	0	1	1	1	0	0	0
2026-04-21 00:37:00.438452+00	OLD	VENTILATE	1	1	1	1	0	0	0
2026-04-21 00:37:00.438452+00	NEW	VENTILATE	0	1	1	1	0	0	0
2026-04-21 00:38:01.180995+00	OLD	VENTILATE	1	1	1	1	0	0	0
2026-04-21 00:38:01.180995+00	NEW	VENTILATE	0	1	1	1	0	0	0
2026-04-21 00:39:01.309037+00	OLD	VENTILATE	1	1	1	1	0	0	0
2026-04-21 00:39:01.309037+00	NEW	VENTILATE	0	1	1	1	0	0	0
2026-04-21 00:43:02.025007+00	OLD	VENTILATE	1	1	1	1	0	0	0
2026-04-21 00:43:02.025007+00	NEW	VENTILATE	0	1	1	1	0	0	0
2026-04-21 00:44:02.208879+00	OLD	VENTILATE	1	1	1	1	0	0	0
2026-04-21 00:44:02.208879+00	NEW	VENTILATE	0	1	1	1	0	0	0
2026-04-21 00:50:03.638435+00	OLD	VENTILATE	1	1	1	1	0	0	0
2026-04-21 00:50:03.638435+00	NEW	VENTILATE	0	1	1	1	0	0	0
2026-04-21 00:51:03.801401+00	OLD	VENTILATE	1	1	1	1	0	0	0
2026-04-21 00:51:03.801401+00	NEW	VENTILATE	0	1	1	1	0	0	0
2026-04-21 00:52:04.472953+00	OLD	VENTILATE	1	1	1	1	0	0	0
2026-04-21 00:52:04.472953+00	NEW	VENTILATE	0	1	1	1	0	0	0
2026-04-21 00:58:05.565697+00	OLD	VENTILATE	1	1	1	1	0	0	0
2026-04-21 00:58:05.565697+00	NEW	VENTILATE	0	1	1	1	0	0	0
2026-04-21 00:59:05.711781+00	OLD	VENTILATE	1	1	1	1	0	0	0
2026-04-21 00:59:05.711781+00	NEW	VENTILATE	0	1	1	1	0	0	0
2026-04-21 01:00:05.866355+00	OLD	VENTILATE	1	1	1	1	0	0	0
2026-04-21 01:00:05.866355+00	NEW	VENTILATE	0	1	1	1	0	0	0
2026-04-21 01:01:06.030922+00	OLD	VENTILATE	1	1	1	1	0	0	0
2026-04-21 01:01:06.030922+00	NEW	VENTILATE	0	1	1	1	0	0	0
2026-04-21 01:02:06.244922+00	OLD	VENTILATE	1	1	1	1	0	0	0
2026-04-21 01:02:06.244922+00	NEW	VENTILATE	0	1	1	1	0	0	0
2026-04-21 01:03:06.439804+00	OLD	VENTILATE	1	1	1	1	0	0	0
2026-04-21 01:03:06.439804+00	NEW	VENTILATE	0	1	1	1	0	0	0
2026-04-21 01:04:06.605872+00	OLD	VENTILATE	1	1	1	1	0	0	0
2026-04-21 01:04:06.605872+00	NEW	VENTILATE	0	1	1	1	0	0	0
2026-04-21 01:05:06.920657+00	OLD	VENTILATE	1	1	1	1	0	0	0
2026-04-21 01:05:06.920657+00	NEW	VENTILATE	0	1	1	1	0	0	0
2026-04-21 01:06:07.834768+00	OLD	VENTILATE	1	1	1	1	0	0	0
2026-04-21 01:06:07.834768+00	NEW	VENTILATE	0	1	1	1	0	0	0
2026-04-21 01:07:08.102756+00	OLD	VENTILATE	1	1	1	1	0	0	0
2026-04-21 01:07:08.102756+00	NEW	VENTILATE	0	1	1	1	0	0	0
2026-04-21 01:08:08.393423+00	OLD	VENTILATE	1	1	1	1	0	0	0
2026-04-21 01:08:08.393423+00	NEW	VENTILATE	0	1	1	1	0	0	0
2026-04-21 01:09:08.790973+00	OLD	VENTILATE	1	1	1	1	0	0	0
2026-04-21 01:09:08.790973+00	NEW	VENTILATE	0	1	1	1	0	0	0
2026-04-21 01:10:09.364056+00	OLD	VENTILATE	1	1	1	1	0	0	0
2026-04-21 01:10:09.364056+00	NEW	VENTILATE	0	1	1	1	0	0	0
2026-04-21 01:11:10.347257+00	OLD	VENTILATE	1	1	1	1	0	0	0
2026-04-21 01:11:10.347257+00	NEW	VENTILATE	0	1	1	1	0	0	0
2026-04-21 01:12:11.389158+00	OLD	VENTILATE	1	1	1	1	0	0	0
2026-04-21 01:12:11.389158+00	NEW	VENTILATE	0	1	1	1	0	0	0
2026-04-21 01:13:11.581043+00	OLD	VENTILATE	1	1	1	1	0	0	0
2026-04-21 01:13:11.581043+00	NEW	VENTILATE	0	1	1	1	0	0	0
2026-04-21 01:14:11.77934+00	OLD	VENTILATE	1	1	1	1	0	0	0
2026-04-21 01:14:11.77934+00	NEW	VENTILATE	0	1	1	1	0	0	0
2026-04-21 01:15:11.995531+00	OLD	VENTILATE	1	1	1	1	0	0	0
2026-04-21 01:15:11.995531+00	NEW	VENTILATE	0	1	1	1	0	0	0
2026-04-21 01:16:12.272912+00	OLD	VENTILATE	1	1	1	1	0	0	0
2026-04-21 01:16:12.272912+00	NEW	VENTILATE	0	1	1	1	0	0	0
2026-04-21 01:17:12.481799+00	OLD	VENTILATE	1	1	1	1	0	0	0
2026-04-21 01:17:12.481799+00	NEW	VENTILATE	0	1	1	1	0	0	0
2026-04-21 01:23:14.081674+00	OLD	VENTILATE	1	1	1	0	0	0	0
2026-04-21 01:23:14.081674+00	NEW	VENTILATE	0	1	1	0	0	0	0
2026-04-21 01:24:14.375561+00	OLD	VENTILATE	1	1	1	0	0	0	0
2026-04-21 01:24:14.375561+00	NEW	VENTILATE	0	1	1	0	0	0	0
2026-04-21 01:30:15.430628+00	OLD	VENTILATE	1	1	1	0	0	0	0
2026-04-21 01:30:15.430628+00	NEW	VENTILATE	0	1	1	0	0	0	0
2026-04-21 01:31:15.693589+00	OLD	VENTILATE	1	1	1	0	0	0	0
2026-04-21 01:31:15.693589+00	NEW	VENTILATE	0	1	1	0	0	0	0
2026-04-21 01:37:16.721073+00	OLD	VENTILATE	1	1	1	0	0	0	0
2026-04-21 01:37:16.721073+00	NEW	VENTILATE	0	1	1	0	0	0	0
2026-04-21 01:38:16.859241+00	OLD	VENTILATE	1	1	1	0	0	0	0
2026-04-21 01:38:16.859241+00	NEW	VENTILATE	0	1	1	0	0	0	0
2026-04-21 01:39:16.990661+00	OLD	VENTILATE	1	1	1	0	0	0	0
2026-04-21 01:39:16.990661+00	NEW	VENTILATE	0	1	1	0	0	0	0
2026-04-21 01:40:17.105359+00	OLD	VENTILATE	1	1	1	0	0	0	0
2026-04-21 01:40:17.105359+00	NEW	VENTILATE	0	1	1	0	0	0	0
2026-04-21 01:41:17.359332+00	OLD	VENTILATE	1	1	1	0	0	0	0
2026-04-21 01:41:17.359332+00	NEW	VENTILATE	0	1	1	0	0	0	0
2026-04-21 01:42:17.465778+00	OLD	VENTILATE	1	1	1	0	0	0	0
2026-04-21 01:42:17.465778+00	NEW	VENTILATE	0	1	1	0	0	0	0
2026-04-21 01:43:17.578869+00	OLD	VENTILATE	1	1	1	0	0	0	0
2026-04-21 01:43:17.578869+00	NEW	VENTILATE	0	1	1	0	0	0	0
2026-04-21 01:44:17.723013+00	OLD	VENTILATE	1	1	1	0	0	0	0
2026-04-21 01:44:17.723013+00	NEW	VENTILATE	0	1	1	0	0	0	0
2026-04-21 01:45:17.850915+00	OLD	VENTILATE	1	1	1	0	0	0	0
2026-04-21 01:45:17.850915+00	NEW	VENTILATE	0	1	1	0	0	0	0
2026-04-21 01:46:18.000311+00	OLD	VENTILATE	1	1	1	0	0	0	0
2026-04-21 01:46:18.000311+00	NEW	VENTILATE	0	1	1	0	0	0	0
2026-04-21 01:47:18.175035+00	OLD	VENTILATE	1	1	1	0	0	0	0
2026-04-21 01:47:18.175035+00	NEW	VENTILATE	0	1	1	0	0	0	0
2026-04-21 01:48:18.296369+00	OLD	VENTILATE	1	1	1	0	0	0	0
2026-04-21 01:48:18.296369+00	NEW	VENTILATE	0	1	1	0	0	0	0
2026-04-21 01:49:18.43484+00	OLD	VENTILATE	1	1	1	0	0	0	0
2026-04-21 01:49:18.43484+00	NEW	VENTILATE	0	1	1	0	0	0	0
2026-04-21 01:50:18.558536+00	OLD	VENTILATE	1	1	1	0	0	0	0
2026-04-21 01:50:18.558536+00	NEW	VENTILATE	0	1	1	0	0	0	0
2026-04-21 01:51:18.680943+00	OLD	VENTILATE	1	1	1	0	0	0	0
2026-04-21 01:51:18.680943+00	NEW	VENTILATE	0	1	1	0	0	0	0
2026-04-21 01:52:18.805526+00	OLD	VENTILATE	1	1	1	0	0	0	0
2026-04-21 01:52:18.805526+00	NEW	VENTILATE	0	1	1	0	0	0	0
2026-04-21 01:53:18.935396+00	OLD	VENTILATE	1	1	1	0	0	0	0
2026-04-21 01:53:18.935396+00	NEW	VENTILATE	0	1	1	0	0	0	0
2026-04-21 01:54:19.063039+00	OLD	VENTILATE	1	1	1	0	0	0	0
2026-04-21 01:54:19.063039+00	NEW	VENTILATE	0	1	1	0	0	0	0
2026-04-21 01:55:19.20246+00	OLD	VENTILATE	1	1	1	0	0	0	0
2026-04-21 01:55:19.20246+00	NEW	VENTILATE	0	1	1	0	0	0	0
2026-04-21 01:56:19.411409+00	OLD	VENTILATE	1	1	1	0	0	0	0
2026-04-21 01:56:19.411409+00	NEW	VENTILATE	0	1	1	0	0	0	0
2026-04-21 01:57:19.539779+00	OLD	VENTILATE	1	1	1	0	0	0	0
2026-04-21 01:57:19.539779+00	NEW	VENTILATE	0	1	1	0	0	0	0
2026-04-21 01:58:19.642878+00	OLD	VENTILATE	1	1	1	0	0	0	0
2026-04-21 01:58:19.642878+00	NEW	VENTILATE	0	1	1	0	0	0	0
2026-04-21 01:59:19.749644+00	OLD	VENTILATE	1	1	1	0	0	0	0
2026-04-21 01:59:19.749644+00	NEW	VENTILATE	0	1	1	0	0	0	0
2026-04-21 02:00:19.8844+00	OLD	VENTILATE	1	1	1	0	0	0	0
2026-04-21 02:00:19.8844+00	NEW	VENTILATE	0	1	1	0	0	0	0
2026-04-21 02:01:20.043858+00	OLD	VENTILATE	1	1	1	0	0	0	0
2026-04-21 02:01:20.043858+00	NEW	VENTILATE	0	1	1	0	0	0	0
2026-04-21 02:02:20.20096+00	OLD	VENTILATE	1	1	1	0	0	0	0
2026-04-21 02:02:20.20096+00	NEW	VENTILATE	0	1	1	0	0	0	0
2026-04-21 02:03:20.343464+00	OLD	VENTILATE	1	1	1	0	0	0	0
2026-04-21 02:03:20.343464+00	NEW	VENTILATE	0	1	1	0	0	0	0
2026-04-21 02:04:20.466587+00	OLD	VENTILATE	1	1	1	0	0	0	0
2026-04-21 02:04:20.466587+00	NEW	VENTILATE	0	1	1	0	0	0	0
2026-04-21 02:05:20.682786+00	OLD	VENTILATE	1	1	1	0	0	0	0
2026-04-21 02:05:20.682786+00	NEW	VENTILATE	0	1	1	0	0	0	0
2026-04-21 02:06:21.174671+00	OLD	VENTILATE	1	1	1	0	0	0	0
2026-04-21 02:06:21.174671+00	NEW	VENTILATE	0	1	1	0	0	0	0
2026-04-21 02:07:21.314364+00	OLD	VENTILATE	1	1	1	0	0	0	0
2026-04-21 02:07:21.314364+00	NEW	VENTILATE	0	1	1	0	0	0	0
2026-04-21 02:08:21.463058+00	OLD	VENTILATE	1	1	1	0	0	0	0
2026-04-21 02:08:21.463058+00	NEW	VENTILATE	0	1	1	0	0	0	0
2026-04-21 02:09:21.614828+00	OLD	VENTILATE	1	1	1	0	0	0	0
2026-04-21 02:09:21.614828+00	NEW	VENTILATE	0	1	1	0	0	0	0
2026-04-21 02:44:40.268975+00	OLD	VENTILATE	1	1	1	0	0	0	0
2026-04-21 02:44:40.268975+00	NEW	VENTILATE	0	1	1	0	0	0	0
2026-04-21 02:55:42.169616+00	OLD	SEALED_MIST	0	0	0	0	0	0	0
2026-04-21 02:55:42.169616+00	NEW	IDLE	0	0	0	0	0	0	0
2026-04-21 02:56:42.671894+00	OLD	SEALED_MIST	0	0	0	0	0	0	1
2026-04-21 02:56:42.671894+00	NEW	IDLE	0	0	0	0	0	0	0
2026-04-21 02:57:43.04177+00	OLD	SEALED_MIST	0	0	0	0	0	0	1
2026-04-21 02:57:43.04177+00	NEW	IDLE	0	0	0	0	0	0	0
2026-04-21 03:08:46.828487+00	OLD	SEALED_MIST	0	0	0	0	0	0	0
2026-04-21 03:08:46.828487+00	NEW	IDLE	0	0	0	0	0	0	0
2026-04-21 03:09:46.999304+00	OLD	SEALED_MIST	0	0	0	0	0	0	1
2026-04-21 03:09:46.999304+00	NEW	IDLE	0	0	0	0	0	0	0
2026-04-21 03:10:47.123462+00	OLD	SEALED_MIST	0	0	0	0	0	0	1
2026-04-21 03:10:47.123462+00	NEW	IDLE	0	0	0	0	0	0	0
2026-04-21 03:11:47.362299+00	OLD	SEALED_MIST	0	0	0	0	1	0	1
2026-04-21 03:11:47.362299+00	NEW	IDLE	0	0	0	0	1	0	0
2026-04-21 03:12:47.55343+00	OLD	SEALED_MIST	0	0	0	0	1	0	1
2026-04-21 03:12:47.55343+00	NEW	IDLE	0	0	0	0	1	0	0
2026-04-21 03:13:47.671812+00	OLD	SEALED_MIST	1	0	0	0	1	0	3
2026-04-21 03:13:47.671812+00	NEW	IDLE	0	0	0	0	1	0	0
2026-04-21 03:14:47.810601+00	OLD	SEALED_MIST	1	0	0	0	1	0	3
2026-04-21 03:14:47.810601+00	NEW	IDLE	0	0	0	0	1	0	0
2026-04-21 03:15:47.948306+00	OLD	SEALED_MIST	1	0	0	0	1	0	3
2026-04-21 03:15:47.948306+00	NEW	IDLE	0	0	0	0	1	0	0
2026-04-21 03:16:48.087886+00	OLD	SEALED_MIST	1	0	0	0	1	0	3
2026-04-21 03:16:48.087886+00	NEW	IDLE	0	0	0	0	1	0	0
2026-04-21 03:27:49.824424+00	OLD	SEALED_MIST	1	0	0	0	1	0	3
2026-04-21 03:27:49.824424+00	NEW	IDLE	0	0	0	0	1	0	0
2026-04-21 03:28:49.959699+00	OLD	SEALED_MIST	1	0	0	0	1	0	3
2026-04-21 03:28:49.959699+00	NEW	IDLE	0	0	0	0	1	0	0
2026-04-21 03:29:50.076408+00	OLD	SEALED_MIST	1	0	0	0	1	0	3
2026-04-21 03:29:50.076408+00	NEW	IDLE	0	0	0	0	1	0	0
2026-04-21 03:30:50.20072+00	OLD	SEALED_MIST	1	0	0	0	1	0	3
2026-04-21 03:30:50.20072+00	NEW	IDLE	0	0	0	0	1	0	0
2026-04-21 03:31:50.335608+00	OLD	SEALED_MIST	1	0	0	0	1	0	3
2026-04-21 03:31:50.335608+00	NEW	IDLE	0	0	0	0	1	0	0
2026-04-21 03:32:50.45784+00	OLD	SEALED_MIST	1	0	0	0	1	0	3
2026-04-21 03:32:50.45784+00	NEW	IDLE	0	0	0	0	1	0	0
2026-04-21 03:33:50.674017+00	OLD	SEALED_MIST	1	0	0	0	1	0	3
2026-04-21 03:33:50.674017+00	NEW	IDLE	0	0	0	0	1	0	0
2026-04-21 03:34:50.791401+00	OLD	SEALED_MIST	1	0	0	0	1	0	3
2026-04-21 03:34:50.791401+00	NEW	IDLE	0	0	0	0	1	0	0
2026-04-21 03:35:50.902119+00	OLD	SEALED_MIST	1	0	0	0	1	0	3
2026-04-21 03:35:50.902119+00	NEW	IDLE	0	0	0	0	1	0	0
2026-04-21 03:51:53.287684+00	OLD	SEALED_MIST	0	0	0	0	1	0	0
2026-04-21 03:51:53.287684+00	NEW	IDLE	0	0	0	0	1	0	0
2026-04-21 03:52:53.459955+00	OLD	SEALED_MIST	0	0	0	0	0	0	1
2026-04-21 03:52:53.459955+00	NEW	IDLE	0	0	0	0	0	0	0
2026-04-21 03:53:53.674055+00	OLD	SEALED_MIST	0	0	0	0	0	0	1
2026-04-21 03:53:53.674055+00	NEW	IDLE	0	0	0	0	0	0	0
2026-04-21 04:26:00.676203+00	OLD	VENTILATE	1	1	1	0	0	0	0
2026-04-21 04:26:00.676203+00	NEW	VENTILATE	0	1	1	0	0	0	0
2026-04-21 04:38:04.819955+00	OLD	SEALED_MIST	0	0	0	0	1	0	0
2026-04-21 04:38:04.819955+00	NEW	IDLE	0	0	0	0	1	0	0
2026-04-21 04:39:05.876568+00	OLD	SEALED_MIST	0	0	0	0	1	0	1
2026-04-21 04:39:05.876568+00	NEW	IDLE	0	0	0	0	1	0	0
2026-04-21 04:51:08.449738+00	OLD	SEALED_MIST	0	0	0	0	1	0	0
2026-04-21 04:51:08.449738+00	NEW	IDLE	0	0	0	0	1	0	0
2026-04-21 04:52:08.581136+00	OLD	SEALED_MIST	0	0	0	0	1	0	1
2026-04-21 04:52:08.581136+00	NEW	IDLE	0	0	0	0	1	0	0
2026-04-21 04:53:08.712724+00	OLD	SEALED_MIST	0	0	0	0	1	0	1
2026-04-21 04:53:08.712724+00	NEW	IDLE	0	0	0	0	1	0	0
2026-04-21 05:33:17.680158+00	OLD	SEALED_MIST	0	0	0	0	0	0	0
2026-04-21 05:33:17.680158+00	NEW	IDLE	0	0	0	0	0	0	0
2026-04-21 05:34:17.799397+00	OLD	SEALED_MIST	0	0	0	0	0	0	1
2026-04-21 05:34:17.799397+00	NEW	IDLE	0	0	0	0	0	0	0
2026-04-21 05:35:17.982393+00	OLD	SEALED_MIST	0	0	0	0	0	0	1
2026-04-21 05:35:17.982393+00	NEW	IDLE	0	0	0	0	0	0	0
2026-04-21 05:36:18.406035+00	OLD	SEALED_MIST	0	0	0	0	1	0	1
2026-04-21 05:36:18.406035+00	NEW	IDLE	0	0	0	0	1	0	0
2026-04-21 05:37:18.580685+00	OLD	SEALED_MIST	0	0	0	0	1	0	1
2026-04-21 05:37:18.580685+00	NEW	IDLE	0	0	0	0	1	0	0
2026-04-21 05:38:18.760085+00	OLD	SEALED_MIST	0	0	0	0	1	0	1
2026-04-21 05:38:18.760085+00	NEW	IDLE	0	0	0	0	1	0	0
2026-04-21 05:39:18.872717+00	OLD	SEALED_MIST	0	0	0	0	0	0	2
2026-04-21 05:39:18.872717+00	NEW	IDLE	0	0	0	0	0	0	0
2026-04-21 05:40:18.995935+00	OLD	SEALED_MIST	0	0	0	0	0	0	2
2026-04-21 05:40:18.995935+00	NEW	IDLE	0	0	0	0	0	0	0
2026-04-21 05:41:19.134641+00	OLD	SEALED_MIST	0	0	0	0	0	0	2
2026-04-21 05:41:19.134641+00	NEW	IDLE	0	0	0	0	0	0	0
2026-04-21 18:02:22.287789+00	OLD	SEALED_MIST	0	0	0	0	0	0	0
2026-04-21 18:02:22.287789+00	NEW	IDLE	0	0	0	0	0	0	0
2026-04-21 18:03:22.461674+00	OLD	SEALED_MIST	0	0	0	0	0	0	1
2026-04-21 18:03:22.461674+00	NEW	IDLE	0	0	0	0	0	0	0
2026-04-21 18:11:24.02038+00	OLD	VENTILATE	1	1	1	1	0	0	0
2026-04-21 18:11:24.02038+00	NEW	VENTILATE	0	1	1	1	0	0	0
2026-04-21 18:12:24.172925+00	OLD	VENTILATE	1	1	1	1	0	0	0
2026-04-21 18:12:24.172925+00	NEW	VENTILATE	0	1	1	1	0	0	0
2026-04-21 18:19:25.543716+00	OLD	VENTILATE	1	1	1	1	0	0	0
2026-04-21 18:19:25.543716+00	NEW	VENTILATE	0	1	1	1	0	0	0
2026-04-21 18:20:25.72895+00	OLD	VENTILATE	1	1	1	1	0	0	0
2026-04-21 18:20:25.72895+00	NEW	VENTILATE	0	1	1	1	0	0	0
2026-04-21 18:21:25.902741+00	OLD	VENTILATE	1	1	1	1	0	0	0
2026-04-21 18:21:25.902741+00	NEW	VENTILATE	0	1	1	1	0	0	0
2026-04-21 18:22:26.066928+00	OLD	VENTILATE	1	1	1	1	0	0	0
2026-04-21 18:22:26.066928+00	NEW	VENTILATE	0	1	1	1	0	0	0
2026-04-21 18:29:28.085329+00	OLD	VENTILATE	1	1	1	1	0	0	0
2026-04-21 18:29:28.085329+00	NEW	VENTILATE	0	1	1	1	0	0	0
2026-04-21 18:30:28.390017+00	OLD	VENTILATE	1	1	1	1	0	0	0
2026-04-21 18:30:28.390017+00	NEW	VENTILATE	0	1	1	1	0	0	0
2026-04-21 18:31:28.596281+00	OLD	VENTILATE	1	1	1	1	0	0	0
2026-04-21 18:31:28.596281+00	NEW	VENTILATE	0	1	1	1	0	0	0
2026-04-21 18:32:28.749641+00	OLD	VENTILATE	1	1	1	1	0	0	0
2026-04-21 18:32:28.749641+00	NEW	VENTILATE	0	1	1	1	0	0	0
2026-04-21 18:33:28.885425+00	OLD	VENTILATE	1	1	1	1	0	0	0
2026-04-21 18:33:28.885425+00	NEW	VENTILATE	0	1	1	1	0	0	0
2026-04-21 18:34:29.011375+00	OLD	VENTILATE	1	1	1	1	0	0	0
2026-04-21 18:34:29.011375+00	NEW	VENTILATE	0	1	1	1	0	0	0
2026-04-21 18:35:29.110851+00	OLD	VENTILATE	1	1	1	1	0	0	0
2026-04-21 18:35:29.110851+00	NEW	VENTILATE	0	1	1	1	0	0	0
2026-04-21 18:36:29.245107+00	OLD	VENTILATE	1	1	1	1	0	0	0
2026-04-21 18:36:29.245107+00	NEW	VENTILATE	0	1	1	1	0	0	0
2026-04-21 18:37:29.345505+00	OLD	VENTILATE	1	1	1	1	0	0	0
2026-04-21 18:37:29.345505+00	NEW	VENTILATE	0	1	1	1	0	0	0
2026-04-21 18:38:29.455047+00	OLD	VENTILATE	1	1	1	1	0	0	0
2026-04-21 18:38:29.455047+00	NEW	VENTILATE	0	1	1	1	0	0	0
2026-04-21 18:39:29.790865+00	OLD	VENTILATE	1	1	1	1	0	0	0
2026-04-21 18:39:29.790865+00	NEW	VENTILATE	0	1	1	1	0	0	0
2026-04-21 18:40:30.152976+00	OLD	VENTILATE	1	1	1	1	0	0	0
2026-04-21 18:40:30.152976+00	NEW	VENTILATE	0	1	1	1	0	0	0
2026-04-21 18:41:30.343196+00	OLD	VENTILATE	1	1	1	1	0	0	0
2026-04-21 18:41:30.343196+00	NEW	VENTILATE	0	1	1	1	0	0	0
2026-04-21 18:42:30.543728+00	OLD	VENTILATE	1	1	1	1	0	0	0
2026-04-21 18:42:30.543728+00	NEW	VENTILATE	0	1	1	1	0	0	0
2026-04-21 18:43:31.127907+00	OLD	VENTILATE	1	1	1	1	0	0	0
2026-04-21 18:43:31.127907+00	NEW	VENTILATE	0	1	1	1	0	0	0
2026-04-21 18:44:32.409009+00	OLD	VENTILATE	1	1	1	1	0	0	0
2026-04-21 18:44:32.409009+00	NEW	VENTILATE	0	1	1	1	0	0	0
2026-04-21 18:45:32.666609+00	OLD	VENTILATE	1	1	1	1	0	0	0
2026-04-21 18:45:32.666609+00	NEW	VENTILATE	0	1	1	1	0	0	0
2026-04-21 18:46:32.937389+00	OLD	VENTILATE	1	1	1	1	0	0	0
2026-04-21 18:46:32.937389+00	NEW	VENTILATE	0	1	1	1	0	0	0
2026-04-21 18:47:33.259916+00	OLD	VENTILATE	1	1	1	1	0	0	0
2026-04-21 18:47:33.259916+00	NEW	VENTILATE	0	1	1	1	0	0	0
2026-04-21 18:48:33.566405+00	OLD	VENTILATE	1	1	1	1	0	0	0
2026-04-21 18:48:33.566405+00	NEW	VENTILATE	0	1	1	1	0	0	0
2026-04-21 18:49:33.890831+00	OLD	VENTILATE	1	1	1	1	0	0	0
2026-04-21 18:49:33.890831+00	NEW	VENTILATE	0	1	1	1	0	0	0
2026-04-21 18:50:34.162085+00	OLD	VENTILATE	1	1	1	1	0	0	0
2026-04-21 18:50:34.162085+00	NEW	VENTILATE	0	1	1	1	0	0	0
2026-04-21 18:51:34.564921+00	OLD	VENTILATE	1	1	1	1	0	0	0
2026-04-21 18:51:34.564921+00	NEW	VENTILATE	0	1	1	1	0	0	0
2026-04-21 18:52:34.775958+00	OLD	VENTILATE	1	1	1	1	0	0	0
2026-04-21 18:52:34.775958+00	NEW	VENTILATE	0	1	1	1	0	0	0
2026-04-21 18:53:34.898309+00	OLD	VENTILATE	1	1	1	1	0	0	0
2026-04-21 18:53:34.898309+00	NEW	VENTILATE	0	1	1	1	0	0	0
2026-04-21 18:54:35.106162+00	OLD	VENTILATE	1	1	1	1	0	0	0
2026-04-21 18:54:35.106162+00	NEW	VENTILATE	0	1	1	1	0	0	0
2026-04-21 18:55:35.481297+00	OLD	VENTILATE	1	1	1	1	0	0	0
2026-04-21 18:55:35.481297+00	NEW	VENTILATE	0	1	1	1	0	0	0
2026-04-21 18:56:35.615496+00	OLD	VENTILATE	1	1	1	1	0	0	0
2026-04-21 18:56:35.615496+00	NEW	VENTILATE	0	1	1	1	0	0	0
2026-04-21 18:57:36.385613+00	OLD	VENTILATE	1	1	1	1	0	0	0
2026-04-21 18:57:36.385613+00	NEW	VENTILATE	0	1	1	1	0	0	0
2026-04-21 18:58:36.511523+00	OLD	VENTILATE	1	1	1	1	0	0	0
2026-04-21 18:58:36.511523+00	NEW	VENTILATE	0	1	1	1	0	0	0
2026-04-21 18:59:37.087606+00	OLD	VENTILATE	1	1	1	1	0	0	0
2026-04-21 18:59:37.087606+00	NEW	VENTILATE	0	1	1	1	0	0	0
2026-04-22 00:00:43.116494+00	OLD	VENTILATE	1	1	1	1	0	0	0
2026-04-22 00:00:43.116494+00	NEW	VENTILATE	0	1	1	1	0	0	0
2026-04-22 00:01:43.270541+00	OLD	VENTILATE	1	1	1	1	0	0	0
2026-04-22 00:01:43.270541+00	NEW	VENTILATE	0	1	1	1	0	0	0
2026-04-22 00:02:43.4079+00	OLD	VENTILATE	1	1	1	1	0	0	0
2026-04-22 00:02:43.4079+00	NEW	VENTILATE	0	1	1	1	0	0	0
2026-04-22 00:03:43.594201+00	OLD	VENTILATE	1	1	1	1	0	0	0
2026-04-22 00:03:43.594201+00	NEW	VENTILATE	0	1	1	1	0	0	0
2026-04-22 00:04:43.689012+00	OLD	VENTILATE	1	1	1	1	0	0	0
2026-04-22 00:04:43.689012+00	NEW	VENTILATE	0	1	1	1	0	0	0
2026-04-22 00:05:43.786466+00	OLD	VENTILATE	1	1	1	1	0	0	0
2026-04-22 00:05:43.786466+00	NEW	VENTILATE	0	1	1	1	0	0	0
2026-04-22 00:06:43.89428+00	OLD	VENTILATE	1	1	1	1	0	0	0
2026-04-22 00:06:43.89428+00	NEW	VENTILATE	0	1	1	1	0	0	0
2026-04-22 00:07:43.984549+00	OLD	VENTILATE	1	1	1	1	0	0	0
2026-04-22 00:07:43.984549+00	NEW	VENTILATE	0	1	1	1	0	0	0
2026-04-22 00:08:44.157174+00	OLD	VENTILATE	1	1	1	1	0	0	0
2026-04-22 00:08:44.157174+00	NEW	VENTILATE	0	1	1	1	0	0	0
2026-04-22 00:09:44.264882+00	OLD	VENTILATE	1	1	1	1	0	0	0
2026-04-22 00:09:44.264882+00	NEW	VENTILATE	0	1	1	1	0	0	0
2026-04-22 00:10:44.431825+00	OLD	VENTILATE	1	1	1	1	0	0	0
2026-04-22 00:10:44.431825+00	NEW	VENTILATE	0	1	1	1	0	0	0
2026-04-22 00:11:44.58084+00	OLD	VENTILATE	1	1	1	1	0	0	0
2026-04-22 00:11:44.58084+00	NEW	VENTILATE	0	1	1	1	0	0	0
2026-04-22 00:12:44.712843+00	OLD	VENTILATE	1	1	1	1	0	0	0
2026-04-22 00:12:44.712843+00	NEW	VENTILATE	0	1	1	1	0	0	0
2026-04-22 00:13:44.918309+00	OLD	VENTILATE	1	1	1	1	0	0	0
2026-04-22 00:13:44.918309+00	NEW	VENTILATE	0	1	1	1	0	0	0
2026-04-22 00:14:45.03038+00	OLD	VENTILATE	1	1	1	1	0	0	0
2026-04-22 00:14:45.03038+00	NEW	VENTILATE	0	1	1	1	0	0	0
2026-04-22 00:15:45.153992+00	OLD	VENTILATE	1	1	1	1	0	0	0
2026-04-22 00:15:45.153992+00	NEW	VENTILATE	0	1	1	1	0	0	0
2026-04-22 00:16:45.279109+00	OLD	VENTILATE	1	1	1	1	0	0	0
2026-04-22 00:16:45.279109+00	NEW	VENTILATE	0	1	1	1	0	0	0
2026-04-22 00:17:45.482336+00	OLD	VENTILATE	1	1	1	1	0	0	0
2026-04-22 00:17:45.482336+00	NEW	VENTILATE	0	1	1	1	0	0	0
2026-04-22 00:18:45.629617+00	OLD	VENTILATE	1	1	1	1	0	0	0
2026-04-22 00:18:45.629617+00	NEW	VENTILATE	0	1	1	1	0	0	0
2026-04-22 00:19:45.749767+00	OLD	VENTILATE	1	1	1	1	0	0	0
2026-04-22 00:19:45.749767+00	NEW	VENTILATE	0	1	1	1	0	0	0
2026-04-22 00:20:45.863682+00	OLD	VENTILATE	1	1	1	1	0	0	0
2026-04-22 00:20:45.863682+00	NEW	VENTILATE	0	1	1	1	0	0	0
2026-04-22 00:21:46.272917+00	OLD	VENTILATE	1	1	1	1	0	0	0
2026-04-22 00:21:46.272917+00	NEW	VENTILATE	0	1	1	1	0	0	0
2026-04-22 00:22:46.408295+00	OLD	VENTILATE	1	1	1	1	0	0	0
2026-04-22 00:22:46.408295+00	NEW	VENTILATE	0	1	1	1	0	0	0
2026-04-22 00:23:46.598588+00	OLD	VENTILATE	1	1	1	1	0	0	0
2026-04-22 00:23:46.598588+00	NEW	VENTILATE	0	1	1	1	0	0	0
2026-04-22 00:24:46.786767+00	OLD	VENTILATE	1	1	1	1	0	0	0
2026-04-22 00:24:46.786767+00	NEW	VENTILATE	0	1	1	1	0	0	0
2026-04-22 00:25:46.996233+00	OLD	VENTILATE	1	1	1	1	0	0	0
2026-04-22 00:25:46.996233+00	NEW	VENTILATE	0	1	1	1	0	0	0
2026-04-22 00:26:47.138865+00	OLD	VENTILATE	1	1	1	1	0	0	0
2026-04-22 00:26:47.138865+00	NEW	VENTILATE	0	1	1	1	0	0	0
2026-04-22 00:34:48.694025+00	OLD	VENTILATE	1	1	1	1	0	0	0
2026-04-22 00:34:48.694025+00	NEW	VENTILATE	0	1	1	1	0	0	0
2026-04-22 00:35:48.819837+00	OLD	VENTILATE	1	1	1	1	0	0	0
2026-04-22 00:35:48.819837+00	NEW	VENTILATE	0	1	1	1	0	0	0
2026-04-22 00:36:49.226475+00	OLD	VENTILATE	1	1	1	1	0	0	0
2026-04-22 00:36:49.226475+00	NEW	VENTILATE	0	1	1	1	0	0	0
2026-04-22 00:46:52.450407+00	OLD	VENTILATE	1	1	1	1	0	0	0
2026-04-22 00:46:52.450407+00	NEW	VENTILATE	0	1	1	1	0	0	0
2026-04-22 00:47:52.559123+00	OLD	VENTILATE	1	1	1	1	0	0	0
2026-04-22 00:47:52.559123+00	NEW	VENTILATE	0	1	1	1	0	0	0
2026-04-22 00:48:52.66618+00	OLD	VENTILATE	1	1	1	1	0	0	0
2026-04-22 00:48:52.66618+00	NEW	VENTILATE	0	1	1	1	0	0	0
2026-04-22 00:59:54.343101+00	OLD	VENTILATE	1	1	1	1	0	0	0
2026-04-22 00:59:54.343101+00	NEW	VENTILATE	0	1	1	1	0	0	0
2026-04-22 01:00:54.463826+00	OLD	VENTILATE	1	1	1	1	0	0	0
2026-04-22 01:00:54.463826+00	NEW	VENTILATE	0	1	1	1	0	0	0
2026-04-22 01:01:54.578062+00	OLD	VENTILATE	1	1	1	1	0	0	0
2026-04-22 01:01:54.578062+00	NEW	VENTILATE	0	1	1	1	0	0	0
2026-04-22 01:02:54.713879+00	OLD	VENTILATE	1	1	1	1	0	0	0
2026-04-22 01:02:54.713879+00	NEW	VENTILATE	0	1	1	1	0	0	0
2026-04-22 01:03:55.131195+00	OLD	VENTILATE	1	1	1	1	0	0	0
2026-04-22 01:03:55.131195+00	NEW	VENTILATE	0	1	1	1	0	0	0
2026-04-22 01:04:55.257763+00	OLD	VENTILATE	1	1	1	1	0	0	0
2026-04-22 01:04:55.257763+00	NEW	VENTILATE	0	1	1	1	0	0	0
2026-04-22 01:05:55.356916+00	OLD	VENTILATE	1	1	1	1	0	0	0
2026-04-22 01:05:55.356916+00	NEW	VENTILATE	0	1	1	1	0	0	0
2026-04-22 01:06:55.489666+00	OLD	VENTILATE	1	1	1	1	0	0	0
2026-04-22 01:06:55.489666+00	NEW	VENTILATE	0	1	1	1	0	0	0
2026-04-22 01:07:55.574182+00	OLD	VENTILATE	1	1	1	1	0	0	0
2026-04-22 01:07:55.574182+00	NEW	VENTILATE	0	1	1	1	0	0	0
2026-04-22 01:08:55.720711+00	OLD	VENTILATE	1	1	1	1	0	0	0
2026-04-22 01:08:55.720711+00	NEW	VENTILATE	0	1	1	1	0	0	0
2026-04-22 01:09:55.86137+00	OLD	VENTILATE	1	1	1	1	0	0	0
2026-04-22 01:09:55.86137+00	NEW	VENTILATE	0	1	1	1	0	0	0
2026-04-22 01:10:56.017966+00	OLD	VENTILATE	1	1	1	1	0	0	0
2026-04-22 01:10:56.017966+00	NEW	VENTILATE	0	1	1	1	0	0	0
2026-04-22 01:11:56.159363+00	OLD	VENTILATE	1	1	1	1	0	0	0
2026-04-22 01:11:56.159363+00	NEW	VENTILATE	0	1	1	1	0	0	0
2026-04-22 01:12:56.258343+00	OLD	VENTILATE	1	1	1	1	0	0	0
2026-04-22 01:12:56.258343+00	NEW	VENTILATE	0	1	1	1	0	0	0
2026-04-22 01:13:56.40938+00	OLD	VENTILATE	1	1	1	1	0	0	0
2026-04-22 01:13:56.40938+00	NEW	VENTILATE	0	1	1	1	0	0	0
2026-04-22 01:14:56.568885+00	OLD	VENTILATE	1	1	1	1	0	0	0
2026-04-22 01:14:56.568885+00	NEW	VENTILATE	0	1	1	1	0	0	0
2026-04-22 01:15:56.719639+00	OLD	VENTILATE	1	1	1	1	0	0	0
2026-04-22 01:15:56.719639+00	NEW	VENTILATE	0	1	1	1	0	0	0
2026-04-22 01:16:56.867801+00	OLD	VENTILATE	1	1	1	1	0	0	0
2026-04-22 01:16:56.867801+00	NEW	VENTILATE	0	1	1	1	0	0	0
2026-04-22 01:17:57.000834+00	OLD	VENTILATE	1	1	1	1	0	0	0
2026-04-22 01:17:57.000834+00	NEW	VENTILATE	0	1	1	1	0	0	0
2026-04-22 01:18:57.187427+00	OLD	VENTILATE	1	1	1	1	0	0	0
2026-04-22 01:18:57.187427+00	NEW	VENTILATE	0	1	1	1	0	0	0
2026-04-22 01:19:57.327616+00	OLD	VENTILATE	1	1	1	1	0	0	0
2026-04-22 01:19:57.327616+00	NEW	VENTILATE	0	1	1	1	0	0	0
2026-04-22 01:20:57.462676+00	OLD	VENTILATE	1	1	1	1	0	0	0
2026-04-22 01:20:57.462676+00	NEW	VENTILATE	0	1	1	1	0	0	0
2026-04-22 01:21:57.609373+00	OLD	VENTILATE	1	1	1	1	0	0	0
2026-04-22 01:21:57.609373+00	NEW	VENTILATE	0	1	1	1	0	0	0
2026-04-22 01:22:57.744349+00	OLD	VENTILATE	1	1	1	1	0	0	0
2026-04-22 01:22:57.744349+00	NEW	VENTILATE	0	1	1	1	0	0	0
2026-04-22 01:23:57.860723+00	OLD	VENTILATE	1	1	1	1	0	0	0
2026-04-22 01:23:57.860723+00	NEW	VENTILATE	0	1	1	1	0	0	0
2026-04-22 01:24:57.976553+00	OLD	VENTILATE	1	1	1	1	0	0	0
2026-04-22 01:24:57.976553+00	NEW	VENTILATE	0	1	1	1	0	0	0
2026-04-22 01:25:58.137783+00	OLD	VENTILATE	1	1	1	1	0	0	0
2026-04-22 01:25:58.137783+00	NEW	VENTILATE	0	1	1	1	0	0	0
2026-04-22 01:26:58.260492+00	OLD	VENTILATE	1	1	1	1	0	0	0
2026-04-22 01:26:58.260492+00	NEW	VENTILATE	0	1	1	1	0	0	0
2026-04-22 01:27:58.379677+00	OLD	VENTILATE	1	1	1	1	0	0	0
2026-04-22 01:27:58.379677+00	NEW	VENTILATE	0	1	1	1	0	0	0
2026-04-22 01:28:58.47569+00	OLD	VENTILATE	1	1	1	1	0	0	0
2026-04-22 01:28:58.47569+00	NEW	VENTILATE	0	1	1	1	0	0	0
2026-04-22 01:29:58.617638+00	OLD	VENTILATE	1	1	1	1	0	0	0
2026-04-22 01:29:58.617638+00	NEW	VENTILATE	0	1	1	1	0	0	0
2026-04-22 01:30:58.807843+00	OLD	VENTILATE	1	1	1	1	0	0	0
2026-04-22 01:30:58.807843+00	NEW	VENTILATE	0	1	1	1	0	0	0
2026-04-22 01:31:58.943866+00	OLD	VENTILATE	1	1	1	1	0	0	0
2026-04-22 01:31:58.943866+00	NEW	VENTILATE	0	1	1	1	0	0	0
2026-04-22 01:32:59.066269+00	OLD	VENTILATE	1	1	1	1	0	0	0
2026-04-22 01:32:59.066269+00	NEW	VENTILATE	0	1	1	1	0	0	0
2026-04-22 01:43:01.718298+00	OLD	VENTILATE	1	1	1	1	0	0	0
2026-04-22 01:43:01.718298+00	NEW	VENTILATE	0	1	1	1	0	0	0
2026-04-22 01:44:02.11007+00	OLD	VENTILATE	1	1	1	1	0	0	0
2026-04-22 01:44:02.11007+00	NEW	VENTILATE	0	1	1	1	0	0	0
2026-04-22 01:45:02.734005+00	OLD	VENTILATE	1	1	1	1	0	0	0
2026-04-22 01:45:02.734005+00	NEW	VENTILATE	0	1	1	1	0	0	0
2026-04-22 01:46:03.243154+00	OLD	VENTILATE	1	1	1	1	0	0	0
2026-04-22 01:46:03.243154+00	NEW	VENTILATE	0	1	1	1	0	0	0
2026-04-22 01:47:03.387916+00	OLD	VENTILATE	1	1	1	1	0	0	0
2026-04-22 01:47:03.387916+00	NEW	VENTILATE	0	1	1	1	0	0	0
2026-04-22 01:48:03.498987+00	OLD	VENTILATE	1	1	1	1	0	0	0
2026-04-22 01:48:03.498987+00	NEW	VENTILATE	0	1	1	1	0	0	0
2026-04-22 01:49:03.690011+00	OLD	VENTILATE	1	1	1	1	0	0	0
2026-04-22 01:49:03.690011+00	NEW	VENTILATE	0	1	1	1	0	0	0
2026-04-22 01:50:03.835373+00	OLD	VENTILATE	1	1	1	1	0	0	0
2026-04-22 01:50:03.835373+00	NEW	VENTILATE	0	1	1	1	0	0	0
2026-04-22 01:51:04.038953+00	OLD	VENTILATE	1	1	1	1	0	0	0
2026-04-22 01:51:04.038953+00	NEW	VENTILATE	0	1	1	1	0	0	0
2026-04-22 01:52:04.292277+00	OLD	VENTILATE	1	1	1	1	0	0	0
2026-04-22 01:52:04.292277+00	NEW	VENTILATE	0	1	1	1	0	0	0
2026-04-22 01:53:04.442757+00	OLD	VENTILATE	1	1	1	1	0	0	0
2026-04-22 01:53:04.442757+00	NEW	VENTILATE	0	1	1	1	0	0	0
2026-04-22 01:54:04.666827+00	OLD	VENTILATE	1	1	1	1	0	0	0
2026-04-22 01:54:04.666827+00	NEW	VENTILATE	0	1	1	1	0	0	0
2026-04-22 01:55:04.785465+00	OLD	VENTILATE	1	1	1	1	0	0	0
2026-04-22 01:55:04.785465+00	NEW	VENTILATE	0	1	1	1	0	0	0
2026-04-22 01:56:05.043221+00	OLD	VENTILATE	1	1	1	1	0	0	0
2026-04-22 01:56:05.043221+00	NEW	VENTILATE	0	1	1	1	0	0	0
2026-04-22 01:57:05.181313+00	OLD	VENTILATE	1	1	1	1	0	0	0
2026-04-22 01:57:05.181313+00	NEW	VENTILATE	0	1	1	1	0	0	0
2026-04-22 01:58:05.316513+00	OLD	VENTILATE	1	1	1	1	0	0	0
2026-04-22 01:58:05.316513+00	NEW	VENTILATE	0	1	1	1	0	0	0
2026-04-22 01:59:05.448971+00	OLD	VENTILATE	1	1	1	1	0	0	0
2026-04-22 01:59:05.448971+00	NEW	VENTILATE	0	1	1	1	0	0	0
2026-04-22 02:00:05.638382+00	OLD	VENTILATE	1	1	1	1	0	0	0
2026-04-22 02:00:05.638382+00	NEW	VENTILATE	0	1	1	1	0	0	0
2026-04-22 02:01:05.792387+00	OLD	VENTILATE	1	1	1	1	0	0	0
2026-04-22 02:01:05.792387+00	NEW	VENTILATE	0	1	1	1	0	0	0
2026-04-22 02:02:05.921375+00	OLD	VENTILATE	1	1	1	1	0	0	0
2026-04-22 02:02:05.921375+00	NEW	VENTILATE	0	1	1	1	0	0	0
2026-04-22 02:03:06.138897+00	OLD	VENTILATE	1	1	1	1	0	0	0
2026-04-22 02:03:06.138897+00	NEW	VENTILATE	0	1	1	1	0	0	0
2026-04-22 02:04:06.262219+00	OLD	VENTILATE	1	1	1	1	0	0	0
2026-04-22 02:04:06.262219+00	NEW	VENTILATE	0	1	1	1	0	0	0
2026-04-22 02:05:06.395119+00	OLD	VENTILATE	1	1	1	1	0	0	0
2026-04-22 02:05:06.395119+00	NEW	VENTILATE	0	1	1	1	0	0	0
2026-04-22 02:06:06.51243+00	OLD	VENTILATE	1	1	1	1	0	0	0
2026-04-22 02:06:06.51243+00	NEW	VENTILATE	0	1	1	1	0	0	0
2026-04-22 02:07:08.134697+00	OLD	VENTILATE	1	1	1	1	0	0	0
2026-04-22 02:07:08.134697+00	NEW	VENTILATE	0	1	1	1	0	0	0
2026-04-22 02:08:08.240167+00	OLD	VENTILATE	1	1	1	1	0	0	0
2026-04-22 02:08:08.240167+00	NEW	VENTILATE	0	1	1	1	0	0	0
2026-04-22 02:09:08.374611+00	OLD	VENTILATE	1	1	1	1	0	0	0
2026-04-22 02:09:08.374611+00	NEW	VENTILATE	0	1	1	1	0	0	0
2026-04-22 02:10:08.485377+00	OLD	VENTILATE	1	1	1	1	0	0	0
2026-04-22 02:10:08.485377+00	NEW	VENTILATE	0	1	1	1	0	0	0
2026-04-22 02:11:08.633862+00	OLD	VENTILATE	1	1	1	1	0	0	0
2026-04-22 02:11:08.633862+00	NEW	VENTILATE	0	1	1	1	0	0	0
2026-04-22 02:12:08.760025+00	OLD	VENTILATE	1	1	1	1	0	0	0
2026-04-22 02:12:08.760025+00	NEW	VENTILATE	0	1	1	1	0	0	0
2026-04-22 02:13:08.913416+00	OLD	VENTILATE	1	1	1	1	0	0	0
2026-04-22 02:13:08.913416+00	NEW	VENTILATE	0	1	1	1	0	0	0
2026-04-22 02:14:09.096888+00	OLD	VENTILATE	1	1	1	1	0	0	0
2026-04-22 02:14:09.096888+00	NEW	VENTILATE	0	1	1	1	0	0	0
2026-04-22 02:15:09.380734+00	OLD	VENTILATE	1	1	1	1	0	0	0
2026-04-22 02:15:09.380734+00	NEW	VENTILATE	0	1	1	1	0	0	0
2026-04-22 02:16:09.495191+00	OLD	VENTILATE	1	1	1	1	0	0	0
2026-04-22 02:16:09.495191+00	NEW	VENTILATE	0	1	1	1	0	0	0
2026-04-22 02:17:09.698612+00	OLD	VENTILATE	1	1	1	1	0	0	0
2026-04-22 02:17:09.698612+00	NEW	VENTILATE	0	1	1	1	0	0	0
2026-04-22 02:18:09.851232+00	OLD	VENTILATE	1	1	1	1	0	0	0
2026-04-22 02:18:09.851232+00	NEW	VENTILATE	0	1	1	1	0	0	0
2026-04-22 02:19:09.992889+00	OLD	VENTILATE	1	1	1	1	0	0	0
2026-04-22 02:19:09.992889+00	NEW	VENTILATE	0	1	1	1	0	0	0
2026-04-22 02:20:10.124766+00	OLD	VENTILATE	1	1	1	1	0	0	0
2026-04-22 02:20:10.124766+00	NEW	VENTILATE	0	1	1	1	0	0	0
2026-04-22 02:30:11.615942+00	OLD	VENTILATE	1	1	1	0	0	0	0
2026-04-22 02:30:11.615942+00	NEW	VENTILATE	0	1	1	0	0	0	0
2026-04-22 02:42:13.761302+00	OLD	VENTILATE	1	1	1	1	0	0	0
2026-04-22 02:42:13.761302+00	NEW	VENTILATE	0	1	1	1	0	0	0
2026-04-22 02:43:13.893872+00	OLD	VENTILATE	1	1	1	1	0	0	0
2026-04-22 02:43:13.893872+00	NEW	VENTILATE	0	1	1	1	0	0	0
2026-04-22 02:58:17.476012+00	OLD	VENTILATE	1	1	1	1	0	0	0
2026-04-22 02:58:17.476012+00	NEW	VENTILATE	0	1	1	1	0	0	0
2026-04-22 02:59:17.598492+00	OLD	VENTILATE	1	1	1	0	0	0	0
2026-04-22 02:59:17.598492+00	NEW	VENTILATE	0	1	1	0	0	0	0
2026-04-22 03:00:17.715182+00	OLD	VENTILATE	1	1	1	0	0	0	0
2026-04-22 03:00:17.715182+00	NEW	VENTILATE	0	1	1	0	0	0	0
2026-04-22 03:01:17.940294+00	OLD	VENTILATE	1	1	1	0	0	0	0
2026-04-22 03:01:17.940294+00	NEW	VENTILATE	0	1	1	0	0	0	0
2026-04-22 03:02:18.142809+00	OLD	VENTILATE	1	1	1	0	0	0	0
2026-04-22 03:02:18.142809+00	NEW	VENTILATE	0	1	1	0	0	0	0
2026-04-22 03:03:18.374069+00	OLD	VENTILATE	1	1	1	0	0	0	0
2026-04-22 03:03:18.374069+00	NEW	VENTILATE	0	1	1	0	0	0	0
2026-04-22 03:04:18.481236+00	OLD	VENTILATE	1	1	1	0	0	0	0
2026-04-22 03:04:18.481236+00	NEW	VENTILATE	0	1	1	0	0	0	0
2026-04-22 03:05:18.693554+00	OLD	VENTILATE	1	1	1	0	0	0	0
2026-04-22 03:05:18.693554+00	NEW	VENTILATE	0	1	1	0	0	0	0
2026-04-22 03:06:18.856297+00	OLD	VENTILATE	1	1	1	0	0	0	0
2026-04-22 03:06:18.856297+00	NEW	VENTILATE	0	1	1	0	0	0	0
2026-04-22 03:07:18.935828+00	OLD	VENTILATE	1	1	1	0	0	0	0
2026-04-22 03:07:18.935828+00	NEW	VENTILATE	0	1	1	0	0	0	0
2026-04-22 03:08:19.066543+00	OLD	VENTILATE	1	1	1	1	0	0	0
2026-04-22 03:08:19.066543+00	NEW	VENTILATE	0	1	1	1	0	0	0
2026-04-22 03:09:19.276561+00	OLD	VENTILATE	1	1	1	1	0	0	0
2026-04-22 03:09:19.276561+00	NEW	VENTILATE	0	1	1	1	0	0	0
2026-04-22 03:10:19.400543+00	OLD	VENTILATE	1	1	1	1	0	0	0
2026-04-22 03:10:19.400543+00	NEW	VENTILATE	0	1	1	1	0	0	0
2026-04-22 03:11:19.535997+00	OLD	VENTILATE	1	1	1	1	0	0	0
2026-04-22 03:11:19.535997+00	NEW	VENTILATE	0	1	1	1	0	0	0
2026-04-22 03:12:19.694566+00	OLD	VENTILATE	1	1	1	1	0	0	0
2026-04-22 03:12:19.694566+00	NEW	VENTILATE	0	1	1	1	0	0	0
2026-04-22 03:13:19.888827+00	OLD	VENTILATE	1	1	1	1	0	0	0
2026-04-22 03:13:19.888827+00	NEW	VENTILATE	0	1	1	1	0	0	0
2026-04-22 03:14:20.309608+00	OLD	VENTILATE	1	1	1	1	0	0	0
2026-04-22 03:14:20.309608+00	NEW	VENTILATE	0	1	1	1	0	0	0
2026-04-22 03:15:20.433382+00	OLD	VENTILATE	1	1	1	1	0	0	0
2026-04-22 03:15:20.433382+00	NEW	VENTILATE	0	1	1	1	0	0	0
2026-04-22 03:16:20.572856+00	OLD	VENTILATE	1	1	1	1	0	0	0
2026-04-22 03:16:20.572856+00	NEW	VENTILATE	0	1	1	1	0	0	0
2026-04-22 03:17:20.724901+00	OLD	VENTILATE	1	1	1	1	0	0	0
2026-04-22 03:17:20.724901+00	NEW	VENTILATE	0	1	1	1	0	0	0
2026-04-22 03:18:20.962702+00	OLD	VENTILATE	1	1	1	1	0	0	0
2026-04-22 03:18:20.962702+00	NEW	VENTILATE	0	1	1	1	0	0	0
2026-04-22 03:19:21.082872+00	OLD	VENTILATE	1	1	1	0	0	0	0
2026-04-22 03:19:21.082872+00	NEW	VENTILATE	0	1	1	0	0	0	0
2026-04-22 03:20:21.194774+00	OLD	VENTILATE	1	1	1	0	0	0	0
2026-04-22 03:20:21.194774+00	NEW	VENTILATE	0	1	1	0	0	0	0
2026-04-22 03:21:21.295279+00	OLD	VENTILATE	1	1	1	0	0	0	0
2026-04-22 03:21:21.295279+00	NEW	VENTILATE	0	1	1	0	0	0	0
2026-04-22 03:22:21.925132+00	OLD	VENTILATE	1	1	1	0	0	0	0
2026-04-22 03:22:21.925132+00	NEW	VENTILATE	0	1	1	0	0	0	0
2026-04-22 03:23:22.136939+00	OLD	VENTILATE	1	1	1	1	0	0	0
2026-04-22 03:23:22.136939+00	NEW	VENTILATE	0	1	1	1	0	0	0
2026-04-22 03:24:22.280746+00	OLD	VENTILATE	1	1	1	1	0	0	0
2026-04-22 03:24:22.280746+00	NEW	VENTILATE	0	1	1	1	0	0	0
2026-04-22 03:25:22.396878+00	OLD	VENTILATE	1	1	1	1	0	0	0
2026-04-22 03:25:22.396878+00	NEW	VENTILATE	0	1	1	1	0	0	0
2026-04-22 03:26:22.514841+00	OLD	VENTILATE	1	1	1	1	0	0	0
2026-04-22 03:26:22.514841+00	NEW	VENTILATE	0	1	1	1	0	0	0
2026-04-22 04:23:33.908927+00	OLD	VENTILATE	1	1	1	0	0	0	0
2026-04-22 04:23:33.908927+00	NEW	VENTILATE	0	1	1	0	0	0	0
2026-04-22 04:24:34.188363+00	OLD	VENTILATE	1	1	1	0	0	0	0
2026-04-22 04:24:34.188363+00	NEW	VENTILATE	0	1	1	0	0	0	0
2026-04-22 04:25:34.303454+00	OLD	VENTILATE	1	1	1	0	0	0	0
2026-04-22 04:25:34.303454+00	NEW	VENTILATE	0	1	1	0	0	0	0
2026-04-22 04:28:34.759034+00	OLD	VENTILATE	1	1	1	0	0	0	0
2026-04-22 04:28:34.759034+00	NEW	VENTILATE	0	1	1	0	0	0	0
2026-04-22 04:29:34.88642+00	OLD	VENTILATE	1	1	1	0	0	0	0
2026-04-22 04:29:34.88642+00	NEW	VENTILATE	0	1	1	0	0	0	0
2026-04-22 04:30:35.021817+00	OLD	VENTILATE	1	1	1	0	0	0	0
2026-04-22 04:30:35.021817+00	NEW	VENTILATE	0	1	1	0	0	0	0
2026-04-22 04:31:35.128481+00	OLD	VENTILATE	1	1	1	0	0	0	0
2026-04-22 04:31:35.128481+00	NEW	VENTILATE	0	1	1	0	0	0	0
2026-04-22 04:32:35.254804+00	OLD	VENTILATE	1	1	1	0	0	0	0
2026-04-22 04:32:35.254804+00	NEW	VENTILATE	0	1	1	0	0	0	0
2026-04-22 04:33:35.384278+00	OLD	VENTILATE	1	1	1	0	0	0	0
2026-04-22 04:33:35.384278+00	NEW	VENTILATE	0	1	1	0	0	0	0
2026-04-22 04:34:35.522402+00	OLD	VENTILATE	0	1	1	0	0	0	0
2026-04-22 04:34:35.522402+00	NEW	IDLE	0	0	0	0	1	0	0
2026-04-22 04:44:37.410008+00	OLD	SEALED_MIST	0	0	0	0	1	0	0
2026-04-22 04:44:37.410008+00	NEW	IDLE	0	0	0	0	1	0	0
2026-04-22 04:45:37.559027+00	OLD	SEALED_MIST	0	0	0	0	1	0	1
2026-04-22 04:45:37.559027+00	NEW	IDLE	0	0	0	0	1	0	0
2026-04-22 04:56:39.33427+00	OLD	SEALED_MIST	0	0	0	0	1	0	0
2026-04-22 04:56:39.33427+00	NEW	IDLE	0	0	0	0	1	0	0
2026-04-22 04:57:39.496691+00	OLD	SEALED_MIST	0	0	0	0	1	0	1
2026-04-22 04:57:39.496691+00	NEW	IDLE	0	0	0	0	1	0	0
2026-04-22 05:08:41.279024+00	OLD	SEALED_MIST	0	0	0	0	1	0	0
2026-04-22 05:08:41.279024+00	NEW	IDLE	0	0	0	0	1	0	0
2026-04-22 05:09:41.663993+00	OLD	SEALED_MIST	0	0	0	0	1	0	1
2026-04-22 05:09:41.663993+00	NEW	IDLE	0	0	0	0	1	0	0
2026-04-22 05:10:41.811418+00	OLD	SEALED_MIST	0	0	0	0	1	0	1
2026-04-22 05:10:41.811418+00	NEW	IDLE	0	0	0	0	1	0	0
2026-04-22 05:11:42.036189+00	OLD	SEALED_MIST	0	0	0	0	1	0	1
2026-04-22 05:11:42.036189+00	NEW	IDLE	0	0	0	0	1	0	0
2026-04-22 05:12:42.637011+00	OLD	SEALED_MIST	0	0	0	0	1	0	1
2026-04-22 05:12:42.637011+00	NEW	IDLE	0	0	0	0	1	0	0
2026-04-22 05:13:42.772253+00	OLD	SEALED_MIST	0	0	0	0	1	0	1
2026-04-22 05:13:42.772253+00	NEW	IDLE	0	0	0	0	1	0	0
2026-04-22 05:14:42.883199+00	OLD	SEALED_MIST	0	0	0	0	1	0	2
2026-04-22 05:14:42.883199+00	NEW	IDLE	0	0	0	0	1	0	0
2026-04-22 05:15:42.977611+00	OLD	SEALED_MIST	0	0	0	0	1	0	2
2026-04-22 05:15:42.977611+00	NEW	IDLE	0	0	0	0	1	0	0
2026-04-22 05:16:43.113718+00	OLD	SEALED_MIST	0	0	0	0	1	0	2
2026-04-22 05:16:43.113718+00	NEW	IDLE	0	0	0	0	1	0	0
2026-04-22 05:27:45.529147+00	OLD	SEALED_MIST	0	0	0	0	1	1	0
2026-04-22 05:27:45.529147+00	NEW	IDLE	0	0	0	0	1	1	0
2026-04-22 05:28:45.666538+00	OLD	SEALED_MIST	0	0	0	0	1	1	1
2026-04-22 05:28:45.666538+00	NEW	IDLE	0	0	0	0	1	1	0
2026-04-22 05:29:45.874913+00	OLD	SEALED_MIST	0	0	0	0	1	1	1
2026-04-22 05:29:45.874913+00	NEW	IDLE	0	0	0	0	1	1	0
2026-04-22 05:30:46.005885+00	OLD	SEALED_MIST	0	0	0	0	1	1	1
2026-04-22 05:30:46.005885+00	NEW	IDLE	0	0	0	0	1	1	0
2026-04-22 05:31:46.13008+00	OLD	SEALED_MIST	0	0	0	0	1	1	1
2026-04-22 05:31:46.13008+00	NEW	IDLE	0	0	0	0	1	1	0
2026-04-22 05:32:46.266576+00	OLD	SEALED_MIST	0	0	0	0	1	1	1
2026-04-22 05:32:46.266576+00	NEW	IDLE	0	0	0	0	1	1	0
2026-04-22 05:33:46.363722+00	OLD	SEALED_MIST	0	0	0	0	1	1	2
2026-04-22 05:33:46.363722+00	NEW	IDLE	0	0	0	0	1	1	0
2026-04-22 05:34:46.476294+00	OLD	SEALED_MIST	0	0	0	0	1	1	2
2026-04-22 05:34:46.476294+00	NEW	IDLE	0	0	0	0	1	1	0
2026-04-22 05:35:46.572044+00	OLD	SEALED_MIST	0	0	0	0	1	1	2
2026-04-22 05:35:46.572044+00	NEW	IDLE	0	0	0	0	1	1	0
2026-04-22 05:51:50.977757+00	OLD	SEALED_MIST	0	0	0	0	1	1	0
2026-04-22 05:51:50.977757+00	NEW	IDLE	0	0	0	0	1	1	0
2026-04-22 05:52:51.116093+00	OLD	SEALED_MIST	0	0	0	0	1	1	1
2026-04-22 05:52:51.116093+00	NEW	IDLE	0	0	0	0	1	1	0
2026-04-22 18:00:40.905827+00	OLD	SEALED_MIST	1	0	0	0	0	0	3
2026-04-22 18:00:40.905827+00	NEW	IDLE	0	0	0	0	0	0	0
2026-04-22 18:01:41.05493+00	OLD	SEALED_MIST	0	0	0	0	0	0	2
2026-04-22 18:01:41.05493+00	NEW	IDLE	0	0	0	0	0	0	0
2026-04-22 18:08:42.78439+00	OLD	VENTILATE	1	1	1	0	0	0	0
2026-04-22 18:08:42.78439+00	NEW	VENTILATE	0	1	1	0	0	0	0
2026-04-22 18:09:43.179414+00	OLD	VENTILATE	1	1	1	1	0	0	0
2026-04-22 18:09:43.179414+00	NEW	VENTILATE	0	1	1	1	0	0	0
2026-04-22 18:15:45.408702+00	OLD	VENTILATE	1	1	1	0	0	0	0
2026-04-22 18:15:45.408702+00	NEW	VENTILATE	0	1	1	0	0	0	0
2026-04-22 18:16:46.816756+00	OLD	VENTILATE	1	1	1	1	0	0	0
2026-04-22 18:16:46.816756+00	NEW	VENTILATE	0	1	1	1	0	0	0
2026-04-22 18:23:50.328405+00	OLD	VENTILATE	1	1	1	1	0	0	0
2026-04-22 18:23:50.328405+00	NEW	VENTILATE	0	1	1	1	0	0	0
2026-04-22 18:24:50.459948+00	OLD	VENTILATE	1	1	1	1	0	0	0
2026-04-22 18:24:50.459948+00	NEW	VENTILATE	0	1	1	1	0	0	0
2026-04-22 18:31:51.823362+00	OLD	VENTILATE	1	1	1	1	0	0	0
2026-04-22 18:31:51.823362+00	NEW	VENTILATE	0	1	1	1	0	0	0
2026-04-22 18:32:51.95128+00	OLD	VENTILATE	1	1	1	1	0	0	0
2026-04-22 18:32:51.95128+00	NEW	VENTILATE	0	1	1	1	0	0	0
2026-04-22 18:33:52.112917+00	OLD	VENTILATE	1	1	1	1	0	0	0
2026-04-22 18:33:52.112917+00	NEW	VENTILATE	0	1	1	1	0	0	0
2026-04-22 18:34:52.444923+00	OLD	VENTILATE	1	1	1	1	0	0	0
2026-04-22 18:34:52.444923+00	NEW	VENTILATE	0	1	1	1	0	0	0
2026-04-22 18:35:52.87016+00	OLD	VENTILATE	1	1	1	1	0	0	0
2026-04-22 18:35:52.87016+00	NEW	VENTILATE	0	1	1	1	0	0	0
2026-04-22 18:41:53.910232+00	OLD	VENTILATE	1	1	1	1	0	0	0
2026-04-22 18:41:53.910232+00	NEW	VENTILATE	0	1	1	1	0	0	0
2026-04-22 18:42:54.035706+00	OLD	VENTILATE	1	1	1	1	0	0	0
2026-04-22 18:42:54.035706+00	NEW	VENTILATE	0	1	1	1	0	0	0
2026-04-22 18:43:54.166028+00	OLD	VENTILATE	1	1	1	1	0	0	0
2026-04-22 18:43:54.166028+00	NEW	VENTILATE	0	1	1	1	0	0	0
2026-04-22 18:44:54.479029+00	OLD	VENTILATE	1	1	1	1	0	0	0
2026-04-22 18:44:54.479029+00	NEW	VENTILATE	0	1	1	1	0	0	0
2026-04-22 18:45:54.670796+00	OLD	VENTILATE	1	1	1	1	0	0	0
2026-04-22 18:45:54.670796+00	NEW	VENTILATE	0	1	1	1	0	0	0
2026-04-22 18:46:54.882928+00	OLD	VENTILATE	1	1	1	1	0	0	0
2026-04-22 18:46:54.882928+00	NEW	VENTILATE	0	1	1	1	0	0	0
2026-04-22 18:47:55.440575+00	OLD	VENTILATE	1	1	1	1	0	0	0
2026-04-22 18:47:55.440575+00	NEW	VENTILATE	0	1	1	1	0	0	0
2026-04-22 18:48:56.858206+00	OLD	VENTILATE	1	1	1	1	0	0	0
2026-04-22 18:48:56.858206+00	NEW	VENTILATE	0	1	1	1	0	0	0
2026-04-22 18:49:57.226544+00	OLD	VENTILATE	1	1	1	1	0	0	0
2026-04-22 18:49:57.226544+00	NEW	VENTILATE	0	1	1	1	0	0	0
2026-04-22 18:50:57.5428+00	OLD	VENTILATE	1	1	1	1	0	0	0
2026-04-22 18:50:57.5428+00	NEW	VENTILATE	0	1	1	1	0	0	0
2026-04-22 18:51:57.833517+00	OLD	VENTILATE	1	1	1	1	0	0	0
2026-04-22 18:51:57.833517+00	NEW	VENTILATE	0	1	1	1	0	0	0
2026-04-22 18:52:58.01286+00	OLD	VENTILATE	1	1	1	1	0	0	0
2026-04-22 18:52:58.01286+00	NEW	VENTILATE	0	1	1	1	0	0	0
2026-04-22 18:53:58.349578+00	OLD	VENTILATE	1	1	1	1	0	0	0
2026-04-22 18:53:58.349578+00	NEW	VENTILATE	0	1	1	1	0	0	0
2026-04-22 18:54:58.488171+00	OLD	VENTILATE	1	1	1	1	0	0	0
2026-04-22 18:54:58.488171+00	NEW	VENTILATE	0	1	1	1	0	0	0
2026-04-22 18:55:58.586559+00	OLD	VENTILATE	1	1	1	1	0	0	0
2026-04-22 18:55:58.586559+00	NEW	VENTILATE	0	1	1	1	0	0	0
2026-04-22 18:56:58.712896+00	OLD	VENTILATE	1	1	1	1	0	0	0
2026-04-22 18:56:58.712896+00	NEW	VENTILATE	0	1	1	1	0	0	0
2026-04-22 18:57:58.843755+00	OLD	VENTILATE	1	1	1	1	0	0	0
2026-04-22 18:57:58.843755+00	NEW	VENTILATE	0	1	1	1	0	0	0
2026-04-22 18:58:58.954212+00	OLD	VENTILATE	1	1	1	1	0	0	0
2026-04-22 18:58:58.954212+00	NEW	VENTILATE	0	1	1	1	0	0	0
2026-04-22 18:59:59.064966+00	OLD	VENTILATE	1	1	1	1	0	0	0
2026-04-22 18:59:59.064966+00	NEW	VENTILATE	0	1	1	1	0	0	0
2026-04-23 00:02:17.603486+00	OLD	VENTILATE	1	1	1	1	0	0	0
2026-04-23 00:02:17.603486+00	NEW	VENTILATE	0	1	1	1	0	0	0
2026-04-23 00:03:17.838409+00	OLD	VENTILATE	1	1	1	1	0	0	0
2026-04-23 00:03:17.838409+00	NEW	VENTILATE	0	1	1	1	0	0	0
2026-04-23 00:04:17.994603+00	OLD	VENTILATE	1	1	1	1	0	0	0
2026-04-23 00:04:17.994603+00	NEW	VENTILATE	0	1	1	1	0	0	0
2026-04-23 00:05:18.157141+00	OLD	VENTILATE	1	1	1	1	0	0	0
2026-04-23 00:05:18.157141+00	NEW	VENTILATE	0	1	1	1	0	0	0
2026-04-23 00:06:18.307549+00	OLD	VENTILATE	1	1	1	1	0	0	0
2026-04-23 00:06:18.307549+00	NEW	VENTILATE	0	1	1	1	0	0	0
2026-04-23 00:07:18.458154+00	OLD	VENTILATE	1	1	1	1	0	0	0
2026-04-23 00:07:18.458154+00	NEW	VENTILATE	0	1	1	1	0	0	0
2026-04-23 00:08:18.612196+00	OLD	VENTILATE	1	1	1	1	0	0	0
2026-04-23 00:08:18.612196+00	NEW	VENTILATE	0	1	1	1	0	0	0
2026-04-23 00:09:18.937071+00	OLD	VENTILATE	1	1	1	1	0	0	0
2026-04-23 00:09:18.937071+00	NEW	VENTILATE	0	1	1	1	0	0	0
2026-04-23 00:10:19.051436+00	OLD	VENTILATE	1	1	1	1	0	0	0
2026-04-23 00:10:19.051436+00	NEW	VENTILATE	0	1	1	1	0	0	0
2026-04-23 00:11:20.792835+00	OLD	VENTILATE	1	1	1	1	0	0	0
2026-04-23 00:11:20.792835+00	NEW	VENTILATE	0	1	1	1	0	0	0
2026-04-23 00:12:21.135808+00	OLD	VENTILATE	1	1	1	1	0	0	0
2026-04-23 00:12:21.135808+00	NEW	VENTILATE	0	1	1	1	0	0	0
2026-04-23 00:13:21.371501+00	OLD	VENTILATE	1	1	1	1	0	0	0
2026-04-23 00:13:21.371501+00	NEW	VENTILATE	0	1	1	1	0	0	0
2026-04-23 00:14:21.97187+00	OLD	VENTILATE	1	1	1	1	0	0	0
2026-04-23 00:14:21.97187+00	NEW	VENTILATE	0	1	1	1	0	0	0
2026-04-23 00:15:22.092252+00	OLD	VENTILATE	1	1	1	1	0	0	0
2026-04-23 00:15:22.092252+00	NEW	VENTILATE	0	1	1	1	0	0	0
2026-04-23 00:16:22.361334+00	OLD	VENTILATE	1	1	1	1	0	0	0
2026-04-23 00:16:22.361334+00	NEW	VENTILATE	0	1	1	1	0	0	0
2026-04-23 00:17:22.525525+00	OLD	VENTILATE	1	1	1	1	0	0	0
2026-04-23 00:17:22.525525+00	NEW	VENTILATE	0	1	1	1	0	0	0
2026-04-23 00:18:22.635032+00	OLD	VENTILATE	1	1	1	1	0	0	0
2026-04-23 00:18:22.635032+00	NEW	VENTILATE	0	1	1	1	0	0	0
2026-04-23 00:19:22.816762+00	OLD	VENTILATE	1	1	1	1	0	0	0
2026-04-23 00:19:22.816762+00	NEW	VENTILATE	0	1	1	1	0	0	0
2026-04-23 00:20:23.229399+00	OLD	VENTILATE	1	1	1	1	0	0	0
2026-04-23 00:20:23.229399+00	NEW	VENTILATE	0	1	1	1	0	0	0
2026-04-23 00:21:23.43614+00	OLD	VENTILATE	1	1	1	1	0	0	0
2026-04-23 00:21:23.43614+00	NEW	VENTILATE	0	1	1	1	0	0	0
2026-04-23 00:22:23.55333+00	OLD	VENTILATE	1	1	1	1	0	0	0
2026-04-23 00:22:23.55333+00	NEW	VENTILATE	0	1	1	1	0	0	0
2026-04-23 00:23:23.653393+00	OLD	VENTILATE	1	1	1	1	0	0	0
2026-04-23 00:23:23.653393+00	NEW	VENTILATE	0	1	1	1	0	0	0
2026-04-23 00:24:23.790443+00	OLD	VENTILATE	1	1	1	1	0	0	0
2026-04-23 00:24:23.790443+00	NEW	VENTILATE	0	1	1	1	0	0	0
2026-04-23 00:25:23.961852+00	OLD	VENTILATE	1	1	1	1	0	0	0
2026-04-23 00:25:23.961852+00	NEW	VENTILATE	0	1	1	1	0	0	0
2026-04-23 00:26:24.059871+00	OLD	VENTILATE	1	1	1	1	0	0	0
2026-04-23 00:26:24.059871+00	NEW	VENTILATE	0	1	1	1	0	0	0
2026-04-23 00:27:24.163044+00	OLD	VENTILATE	1	1	1	1	0	0	0
2026-04-23 00:27:24.163044+00	NEW	VENTILATE	0	1	1	1	0	0	0
2026-04-23 00:28:24.27686+00	OLD	VENTILATE	1	1	1	1	0	0	0
2026-04-23 00:28:24.27686+00	NEW	VENTILATE	0	1	1	1	0	0	0
2026-04-23 00:29:24.442736+00	OLD	VENTILATE	1	1	1	1	0	0	0
2026-04-23 00:29:24.442736+00	NEW	VENTILATE	0	1	1	1	0	0	0
2026-04-23 00:30:24.617529+00	OLD	VENTILATE	1	1	1	1	0	0	0
2026-04-23 00:30:24.617529+00	NEW	VENTILATE	0	1	1	1	0	0	0
2026-04-23 00:31:24.744894+00	OLD	VENTILATE	1	1	1	1	0	0	0
2026-04-23 00:31:24.744894+00	NEW	VENTILATE	0	1	1	1	0	0	0
2026-04-23 00:32:25.428845+00	OLD	VENTILATE	1	1	1	1	0	0	0
2026-04-23 00:32:25.428845+00	NEW	VENTILATE	0	1	1	1	0	0	0
2026-04-23 00:33:25.559721+00	OLD	VENTILATE	1	1	1	1	0	0	0
2026-04-23 00:33:25.559721+00	NEW	VENTILATE	0	1	1	1	0	0	0
2026-04-23 00:34:25.921652+00	OLD	VENTILATE	1	1	1	1	0	0	0
2026-04-23 00:34:25.921652+00	NEW	VENTILATE	0	1	1	1	0	0	0
2026-04-23 00:35:26.065961+00	OLD	VENTILATE	1	1	1	1	0	0	0
2026-04-23 00:35:26.065961+00	NEW	VENTILATE	0	1	1	1	0	0	0
2026-04-23 00:44:28.144401+00	OLD	VENTILATE	1	1	1	1	0	0	0
2026-04-23 00:44:28.144401+00	NEW	VENTILATE	0	1	1	1	0	0	0
2026-04-23 00:45:28.675128+00	OLD	VENTILATE	1	1	1	1	0	0	0
2026-04-23 00:45:28.675128+00	NEW	VENTILATE	0	1	1	1	0	0	0
2026-04-23 00:46:28.998586+00	OLD	VENTILATE	1	1	1	1	0	0	0
2026-04-23 00:46:28.998586+00	NEW	VENTILATE	0	1	1	1	0	0	0
2026-04-23 00:56:32.179377+00	OLD	VENTILATE	1	1	1	1	0	0	0
2026-04-23 00:56:32.179377+00	NEW	VENTILATE	0	1	1	1	0	0	0
2026-04-23 00:57:32.672942+00	OLD	VENTILATE	1	1	1	1	0	0	0
2026-04-23 00:57:32.672942+00	NEW	VENTILATE	0	1	1	1	0	0	0
2026-04-23 00:58:32.902671+00	OLD	VENTILATE	1	1	1	1	0	0	0
2026-04-23 00:58:32.902671+00	NEW	VENTILATE	0	1	1	1	0	0	0
2026-04-23 01:09:38.319737+00	OLD	VENTILATE	1	1	1	1	0	0	0
2026-04-23 01:09:38.319737+00	NEW	VENTILATE	0	1	1	1	0	0	0
2026-04-23 01:10:38.528537+00	OLD	VENTILATE	1	1	1	1	0	0	0
2026-04-23 01:10:38.528537+00	NEW	VENTILATE	0	1	1	1	0	0	0
2026-04-23 01:11:38.787422+00	OLD	VENTILATE	1	1	1	1	0	0	0
2026-04-23 01:11:38.787422+00	NEW	VENTILATE	0	1	1	1	0	0	0
2026-04-23 01:12:38.977565+00	OLD	VENTILATE	1	1	1	1	0	0	0
2026-04-23 01:12:38.977565+00	NEW	VENTILATE	0	1	1	1	0	0	0
2026-04-23 01:13:39.284541+00	OLD	VENTILATE	1	1	1	1	0	0	0
2026-04-23 01:13:39.284541+00	NEW	VENTILATE	0	1	1	1	0	0	0
2026-04-23 01:14:39.787248+00	OLD	VENTILATE	1	1	1	1	0	0	0
2026-04-23 01:14:39.787248+00	NEW	VENTILATE	0	1	1	1	0	0	0
2026-04-23 01:15:40.354583+00	OLD	VENTILATE	1	1	1	1	0	0	0
2026-04-23 01:15:40.354583+00	NEW	VENTILATE	0	1	1	1	0	0	0
2026-04-23 01:16:40.597353+00	OLD	VENTILATE	1	1	1	1	0	0	0
2026-04-23 01:16:40.597353+00	NEW	VENTILATE	0	1	1	1	0	0	0
2026-04-23 01:17:40.75727+00	OLD	VENTILATE	1	1	1	1	0	0	0
2026-04-23 01:17:40.75727+00	NEW	VENTILATE	0	1	1	1	0	0	0
2026-04-23 01:18:41.020246+00	OLD	VENTILATE	1	1	1	1	0	0	0
2026-04-23 01:18:41.020246+00	NEW	VENTILATE	0	1	1	1	0	0	0
2026-04-23 01:19:41.920939+00	OLD	VENTILATE	1	1	1	1	0	0	0
2026-04-23 01:19:41.920939+00	NEW	VENTILATE	0	1	1	1	0	0	0
2026-04-23 01:20:42.062036+00	OLD	VENTILATE	1	1	1	1	0	0	0
2026-04-23 01:20:42.062036+00	NEW	VENTILATE	0	1	1	1	0	0	0
2026-04-23 01:21:42.186201+00	OLD	VENTILATE	1	1	1	1	0	0	0
2026-04-23 01:21:42.186201+00	NEW	VENTILATE	0	1	1	1	0	0	0
2026-04-23 01:22:42.317856+00	OLD	VENTILATE	1	1	1	1	0	0	0
2026-04-23 01:22:42.317856+00	NEW	VENTILATE	0	1	1	1	0	0	0
2026-04-23 01:23:42.933044+00	OLD	VENTILATE	1	1	1	1	0	0	0
2026-04-23 01:23:42.933044+00	NEW	VENTILATE	0	1	1	1	0	0	0
2026-04-23 01:24:43.07527+00	OLD	VENTILATE	1	1	1	1	0	0	0
2026-04-23 01:24:43.07527+00	NEW	VENTILATE	0	1	1	1	0	0	0
2026-04-23 01:25:43.478166+00	OLD	VENTILATE	1	1	1	1	0	0	0
2026-04-23 01:25:43.478166+00	NEW	VENTILATE	0	1	1	1	0	0	0
2026-04-23 01:26:43.68907+00	OLD	VENTILATE	1	1	1	1	0	0	0
2026-04-23 01:26:43.68907+00	NEW	VENTILATE	0	1	1	1	0	0	0
2026-04-23 01:27:44.05305+00	OLD	VENTILATE	1	1	1	1	0	0	0
2026-04-23 01:27:44.05305+00	NEW	VENTILATE	0	1	1	1	0	0	0
2026-04-23 01:28:45.378503+00	OLD	VENTILATE	1	1	1	1	0	0	0
2026-04-23 01:28:45.378503+00	NEW	VENTILATE	0	1	1	1	0	0	0
2026-04-23 01:29:45.557387+00	OLD	VENTILATE	1	1	1	1	0	0	0
2026-04-23 01:29:45.557387+00	NEW	VENTILATE	0	1	1	1	0	0	0
2026-04-23 01:30:45.692031+00	OLD	VENTILATE	1	1	1	1	0	0	0
2026-04-23 01:30:45.692031+00	NEW	VENTILATE	0	1	1	1	0	0	0
2026-04-23 01:31:45.81592+00	OLD	VENTILATE	1	1	1	1	0	0	0
2026-04-23 01:31:45.81592+00	NEW	VENTILATE	0	1	1	1	0	0	0
2026-04-23 01:32:45.977955+00	OLD	VENTILATE	1	1	1	1	0	0	0
2026-04-23 01:32:45.977955+00	NEW	VENTILATE	0	1	1	1	0	0	0
2026-04-23 01:33:46.103412+00	OLD	VENTILATE	1	1	1	1	0	0	0
2026-04-23 01:33:46.103412+00	NEW	VENTILATE	0	1	1	1	0	0	0
2026-04-23 01:34:46.202266+00	OLD	VENTILATE	1	1	1	1	0	0	0
2026-04-23 01:34:46.202266+00	NEW	VENTILATE	0	1	1	1	0	0	0
2026-04-23 01:35:46.702481+00	OLD	VENTILATE	1	1	1	1	0	0	0
2026-04-23 01:35:46.702481+00	NEW	VENTILATE	0	1	1	1	0	0	0
2026-04-23 01:36:46.840252+00	OLD	VENTILATE	1	1	1	1	0	0	0
2026-04-23 01:36:46.840252+00	NEW	VENTILATE	0	1	1	1	0	0	0
2026-04-23 01:37:46.945002+00	OLD	VENTILATE	1	1	1	1	0	0	0
2026-04-23 01:37:46.945002+00	NEW	VENTILATE	0	1	1	1	0	0	0
2026-04-23 01:38:47.084972+00	OLD	VENTILATE	1	1	1	1	0	0	0
2026-04-23 01:38:47.084972+00	NEW	VENTILATE	0	1	1	1	0	0	0
2026-04-23 01:39:47.211641+00	OLD	VENTILATE	1	1	1	1	0	0	0
2026-04-23 01:39:47.211641+00	NEW	VENTILATE	0	1	1	1	0	0	0
2026-04-23 01:40:47.425675+00	OLD	VENTILATE	1	1	1	1	0	0	0
2026-04-23 01:40:47.425675+00	NEW	VENTILATE	0	1	1	1	0	0	0
2026-04-23 01:41:47.560611+00	OLD	VENTILATE	1	1	1	1	0	0	0
2026-04-23 01:41:47.560611+00	NEW	VENTILATE	0	1	1	1	0	0	0
2026-04-23 01:42:47.782599+00	OLD	VENTILATE	1	1	1	0	0	0	0
2026-04-23 01:42:47.782599+00	NEW	VENTILATE	0	1	1	0	0	0	0
2026-04-23 01:52:50.286789+00	OLD	VENTILATE	1	1	1	0	0	0	0
2026-04-23 01:52:50.286789+00	NEW	VENTILATE	0	1	1	0	0	0	0
2026-04-23 02:02:51.787639+00	OLD	SEALED_MIST	0	0	0	0	0	0	0
2026-04-23 02:02:51.787639+00	NEW	IDLE	0	0	0	0	0	0	0
2026-04-23 02:03:52.00902+00	OLD	SEALED_MIST	0	0	0	0	0	0	1
2026-04-23 02:03:52.00902+00	NEW	IDLE	0	0	0	0	0	0	0
2026-04-23 02:04:52.15201+00	OLD	SEALED_MIST	0	0	0	0	0	0	1
2026-04-23 02:04:52.15201+00	NEW	IDLE	0	0	0	0	0	0	0
2026-04-23 02:05:52.305481+00	OLD	SEALED_MIST	0	0	0	0	0	0	1
2026-04-23 02:05:52.305481+00	NEW	IDLE	0	0	0	0	0	0	0
2026-04-23 02:06:52.638043+00	OLD	SEALED_MIST	0	0	0	0	0	0	1
2026-04-23 02:06:52.638043+00	NEW	IDLE	0	0	0	0	0	0	0
2026-04-23 02:15:54.514705+00	OLD	SEALED_MIST	0	0	0	0	0	0	0
2026-04-23 02:15:54.514705+00	NEW	IDLE	0	0	0	0	0	0	0
2026-04-23 02:16:54.669812+00	OLD	SEALED_MIST	0	0	0	0	0	0	1
2026-04-23 02:16:54.669812+00	NEW	IDLE	0	0	0	0	0	0	0
2026-04-23 02:17:54.876462+00	OLD	SEALED_MIST	0	0	0	0	0	0	1
2026-04-23 02:17:54.876462+00	NEW	IDLE	0	0	0	0	0	0	0
2026-04-23 02:18:54.994897+00	OLD	SEALED_MIST	0	0	0	0	0	0	1
2026-04-23 02:18:54.994897+00	NEW	IDLE	0	0	0	0	0	0	0
2026-04-23 02:19:55.092497+00	OLD	SEALED_MIST	1	0	0	0	0	0	3
2026-04-23 02:19:55.092497+00	NEW	IDLE	0	0	0	0	0	0	0
2026-04-23 02:20:55.18248+00	OLD	SEALED_MIST	1	0	0	0	0	0	3
2026-04-23 02:20:55.18248+00	NEW	IDLE	0	0	0	0	0	0	0
2026-04-23 02:21:55.416661+00	OLD	SEALED_MIST	1	0	0	0	0	0	3
2026-04-23 02:21:55.416661+00	NEW	IDLE	0	0	0	0	0	0	0
2026-04-23 02:22:55.561326+00	OLD	SEALED_MIST	1	0	0	0	0	0	3
2026-04-23 02:22:55.561326+00	NEW	IDLE	0	0	0	0	0	0	0
2026-04-23 02:23:55.667823+00	OLD	SEALED_MIST	1	0	0	0	0	0	3
2026-04-23 02:23:55.667823+00	NEW	IDLE	0	0	0	0	0	0	0
2026-04-23 02:34:57.71616+00	OLD	SEALED_MIST	1	0	0	0	0	0	3
2026-04-23 02:34:57.71616+00	NEW	IDLE	0	0	0	0	0	0	0
2026-04-23 02:35:57.812043+00	OLD	SEALED_MIST	1	0	0	0	0	0	3
2026-04-23 02:35:57.812043+00	NEW	IDLE	0	0	0	0	0	0	0
2026-04-23 02:36:58.028142+00	OLD	SEALED_MIST	1	0	0	0	0	0	3
2026-04-23 02:36:58.028142+00	NEW	IDLE	0	0	0	0	0	0	0
2026-04-23 02:37:58.910766+00	OLD	SEALED_MIST	1	0	0	0	0	0	3
2026-04-23 02:37:58.910766+00	NEW	IDLE	0	0	0	0	0	0	0
2026-04-23 02:38:59.026337+00	OLD	SEALED_MIST	1	0	0	0	0	0	3
2026-04-23 02:38:59.026337+00	NEW	IDLE	0	0	0	0	0	0	0
2026-04-23 02:39:59.139373+00	OLD	SEALED_MIST	1	0	0	0	0	0	3
2026-04-23 02:39:59.139373+00	NEW	IDLE	0	0	0	0	0	0	0
2026-04-23 02:40:59.285089+00	OLD	SEALED_MIST	1	0	0	0	0	0	3
2026-04-23 02:40:59.285089+00	NEW	IDLE	0	0	0	0	0	0	0
2026-04-23 02:41:59.473118+00	OLD	SEALED_MIST	1	0	0	0	0	0	3
2026-04-23 02:41:59.473118+00	NEW	IDLE	0	0	0	0	0	0	0
2026-04-23 02:42:59.602207+00	OLD	SEALED_MIST	1	0	0	0	0	0	3
2026-04-23 02:42:59.602207+00	NEW	IDLE	0	0	0	0	0	0	0
2026-04-23 02:59:02.830705+00	OLD	SEALED_MIST	0	0	0	0	1	0	0
2026-04-23 02:59:02.830705+00	NEW	IDLE	0	0	0	0	1	0	0
2026-04-23 03:00:02.958383+00	OLD	SEALED_MIST	0	0	0	0	1	0	1
2026-04-23 03:00:02.958383+00	NEW	IDLE	0	0	0	0	1	0	0
2026-04-23 03:01:03.070265+00	OLD	SEALED_MIST	0	0	0	0	1	0	1
2026-04-23 03:01:03.070265+00	NEW	IDLE	0	0	0	0	1	0	0
2026-04-23 03:11:05.312863+00	OLD	SEALED_MIST	0	0	0	0	1	0	0
2026-04-23 03:11:05.312863+00	NEW	IDLE	0	0	0	0	1	0	0
2026-04-23 03:12:05.508847+00	OLD	SEALED_MIST	0	0	0	0	1	0	1
2026-04-23 03:12:05.508847+00	NEW	IDLE	0	0	0	0	1	0	0
2026-04-23 03:13:05.646989+00	OLD	SEALED_MIST	0	0	0	0	1	0	1
2026-04-23 03:13:05.646989+00	NEW	IDLE	0	0	0	0	1	0	0
2026-04-23 03:24:10.734597+00	OLD	SEALED_MIST	0	0	0	0	1	0	0
2026-04-23 03:24:10.734597+00	NEW	IDLE	0	0	0	0	1	0	0
2026-04-23 03:25:10.92068+00	OLD	SEALED_MIST	0	0	0	0	1	0	1
2026-04-23 03:25:10.92068+00	NEW	IDLE	0	0	0	0	1	0	0
2026-04-23 03:26:11.085487+00	OLD	SEALED_MIST	0	0	0	0	1	0	1
2026-04-23 03:26:11.085487+00	NEW	IDLE	0	0	0	0	1	0	0
2026-04-23 03:27:11.230096+00	OLD	SEALED_MIST	0	0	0	0	1	0	1
2026-04-23 03:27:11.230096+00	NEW	IDLE	0	0	0	0	1	0	0
2026-04-23 03:28:11.791023+00	OLD	SEALED_MIST	0	0	0	0	1	0	1
2026-04-23 03:28:11.791023+00	NEW	IDLE	0	0	0	0	1	0	0
2026-04-23 03:29:12.214723+00	OLD	SEALED_MIST	1	0	0	0	1	0	3
2026-04-23 03:29:12.214723+00	NEW	IDLE	0	0	0	0	1	0	0
2026-04-23 03:30:12.394552+00	OLD	SEALED_MIST	0	0	0	0	1	0	2
2026-04-23 03:30:12.394552+00	NEW	IDLE	0	0	0	0	1	0	0
2026-04-23 03:31:12.827496+00	OLD	SEALED_MIST	1	0	0	0	1	0	3
2026-04-23 03:31:12.827496+00	NEW	IDLE	0	0	0	0	1	0	0
2026-04-23 03:32:13.276323+00	OLD	SEALED_MIST	1	0	0	0	1	0	3
2026-04-23 03:32:13.276323+00	NEW	IDLE	0	0	0	0	1	0	0
2026-04-23 03:43:15.765644+00	OLD	SEALED_MIST	1	0	0	0	1	0	3
2026-04-23 03:43:15.765644+00	NEW	IDLE	0	0	0	0	1	0	0
2026-04-23 03:44:15.892259+00	OLD	SEALED_MIST	1	0	0	0	1	0	3
2026-04-23 03:44:15.892259+00	NEW	IDLE	0	0	0	0	1	0	0
2026-04-23 03:45:16.021253+00	OLD	SEALED_MIST	1	0	0	0	1	0	3
2026-04-23 03:45:16.021253+00	NEW	IDLE	0	0	0	0	1	0	0
2026-04-23 03:46:16.134638+00	OLD	SEALED_MIST	1	0	0	0	1	0	3
2026-04-23 03:46:16.134638+00	NEW	IDLE	0	0	0	0	1	0	0
2026-04-23 03:47:16.240804+00	OLD	SEALED_MIST	1	0	0	0	1	0	3
2026-04-23 03:47:16.240804+00	NEW	IDLE	0	0	0	0	1	0	0
2026-04-23 03:48:16.410536+00	OLD	SEALED_MIST	1	0	0	0	1	0	3
2026-04-23 03:48:16.410536+00	NEW	IDLE	0	0	0	0	1	0	0
2026-04-23 03:49:16.568886+00	OLD	SEALED_MIST	1	0	0	0	1	0	3
2026-04-23 03:49:16.568886+00	NEW	IDLE	0	0	0	0	1	0	0
2026-04-23 03:50:16.748923+00	OLD	SEALED_MIST	1	0	0	0	1	0	3
2026-04-23 03:50:16.748923+00	NEW	IDLE	0	0	0	0	1	0	0
2026-04-23 03:51:16.852713+00	OLD	SEALED_MIST	1	0	0	0	1	0	3
2026-04-23 03:51:16.852713+00	NEW	IDLE	0	0	0	0	1	0	0
2026-04-23 04:06:20.214203+00	OLD	SEALED_MIST	0	0	0	0	0	0	0
2026-04-23 04:06:20.214203+00	NEW	IDLE	0	0	0	0	0	0	0
2026-04-23 04:28:24.517179+00	OLD	VENTILATE	1	1	1	1	0	0	0
2026-04-23 04:28:24.517179+00	NEW	VENTILATE	0	1	1	1	0	0	0
2026-04-23 04:29:24.843774+00	OLD	VENTILATE	1	1	1	1	0	0	0
2026-04-23 04:29:24.843774+00	NEW	VENTILATE	0	1	1	1	0	0	0
2026-04-23 04:56:30.157107+00	OLD	SEALED_MIST	0	0	0	0	1	0	0
2026-04-23 04:56:30.157107+00	NEW	IDLE	0	0	0	0	1	0	0
2026-04-23 04:57:30.300483+00	OLD	SEALED_MIST	0	0	0	0	1	0	1
2026-04-23 04:57:30.300483+00	NEW	IDLE	0	0	0	0	1	0	0
2026-04-23 04:58:30.419867+00	OLD	SEALED_MIST	0	0	0	0	1	0	1
2026-04-23 04:58:30.419867+00	NEW	IDLE	0	0	0	0	1	0	0
2026-04-23 04:59:30.724069+00	OLD	SEALED_MIST	0	0	0	0	1	0	1
2026-04-23 04:59:30.724069+00	NEW	IDLE	0	0	0	0	1	0	0
2026-04-23 05:00:30.938781+00	OLD	SEALED_MIST	0	0	0	0	1	0	1
2026-04-23 05:00:30.938781+00	NEW	IDLE	0	0	0	0	1	0	0
2026-04-23 05:01:31.194474+00	OLD	SEALED_MIST	0	0	0	0	1	0	1
2026-04-23 05:01:31.194474+00	NEW	IDLE	0	0	0	0	1	0	0
2026-04-23 05:02:31.319584+00	OLD	SEALED_MIST	0	0	0	0	1	0	2
2026-04-23 05:02:31.319584+00	NEW	IDLE	0	0	0	0	1	0	0
2026-04-23 05:03:31.444873+00	OLD	SEALED_MIST	0	0	0	0	1	0	2
2026-04-23 05:03:31.444873+00	NEW	IDLE	0	0	0	0	1	0	0
2026-04-23 05:04:31.720877+00	OLD	SEALED_MIST	0	0	0	0	1	0	2
2026-04-23 05:04:31.720877+00	NEW	IDLE	0	0	0	0	1	0	0
2026-04-23 05:15:33.828192+00	OLD	SEALED_MIST	0	0	0	0	1	0	0
2026-04-23 05:15:33.828192+00	NEW	IDLE	0	0	0	0	1	0	0
2026-04-23 05:16:33.9356+00	OLD	SEALED_MIST	0	0	0	0	1	0	1
2026-04-23 05:16:33.9356+00	NEW	IDLE	0	0	0	0	1	0	0
2026-04-23 05:34:37.915574+00	OLD	SEALED_MIST	0	0	0	0	0	0	0
2026-04-23 05:34:37.915574+00	NEW	IDLE	0	0	0	0	0	0	0
2026-04-23 05:35:38.087205+00	OLD	SEALED_MIST	0	0	0	0	0	0	1
2026-04-23 05:35:38.087205+00	NEW	IDLE	0	0	0	0	0	0	0
2026-04-23 05:36:38.231455+00	OLD	SEALED_MIST	0	0	0	0	0	0	1
2026-04-23 05:36:38.231455+00	NEW	IDLE	0	0	0	0	0	0	0
2026-04-23 18:26:03.1454+00	OLD	VENTILATE	1	1	1	1	0	0	0
2026-04-23 18:26:03.1454+00	NEW	VENTILATE	0	1	1	1	0	0	0
2026-04-23 18:27:03.285222+00	OLD	VENTILATE	1	1	1	1	0	0	0
2026-04-23 18:27:03.285222+00	NEW	VENTILATE	0	1	1	1	0	0	0
2026-04-23 18:28:03.421941+00	OLD	VENTILATE	1	1	1	1	0	0	0
2026-04-23 18:28:03.421941+00	NEW	VENTILATE	0	1	1	1	0	0	0
2026-04-23 18:37:04.861605+00	OLD	VENTILATE	1	1	1	1	0	0	0
2026-04-23 18:37:04.861605+00	NEW	VENTILATE	0	1	1	1	0	0	0
2026-04-23 18:38:05.044507+00	OLD	VENTILATE	1	1	1	1	0	0	0
2026-04-23 18:38:05.044507+00	NEW	VENTILATE	0	1	1	1	0	0	0
2026-04-23 18:39:05.203211+00	OLD	VENTILATE	1	1	1	1	0	0	0
2026-04-23 18:39:05.203211+00	NEW	VENTILATE	0	1	1	1	0	0	0
2026-04-23 18:40:05.360872+00	OLD	VENTILATE	1	1	1	1	0	0	0
2026-04-23 18:40:05.360872+00	NEW	VENTILATE	0	1	1	1	0	0	0
2026-04-23 18:41:05.48444+00	OLD	VENTILATE	1	1	1	0	0	0	0
2026-04-23 18:41:05.48444+00	NEW	VENTILATE	0	1	1	0	0	0	0
2026-04-23 18:51:07.150653+00	OLD	VENTILATE	1	1	1	0	0	0	0
2026-04-23 18:51:07.150653+00	NEW	VENTILATE	0	1	1	0	0	0	0
2026-04-23 18:52:07.312114+00	OLD	SEALED_MIST	1	0	0	0	0	0	3
2026-04-23 18:52:07.312114+00	NEW	IDLE	0	0	0	0	0	0	0
2026-04-23 18:53:07.439574+00	OLD	SEALED_MIST	1	0	0	0	0	0	3
2026-04-23 18:53:07.439574+00	NEW	IDLE	0	0	0	0	0	0	0
2026-04-23 18:54:07.596884+00	OLD	SEALED_MIST	1	0	0	0	0	0	3
2026-04-23 18:54:07.596884+00	NEW	IDLE	0	0	0	0	0	0	0
2026-04-23 18:55:07.840912+00	OLD	SEALED_MIST	1	0	0	0	0	0	3
2026-04-23 18:55:07.840912+00	NEW	IDLE	0	0	0	0	0	0	0
2026-04-23 18:56:07.981806+00	OLD	SEALED_MIST	1	0	0	0	0	0	3
2026-04-23 18:56:07.981806+00	NEW	IDLE	0	0	0	0	0	0	0
2026-04-23 18:57:08.210747+00	OLD	SEALED_MIST	1	0	0	0	1	0	3
2026-04-23 18:57:08.210747+00	NEW	IDLE	0	0	0	0	1	0	0
2026-04-23 18:58:08.337374+00	OLD	SEALED_MIST	1	0	0	0	1	0	3
2026-04-23 18:58:08.337374+00	NEW	IDLE	0	0	0	0	1	0	0
2026-04-23 18:59:08.440056+00	OLD	SEALED_MIST	1	0	0	0	1	0	3
2026-04-23 18:59:08.440056+00	NEW	IDLE	0	0	0	0	1	0	0
2026-04-23 19:00:08.576008+00	OLD	SEALED_MIST	0	0	0	0	1	0	3
2026-04-23 19:00:08.576008+00	NEW	IDLE	0	0	0	0	1	0	0
2026-04-23 19:22:12.964901+00	OLD	SEALED_MIST	0	0	0	0	1	1	0
2026-04-23 19:22:12.964901+00	NEW	IDLE	0	0	0	0	1	1	0
2026-04-23 19:23:13.141544+00	OLD	SEALED_MIST	0	0	0	0	1	1	1
2026-04-23 19:23:13.141544+00	NEW	IDLE	0	0	0	0	1	1	0
2026-04-23 19:24:14.068869+00	OLD	SEALED_MIST	0	0	0	0	1	1	1
2026-04-23 19:24:14.068869+00	NEW	IDLE	0	0	0	0	1	1	0
2026-04-23 19:33:15.676715+00	OLD	SEALED_MIST	0	0	0	0	1	1	0
2026-04-23 19:33:15.676715+00	NEW	IDLE	0	0	0	0	1	1	0
2026-04-23 19:34:15.87122+00	OLD	SEALED_MIST	0	0	0	0	1	1	1
2026-04-23 19:34:15.87122+00	NEW	IDLE	0	0	0	0	1	1	0
2026-04-23 19:35:15.987911+00	OLD	SEALED_MIST	0	0	0	0	1	1	1
2026-04-23 19:35:15.987911+00	NEW	IDLE	0	0	0	0	1	1	0
2026-04-23 19:36:16.171733+00	OLD	SEALED_MIST	0	0	0	0	1	1	1
2026-04-23 19:36:16.171733+00	NEW	IDLE	0	0	0	0	1	1	0
2026-04-23 19:43:17.344285+00	OLD	SEALED_MIST	0	0	0	0	0	0	0
2026-04-23 19:43:17.344285+00	NEW	IDLE	0	0	0	0	0	0	0
2026-04-23 19:44:17.500501+00	OLD	SEALED_MIST	0	0	0	0	0	0	1
2026-04-23 19:44:17.500501+00	NEW	IDLE	0	0	0	0	0	0	0
2026-04-23 19:45:17.64725+00	OLD	SEALED_MIST	0	0	0	0	0	0	1
2026-04-23 19:45:17.64725+00	NEW	IDLE	0	0	0	0	0	0	0
2026-04-23 19:46:17.825679+00	OLD	SEALED_MIST	0	0	0	0	0	0	1
2026-04-23 19:46:17.825679+00	NEW	IDLE	0	0	0	0	0	0	0
2026-04-23 19:47:17.964168+00	OLD	SEALED_MIST	0	0	0	0	0	0	1
2026-04-23 19:47:17.964168+00	NEW	IDLE	0	0	0	0	0	0	0
2026-04-23 19:48:18.094583+00	OLD	SEALED_MIST	0	0	0	0	0	0	1
2026-04-23 19:48:18.094583+00	NEW	IDLE	0	0	0	0	0	0	0
2026-04-23 19:49:18.316399+00	OLD	SEALED_MIST	0	0	0	0	0	0	2
2026-04-23 19:49:18.316399+00	NEW	IDLE	0	0	0	0	0	0	0
2026-04-23 19:54:19.462808+00	OLD	SEALED_MIST	0	0	0	0	0	0	0
2026-04-23 19:54:19.462808+00	NEW	IDLE	0	0	0	0	0	0	0
2026-04-23 19:55:19.569909+00	OLD	SEALED_MIST	0	0	0	0	0	0	1
2026-04-23 19:55:19.569909+00	NEW	IDLE	0	0	0	0	0	0	0
2026-04-23 19:56:19.725046+00	OLD	SEALED_MIST	0	0	0	0	0	0	1
2026-04-23 19:56:19.725046+00	NEW	IDLE	0	0	0	0	0	0	0
2026-04-23 19:57:19.915159+00	OLD	SEALED_MIST	0	0	0	0	0	0	1
2026-04-23 19:57:19.915159+00	NEW	IDLE	0	0	0	0	0	0	0
2026-04-23 19:58:20.145875+00	OLD	SEALED_MIST	0	0	0	0	0	0	1
2026-04-23 19:58:20.145875+00	NEW	IDLE	0	0	0	0	0	0	0
2026-04-23 19:59:20.456361+00	OLD	SEALED_MIST	0	0	0	0	0	0	1
2026-04-23 19:59:20.456361+00	NEW	IDLE	0	0	0	0	0	0	0
2026-04-23 20:00:20.556457+00	OLD	SEALED_MIST	0	0	0	0	0	0	2
2026-04-23 20:00:20.556457+00	NEW	IDLE	0	0	0	0	0	0	0
2026-04-23 20:01:20.752207+00	OLD	SEALED_MIST	0	0	0	0	0	0	2
2026-04-23 20:01:20.752207+00	NEW	IDLE	0	0	0	0	0	0	0
2026-04-23 20:02:21.029891+00	OLD	SEALED_MIST	0	0	0	0	1	0	2
2026-04-23 20:02:21.029891+00	NEW	IDLE	0	0	0	0	1	0	0
2026-04-23 21:00:31.676866+00	OLD	SEALED_MIST	0	0	0	0	1	1	0
2026-04-23 21:00:31.676866+00	NEW	IDLE	0	0	0	0	1	1	0
2026-04-23 21:01:31.849684+00	OLD	SEALED_MIST	0	0	0	0	1	0	1
2026-04-23 21:01:31.849684+00	NEW	IDLE	0	0	0	0	1	0	0
2026-04-23 21:02:32.032654+00	OLD	SEALED_MIST	0	0	0	0	0	0	1
2026-04-23 21:02:32.032654+00	NEW	IDLE	0	0	0	0	0	0	0
2026-04-23 21:03:32.190077+00	OLD	SEALED_MIST	0	0	0	0	0	0	1
2026-04-23 21:03:32.190077+00	NEW	IDLE	0	0	0	0	0	0	0
2026-04-23 21:04:32.327117+00	OLD	SEALED_MIST	0	0	0	0	0	0	1
2026-04-23 21:04:32.327117+00	NEW	IDLE	0	0	0	0	0	0	0
2026-04-23 21:05:32.456874+00	OLD	SEALED_MIST	0	0	0	0	0	0	1
2026-04-23 21:05:32.456874+00	NEW	IDLE	0	0	0	0	0	0	0
2026-04-23 21:06:32.585647+00	OLD	SEALED_MIST	0	0	0	0	0	0	2
2026-04-23 21:06:32.585647+00	NEW	IDLE	0	0	0	0	0	0	0
2026-04-23 21:07:32.740368+00	OLD	SEALED_MIST	0	0	0	0	1	0	2
2026-04-23 21:07:32.740368+00	NEW	IDLE	0	0	0	0	1	0	0
2026-04-23 21:08:32.880609+00	OLD	SEALED_MIST	0	0	0	0	1	0	2
2026-04-23 21:08:32.880609+00	NEW	IDLE	0	0	0	0	1	0	0
2026-04-23 21:32:37.504654+00	OLD	SEALED_MIST	0	0	0	0	1	1	0
2026-04-23 21:32:37.504654+00	NEW	IDLE	0	0	0	0	1	1	0
2026-04-23 21:33:37.628415+00	OLD	SEALED_MIST	0	0	0	0	1	1	1
2026-04-23 21:33:37.628415+00	NEW	IDLE	0	0	0	0	1	1	0
2026-04-23 21:34:37.758961+00	OLD	SEALED_MIST	0	0	0	0	1	1	1
2026-04-23 21:34:37.758961+00	NEW	IDLE	0	0	0	0	1	1	0
2026-04-23 21:43:39.479489+00	OLD	SEALED_MIST	0	0	0	0	1	1	0
2026-04-23 21:43:39.479489+00	NEW	IDLE	0	0	0	0	1	1	0
2026-04-23 21:44:39.611034+00	OLD	SEALED_MIST	0	0	0	0	1	1	1
2026-04-23 21:44:39.611034+00	NEW	IDLE	0	0	0	0	1	1	0
2026-04-23 21:45:39.730289+00	OLD	SEALED_MIST	0	0	0	0	1	1	1
2026-04-23 21:45:39.730289+00	NEW	IDLE	0	0	0	0	1	1	0
2026-04-23 21:46:40.190498+00	OLD	SEALED_MIST	0	0	0	0	1	0	1
2026-04-23 21:46:40.190498+00	NEW	IDLE	0	0	0	0	1	0	0
2026-04-23 21:47:40.370959+00	OLD	SEALED_MIST	0	0	0	0	1	0	1
2026-04-23 21:47:40.370959+00	NEW	IDLE	0	0	0	0	1	0	0
2026-04-23 21:48:40.605563+00	OLD	SEALED_MIST	0	0	0	0	1	0	1
2026-04-23 21:48:40.605563+00	NEW	IDLE	0	0	0	0	1	0	0
2026-04-23 21:49:40.758738+00	OLD	SEALED_MIST	0	0	0	0	1	0	2
2026-04-23 21:49:40.758738+00	NEW	IDLE	0	0	0	0	1	0	0
2026-04-23 21:50:40.886116+00	OLD	SEALED_MIST	0	0	0	0	1	0	2
2026-04-23 21:50:40.886116+00	NEW	IDLE	0	0	0	0	1	0	0
2026-04-23 21:56:42.746986+00	OLD	SEALED_MIST	0	0	0	0	1	0	0
2026-04-23 21:56:42.746986+00	NEW	IDLE	0	0	0	0	1	0	0
2026-04-23 21:57:42.967628+00	OLD	SEALED_MIST	0	0	0	0	1	0	1
2026-04-23 21:57:42.967628+00	NEW	IDLE	0	0	0	0	1	0	0
2026-04-23 21:58:43.160969+00	OLD	SEALED_MIST	0	0	0	0	1	0	1
2026-04-23 21:58:43.160969+00	NEW	IDLE	0	0	0	0	1	0	0
2026-04-23 21:59:43.310024+00	OLD	SEALED_MIST	0	0	0	0	0	0	1
2026-04-23 21:59:43.310024+00	NEW	IDLE	0	0	0	0	0	0	0
2026-04-24 00:00:04.696755+00	OLD	SEALED_MIST	0	0	0	0	0	0	0
2026-04-24 00:00:04.696755+00	NEW	IDLE	0	0	0	0	0	0	0
2026-04-24 00:01:04.820984+00	OLD	SEALED_MIST	0	0	0	0	0	0	1
2026-04-24 00:01:04.820984+00	NEW	IDLE	0	0	0	0	0	0	0
2026-04-24 00:02:05.004942+00	OLD	SEALED_MIST	1	0	0	0	0	0	3
2026-04-24 00:02:05.004942+00	NEW	IDLE	0	0	0	0	0	0	0
2026-04-24 00:03:05.137623+00	OLD	SEALED_MIST	1	0	0	0	0	0	3
2026-04-24 00:03:05.137623+00	NEW	IDLE	0	0	0	0	0	0	0
2026-04-24 00:04:05.244912+00	OLD	SEALED_MIST	1	0	0	0	0	0	3
2026-04-24 00:04:05.244912+00	NEW	IDLE	0	0	0	0	0	0	0
2026-04-24 00:05:05.379374+00	OLD	SEALED_MIST	1	0	0	0	0	0	3
2026-04-24 00:05:05.379374+00	NEW	IDLE	0	0	0	0	0	0	0
2026-04-24 00:06:05.489026+00	OLD	SEALED_MIST	0	0	0	0	0	0	2
2026-04-24 00:06:05.489026+00	NEW	IDLE	0	0	0	0	0	0	0
2026-04-24 00:07:05.625161+00	OLD	SEALED_MIST	0	0	0	0	0	0	2
2026-04-24 00:07:05.625161+00	NEW	IDLE	0	0	0	0	0	0	0
2026-04-24 00:08:05.745404+00	OLD	SEALED_MIST	0	0	0	0	0	0	2
2026-04-24 00:08:05.745404+00	NEW	IDLE	0	0	0	0	0	0	0
2026-04-24 00:19:07.591142+00	OLD	SEALED_MIST	0	0	0	0	1	0	0
2026-04-24 00:19:07.591142+00	NEW	IDLE	0	0	0	0	1	0	0
2026-04-24 00:20:07.754665+00	OLD	SEALED_MIST	0	0	0	0	1	0	1
2026-04-24 00:20:07.754665+00	NEW	IDLE	0	0	0	0	1	0	0
2026-04-24 00:21:07.900075+00	OLD	SEALED_MIST	0	0	0	0	1	0	1
2026-04-24 00:21:07.900075+00	NEW	IDLE	0	0	0	0	1	0	0
2026-04-24 00:22:08.069851+00	OLD	SEALED_MIST	0	0	0	0	1	0	1
2026-04-24 00:22:08.069851+00	NEW	IDLE	0	0	0	0	1	0	0
2026-04-24 00:23:08.208302+00	OLD	SEALED_MIST	0	0	0	0	1	0	1
2026-04-24 00:23:08.208302+00	NEW	IDLE	0	0	0	0	1	0	0
2026-04-24 00:24:08.666965+00	OLD	SEALED_MIST	0	0	0	0	1	0	1
2026-04-24 00:24:08.666965+00	NEW	IDLE	0	0	0	0	1	0	0
2026-04-24 00:25:08.784168+00	OLD	SEALED_MIST	0	0	0	0	1	0	2
2026-04-24 00:25:08.784168+00	NEW	IDLE	0	0	0	0	1	0	0
2026-04-24 00:26:08.881402+00	OLD	SEALED_MIST	1	0	0	0	1	0	3
2026-04-24 00:26:08.881402+00	NEW	IDLE	0	0	0	0	1	0	0
2026-04-24 00:27:09.173381+00	OLD	SEALED_MIST	1	0	0	0	1	0	3
2026-04-24 00:27:09.173381+00	NEW	IDLE	0	0	0	0	1	0	0
2026-04-24 00:38:11.062091+00	OLD	SEALED_MIST	1	0	0	0	1	0	3
2026-04-24 00:38:11.062091+00	NEW	IDLE	0	0	0	0	1	0	0
2026-04-24 00:39:11.186228+00	OLD	SEALED_MIST	1	0	0	0	1	0	3
2026-04-24 00:39:11.186228+00	NEW	IDLE	0	0	0	0	1	0	0
2026-04-24 00:40:11.346772+00	OLD	SEALED_MIST	1	0	0	0	1	0	3
2026-04-24 00:40:11.346772+00	NEW	IDLE	0	0	0	0	1	0	0
2026-04-24 00:41:11.455007+00	OLD	SEALED_MIST	1	0	0	0	1	0	3
2026-04-24 00:41:11.455007+00	NEW	IDLE	0	0	0	0	1	0	0
2026-04-24 00:42:11.603554+00	OLD	SEALED_MIST	1	0	0	0	1	0	3
2026-04-24 00:42:11.603554+00	NEW	IDLE	0	0	0	0	1	0	0
2026-04-24 00:43:11.764064+00	OLD	SEALED_MIST	1	0	0	0	1	0	3
2026-04-24 00:43:11.764064+00	NEW	IDLE	0	0	0	0	1	0	0
2026-04-24 00:44:12.011366+00	OLD	SEALED_MIST	1	0	0	0	1	0	3
2026-04-24 00:44:12.011366+00	NEW	IDLE	0	0	0	0	1	0	0
2026-04-24 00:45:12.138233+00	OLD	SEALED_MIST	1	0	0	0	1	0	3
2026-04-24 00:45:12.138233+00	NEW	IDLE	0	0	0	0	1	0	0
2026-04-24 00:46:12.262134+00	OLD	SEALED_MIST	1	0	0	0	1	0	3
2026-04-24 00:46:12.262134+00	NEW	IDLE	0	0	0	0	1	0	0
2026-04-24 00:57:14.318863+00	OLD	SEALED_MIST	1	0	0	0	1	0	3
2026-04-24 00:57:14.318863+00	NEW	IDLE	0	0	0	0	1	0	0
2026-04-24 00:58:14.474697+00	OLD	SEALED_MIST	1	0	0	0	1	0	3
2026-04-24 00:58:14.474697+00	NEW	IDLE	0	0	0	0	1	0	0
2026-04-24 00:59:15.322311+00	OLD	SEALED_MIST	1	0	0	0	1	0	3
2026-04-24 00:59:15.322311+00	NEW	IDLE	0	0	0	0	1	0	0
2026-04-24 02:13:28.335682+00	OLD	SEALED_MIST	0	0	0	0	1	1	0
2026-04-24 02:13:28.335682+00	NEW	IDLE	0	0	0	0	1	1	0
2026-04-24 02:14:28.742558+00	OLD	SEALED_MIST	0	0	0	0	1	1	1
2026-04-24 02:14:28.742558+00	NEW	IDLE	0	0	0	0	1	1	0
2026-04-24 02:15:28.893792+00	OLD	SEALED_MIST	0	0	0	0	1	0	1
2026-04-24 02:15:28.893792+00	NEW	IDLE	0	0	0	0	1	0	0
2026-04-24 02:16:29.019062+00	OLD	SEALED_MIST	0	0	0	0	1	0	1
2026-04-24 02:16:29.019062+00	NEW	IDLE	0	0	0	0	1	0	0
2026-04-24 02:17:29.13886+00	OLD	SEALED_MIST	1	0	0	0	1	0	3
2026-04-24 02:17:29.13886+00	NEW	IDLE	0	0	0	0	1	0	0
2026-04-24 02:18:29.287964+00	OLD	SEALED_MIST	0	0	0	0	1	0	2
2026-04-24 02:18:29.287964+00	NEW	IDLE	0	0	0	0	1	0	0
2026-04-24 02:19:29.472908+00	OLD	SEALED_MIST	0	0	0	0	1	0	2
2026-04-24 02:19:29.472908+00	NEW	IDLE	0	0	0	0	1	0	0
2026-04-24 02:21:29.807629+00	OLD	SEALED_MIST	0	0	0	0	1	1	0
2026-04-24 02:21:29.807629+00	NEW	IDLE	0	0	0	0	1	1	0
2026-04-24 02:22:29.959698+00	OLD	SEALED_MIST	0	0	0	0	1	1	1
2026-04-24 02:22:29.959698+00	NEW	IDLE	0	0	0	0	1	1	0
2026-04-24 02:23:30.167462+00	OLD	SEALED_MIST	0	0	0	0	1	0	1
2026-04-24 02:23:30.167462+00	NEW	IDLE	0	0	0	0	1	0	0
2026-04-24 02:24:30.284532+00	OLD	SEALED_MIST	0	0	0	0	1	0	1
2026-04-24 02:24:30.284532+00	NEW	IDLE	0	0	0	0	1	0	0
2026-04-24 02:25:30.444699+00	OLD	SEALED_MIST	0	0	0	0	0	0	1
2026-04-24 02:25:30.444699+00	NEW	IDLE	0	0	0	0	0	0	0
2026-04-24 02:26:30.671384+00	OLD	SEALED_MIST	0	0	0	0	0	0	1
2026-04-24 02:26:30.671384+00	NEW	IDLE	0	0	0	0	0	0	0
2026-04-24 02:27:30.976719+00	OLD	SEALED_MIST	0	0	0	0	0	0	2
2026-04-24 02:27:30.976719+00	NEW	IDLE	0	0	0	0	0	0	0
2026-04-24 02:28:31.108636+00	OLD	SEALED_MIST	1	0	0	0	0	0	3
2026-04-24 02:28:31.108636+00	NEW	IDLE	0	0	0	0	0	0	0
2026-04-24 02:29:31.254917+00	OLD	SEALED_MIST	1	0	0	0	0	0	3
2026-04-24 02:29:31.254917+00	NEW	IDLE	0	0	0	0	0	0	0
2026-04-24 02:41:34.67479+00	OLD	VENTILATE	1	1	1	0	0	0	0
2026-04-24 02:41:34.67479+00	NEW	VENTILATE	0	1	1	0	0	0	0
2026-04-24 02:42:34.901136+00	OLD	VENTILATE	1	1	1	0	0	0	0
2026-04-24 02:42:34.901136+00	NEW	VENTILATE	0	1	1	0	0	0	0
2026-04-24 02:43:35.057216+00	OLD	VENTILATE	1	1	1	0	0	0	0
2026-04-24 02:43:35.057216+00	NEW	VENTILATE	0	1	1	0	0	0	0
2026-04-24 02:44:35.19884+00	OLD	VENTILATE	1	1	1	0	0	0	0
2026-04-24 02:44:35.19884+00	NEW	VENTILATE	0	1	1	0	0	0	0
2026-04-24 02:45:35.353831+00	OLD	SEALED_MIST	1	0	0	0	0	0	3
2026-04-24 02:45:35.353831+00	NEW	IDLE	0	0	0	0	0	0	0
2026-04-24 02:46:35.521641+00	OLD	SEALED_MIST	1	0	0	0	1	0	3
2026-04-24 02:46:35.521641+00	NEW	IDLE	0	0	0	0	1	0	0
2026-04-24 02:47:35.68374+00	OLD	SEALED_MIST	1	0	0	0	1	0	3
2026-04-24 02:47:35.68374+00	NEW	IDLE	0	0	0	0	1	0	0
2026-04-24 02:48:35.810845+00	OLD	SEALED_MIST	1	0	0	0	1	0	3
2026-04-24 02:48:35.810845+00	NEW	IDLE	0	0	0	0	1	0	0
2026-04-24 02:49:35.958412+00	OLD	SEALED_MIST	1	0	0	0	1	0	3
2026-04-24 02:49:35.958412+00	NEW	IDLE	0	0	0	0	1	0	0
2026-04-24 03:19:42.16187+00	OLD	SEALED_MIST	0	0	0	0	1	1	0
2026-04-24 03:19:42.16187+00	NEW	IDLE	0	0	0	0	1	1	0
2026-04-24 03:20:42.500876+00	OLD	SEALED_MIST	0	0	0	0	1	0	1
2026-04-24 03:20:42.500876+00	NEW	IDLE	0	0	0	0	1	0	0
2026-04-24 03:21:42.737731+00	OLD	SEALED_MIST	0	0	0	0	0	0	1
2026-04-24 03:21:42.737731+00	NEW	IDLE	0	0	0	0	0	0	0
2026-04-24 03:22:42.951299+00	OLD	SEALED_MIST	0	0	0	0	0	0	1
2026-04-24 03:22:42.951299+00	NEW	IDLE	0	0	0	0	0	0	0
2026-04-24 03:23:43.0806+00	OLD	SEALED_MIST	0	0	0	0	0	0	1
2026-04-24 03:23:43.0806+00	NEW	IDLE	0	0	0	0	0	0	0
2026-04-24 03:24:43.257504+00	OLD	SEALED_MIST	1	0	0	0	1	0	3
2026-04-24 03:24:43.257504+00	NEW	IDLE	0	0	0	0	1	0	0
2026-04-24 03:25:43.429359+00	OLD	SEALED_MIST	0	0	0	0	1	0	2
2026-04-24 03:25:43.429359+00	NEW	IDLE	0	0	0	0	1	0	0
2026-04-24 03:26:43.552513+00	OLD	SEALED_MIST	0	0	0	0	1	0	2
2026-04-24 03:26:43.552513+00	NEW	IDLE	0	0	0	0	1	0	0
2026-04-24 03:27:43.830931+00	OLD	SEALED_MIST	0	0	0	0	1	0	2
2026-04-24 03:27:43.830931+00	NEW	IDLE	0	0	0	0	1	0	0
2026-04-24 03:35:45.354483+00	OLD	VENTILATE	1	1	1	0	0	0	0
2026-04-24 03:35:45.354483+00	NEW	VENTILATE	0	1	1	0	0	0	0
2026-04-24 03:36:45.514459+00	OLD	VENTILATE	1	1	1	0	0	0	0
2026-04-24 03:36:45.514459+00	NEW	VENTILATE	0	1	1	0	0	0	0
2026-04-24 03:37:45.668302+00	OLD	VENTILATE	1	1	1	0	0	0	0
2026-04-24 03:37:45.668302+00	NEW	VENTILATE	0	1	1	0	0	0	0
2026-04-24 03:38:45.818186+00	OLD	VENTILATE	1	1	1	0	0	0	0
2026-04-24 03:38:45.818186+00	NEW	VENTILATE	0	1	1	0	0	0	0
2026-04-24 03:39:45.973413+00	OLD	SEALED_MIST	0	0	0	0	1	0	0
2026-04-24 03:39:45.973413+00	NEW	IDLE	0	0	0	0	1	0	0
2026-04-24 03:42:46.41204+00	OLD	SEALED_MIST	0	0	0	0	0	0	0
2026-04-24 03:42:46.41204+00	NEW	IDLE	0	0	0	0	0	0	0
2026-04-24 03:43:46.554888+00	OLD	SEALED_MIST	0	0	0	0	0	0	1
2026-04-24 03:43:46.554888+00	NEW	IDLE	0	0	0	0	0	0	0
2026-04-24 03:47:47.991311+00	OLD	VENTILATE	1	1	1	1	0	0	0
2026-04-24 03:47:47.991311+00	NEW	VENTILATE	0	1	1	1	0	0	0
2026-04-24 03:48:48.120531+00	OLD	VENTILATE	1	1	1	0	0	0	0
2026-04-24 03:48:48.120531+00	NEW	VENTILATE	0	1	1	0	0	0	0
2026-04-24 03:49:48.233047+00	OLD	VENTILATE	1	1	1	0	0	0	0
2026-04-24 03:49:48.233047+00	NEW	VENTILATE	0	1	1	0	0	0	0
2026-04-24 03:50:48.421256+00	OLD	VENTILATE	1	1	1	0	0	0	0
2026-04-24 03:50:48.421256+00	NEW	VENTILATE	0	1	1	0	0	0	0
2026-04-24 03:51:48.523557+00	OLD	VENTILATE	1	1	1	0	0	0	0
2026-04-24 03:51:48.523557+00	NEW	VENTILATE	0	1	1	0	0	0	0
2026-04-24 03:52:48.652967+00	OLD	VENTILATE	1	1	1	0	0	0	0
2026-04-24 03:52:48.652967+00	NEW	VENTILATE	0	1	1	0	0	0	0
2026-04-24 03:53:48.780646+00	OLD	SEALED_MIST	1	0	0	0	1	0	3
2026-04-24 03:53:48.780646+00	NEW	IDLE	0	0	0	0	1	0	0
2026-04-24 03:54:48.867323+00	OLD	SEALED_MIST	1	0	0	0	1	0	3
2026-04-24 03:54:48.867323+00	NEW	IDLE	0	0	0	0	1	0	0
2026-04-24 03:55:49.243028+00	OLD	SEALED_MIST	1	0	0	0	1	0	3
2026-04-24 03:55:49.243028+00	NEW	IDLE	0	0	0	0	1	0	0
2026-04-24 03:56:49.528572+00	OLD	SEALED_MIST	1	0	0	0	1	0	3
2026-04-24 03:56:49.528572+00	NEW	IDLE	0	0	0	0	1	0	0
2026-04-24 04:28:56.080034+00	OLD	SEALED_MIST	0	0	0	0	1	1	0
2026-04-24 04:28:56.080034+00	NEW	IDLE	0	0	0	0	1	1	0
2026-04-24 04:29:56.220745+00	OLD	SEALED_MIST	0	0	0	0	1	0	1
2026-04-24 04:29:56.220745+00	NEW	IDLE	0	0	0	0	1	0	0
2026-04-24 04:30:56.343878+00	OLD	SEALED_MIST	0	0	0	0	1	0	1
2026-04-24 04:30:56.343878+00	NEW	IDLE	0	0	0	0	1	0	0
2026-04-24 04:31:56.485934+00	OLD	SEALED_MIST	1	0	0	0	1	0	3
2026-04-24 04:31:56.485934+00	NEW	IDLE	0	0	0	0	1	0	0
2026-04-24 04:32:56.646251+00	OLD	SEALED_MIST	0	0	0	0	1	0	2
2026-04-24 04:32:56.646251+00	NEW	IDLE	0	0	0	0	1	0	0
2026-04-24 04:33:56.837026+00	OLD	SEALED_MIST	0	0	0	0	1	0	2
2026-04-24 04:33:56.837026+00	NEW	IDLE	0	0	0	0	1	0	0
2026-04-24 04:36:57.300875+00	OLD	SEALED_MIST	0	0	0	0	1	1	0
2026-04-24 04:36:57.300875+00	NEW	IDLE	0	0	0	0	1	1	0
2026-04-24 04:37:57.440865+00	OLD	SEALED_MIST	0	0	0	0	1	0	1
2026-04-24 04:37:57.440865+00	NEW	IDLE	0	0	0	0	1	0	0
2026-04-24 04:38:57.625837+00	OLD	SEALED_MIST	0	0	0	0	1	0	1
2026-04-24 04:38:57.625837+00	NEW	IDLE	0	0	0	0	1	0	0
2026-04-24 04:39:57.790193+00	OLD	SEALED_MIST	0	0	0	0	0	0	1
2026-04-24 04:39:57.790193+00	NEW	IDLE	0	0	0	0	0	0	0
2026-04-24 04:40:57.922572+00	OLD	SEALED_MIST	0	0	0	0	0	0	1
2026-04-24 04:40:57.922572+00	NEW	IDLE	0	0	0	0	0	0	0
2026-04-24 04:41:58.066934+00	OLD	SEALED_MIST	0	0	0	0	0	0	1
2026-04-24 04:41:58.066934+00	NEW	IDLE	0	0	0	0	0	0	0
2026-04-24 04:42:58.209098+00	OLD	SEALED_MIST	1	0	0	0	0	0	3
2026-04-24 04:42:58.209098+00	NEW	IDLE	0	0	0	0	0	0	0
2026-04-24 04:43:58.394879+00	OLD	SEALED_MIST	1	0	0	0	0	0	3
2026-04-24 04:43:58.394879+00	NEW	IDLE	0	0	0	0	0	0	0
2026-04-24 04:44:58.735945+00	OLD	SEALED_MIST	1	0	0	0	0	0	3
2026-04-24 04:44:58.735945+00	NEW	IDLE	0	0	0	0	0	0	0
2026-04-24 04:56:01.556127+00	OLD	VENTILATE	1	1	1	0	0	0	0
2026-04-24 04:56:01.556127+00	NEW	VENTILATE	0	1	1	0	0	0	0
2026-04-24 04:57:01.760105+00	OLD	VENTILATE	1	1	1	0	0	0	0
2026-04-24 04:57:01.760105+00	NEW	VENTILATE	0	1	1	0	0	0	0
2026-04-24 04:58:01.925084+00	OLD	VENTILATE	1	1	1	0	0	0	0
2026-04-24 04:58:01.925084+00	NEW	VENTILATE	0	1	1	0	0	0	0
2026-04-24 04:59:02.103539+00	OLD	VENTILATE	1	1	1	0	0	0	0
2026-04-24 04:59:02.103539+00	NEW	VENTILATE	0	1	1	0	0	0	0
2026-04-24 05:01:02.436974+00	OLD	SEALED_MIST	1	0	0	0	1	0	3
2026-04-24 05:01:02.436974+00	NEW	IDLE	0	0	0	0	1	0	0
2026-04-24 05:02:02.599941+00	OLD	SEALED_MIST	1	0	0	0	1	0	3
2026-04-24 05:02:02.599941+00	NEW	IDLE	0	0	0	0	1	0	0
2026-04-24 05:36:07.827141+00	OLD	SEALED_MIST	0	0	0	0	1	1	0
2026-04-24 05:36:07.827141+00	NEW	IDLE	0	0	0	0	1	1	0
2026-04-24 05:37:07.971042+00	OLD	SEALED_MIST	0	0	0	0	1	0	1
2026-04-24 05:37:07.971042+00	NEW	IDLE	0	0	0	0	1	0	0
2026-04-24 05:38:08.128483+00	OLD	SEALED_MIST	0	0	0	0	1	0	1
2026-04-24 05:38:08.128483+00	NEW	IDLE	0	0	0	0	1	0	0
2026-04-24 05:39:08.299713+00	OLD	SEALED_MIST	1	0	0	0	1	0	3
2026-04-24 05:39:08.299713+00	NEW	IDLE	0	0	0	0	1	0	0
2026-04-24 05:40:08.428177+00	OLD	SEALED_MIST	0	0	0	0	1	0	2
2026-04-24 05:40:08.428177+00	NEW	IDLE	0	0	0	0	1	0	0
2026-04-24 05:45:09.164446+00	OLD	SEALED_MIST	0	0	0	0	1	1	0
2026-04-24 05:45:09.164446+00	NEW	IDLE	0	0	0	0	1	1	0
2026-04-24 05:46:09.350014+00	OLD	SEALED_MIST	0	0	0	0	1	1	1
2026-04-24 05:46:09.350014+00	NEW	IDLE	0	0	0	0	1	1	0
2026-04-24 05:47:09.474976+00	OLD	SEALED_MIST	0	0	0	0	1	0	1
2026-04-24 05:47:09.474976+00	NEW	IDLE	0	0	0	0	1	0	0
2026-04-24 05:48:09.605041+00	OLD	SEALED_MIST	0	0	0	0	0	0	1
2026-04-24 05:48:09.605041+00	NEW	IDLE	0	0	0	0	0	0	0
2026-04-24 05:49:09.767168+00	OLD	SEALED_MIST	0	0	0	0	0	0	1
2026-04-24 05:49:09.767168+00	NEW	IDLE	0	0	0	0	0	0	0
2026-04-24 05:50:09.909282+00	OLD	SEALED_MIST	0	0	0	0	0	0	1
2026-04-24 05:50:09.909282+00	NEW	IDLE	0	0	0	0	0	0	0
2026-04-24 05:51:10.089736+00	OLD	SEALED_MIST	1	0	0	0	1	0	3
2026-04-24 05:51:10.089736+00	NEW	IDLE	0	0	0	0	1	0	0
2026-04-24 05:52:10.265579+00	OLD	SEALED_MIST	1	0	0	0	1	0	3
2026-04-24 05:52:10.265579+00	NEW	IDLE	0	0	0	0	1	0	0
2026-04-24 05:53:10.444557+00	OLD	SEALED_MIST	0	0	0	0	1	0	2
2026-04-24 05:53:10.444557+00	NEW	IDLE	0	0	0	0	1	0	0
2026-04-24 06:00:11.611493+00	OLD	IDLE	0	0	0	0	0	0	0
2026-04-24 06:00:11.611493+00	NEW	SEALED_MIST	0	0	0	0	0	0	0
2026-04-24 06:01:12.138382+00	OLD	IDLE	0	0	0	0	0	0	0
2026-04-24 06:01:12.138382+00	NEW	SEALED_MIST	0	0	0	0	0	0	1
2026-04-24 06:02:12.27471+00	OLD	IDLE	0	0	0	0	0	0	0
2026-04-24 06:02:12.27471+00	NEW	SEALED_MIST	0	0	0	0	0	0	1
2026-04-24 06:03:12.421864+00	OLD	IDLE	0	0	0	0	0	0	0
2026-04-24 06:03:12.421864+00	NEW	SEALED_MIST	1	0	0	0	0	0	3
2026-04-24 18:00:22.612524+00	OLD	SEALED_MIST	0	0	0	0	0	0	2
2026-04-24 18:00:22.612524+00	NEW	IDLE	0	0	0	0	0	0	0
2026-04-24 18:05:23.25023+00	OLD	SEALED_MIST	0	0	0	0	0	0	0
2026-04-24 18:05:23.25023+00	NEW	IDLE	0	0	0	0	0	0	0
2026-04-24 18:06:23.608532+00	OLD	SEALED_MIST	0	0	0	0	0	0	1
2026-04-24 18:06:23.608532+00	NEW	IDLE	0	0	0	0	0	0	0
2026-04-24 18:07:23.730354+00	OLD	SEALED_MIST	0	0	0	0	0	0	1
2026-04-24 18:07:23.730354+00	NEW	IDLE	0	0	0	0	0	0	0
2026-04-24 18:08:23.883535+00	OLD	SEALED_MIST	1	0	0	0	0	0	3
2026-04-24 18:08:23.883535+00	NEW	IDLE	0	0	0	0	0	0	0
2026-04-24 18:09:24.028709+00	OLD	SEALED_MIST	1	0	0	0	0	0	3
2026-04-24 18:09:24.028709+00	NEW	IDLE	0	0	0	0	0	0	0
2026-04-24 18:10:24.154374+00	OLD	SEALED_MIST	1	0	0	0	0	0	3
2026-04-24 18:10:24.154374+00	NEW	IDLE	0	0	0	0	0	0	0
2026-04-24 18:11:24.30955+00	OLD	SEALED_MIST	1	0	0	0	0	0	3
2026-04-24 18:11:24.30955+00	NEW	IDLE	0	0	0	0	0	0	0
2026-04-24 18:12:24.448149+00	OLD	SEALED_MIST	1	0	0	0	0	0	3
2026-04-24 18:12:24.448149+00	NEW	IDLE	0	0	0	0	0	0	0
2026-04-24 18:13:24.633127+00	OLD	SEALED_MIST	0	0	0	0	0	0	2
2026-04-24 18:13:24.633127+00	NEW	IDLE	0	0	0	0	0	0	0
2026-04-24 18:21:26.208104+00	OLD	VENTILATE	1	1	1	0	0	0	0
2026-04-24 18:21:26.208104+00	NEW	VENTILATE	0	1	1	0	0	0	0
2026-04-24 18:22:26.318905+00	OLD	VENTILATE	1	1	1	0	0	0	0
2026-04-24 18:22:26.318905+00	NEW	VENTILATE	0	1	1	0	0	0	0
2026-04-24 18:23:26.452244+00	OLD	VENTILATE	1	1	1	0	0	0	0
2026-04-24 18:23:26.452244+00	NEW	VENTILATE	0	1	1	0	0	0	0
2026-04-24 18:24:26.593024+00	OLD	VENTILATE	1	1	1	0	0	0	0
2026-04-24 18:24:26.593024+00	NEW	VENTILATE	0	1	1	0	0	0	0
2026-04-24 18:25:26.893915+00	OLD	VENTILATE	1	1	1	0	0	0	0
2026-04-24 18:25:26.893915+00	NEW	VENTILATE	0	1	1	0	0	0	0
2026-04-24 18:26:27.020897+00	OLD	VENTILATE	1	1	1	0	0	0	0
2026-04-24 18:26:27.020897+00	NEW	VENTILATE	0	1	1	0	0	0	0
2026-04-24 18:27:27.142035+00	OLD	VENTILATE	1	1	1	0	0	0	0
2026-04-24 18:27:27.142035+00	NEW	VENTILATE	0	1	1	0	0	0	0
2026-04-24 18:28:27.357649+00	OLD	VENTILATE	1	1	1	0	0	0	0
2026-04-24 18:28:27.357649+00	NEW	VENTILATE	0	1	1	0	0	0	0
2026-04-24 18:29:27.846414+00	OLD	VENTILATE	1	1	1	0	0	0	0
2026-04-24 18:29:27.846414+00	NEW	VENTILATE	0	1	1	0	0	0	0
2026-04-24 18:30:28.378183+00	OLD	VENTILATE	1	1	1	0	0	0	0
2026-04-24 18:30:28.378183+00	NEW	VENTILATE	0	1	1	0	0	0	0
2026-04-24 18:31:28.489215+00	OLD	VENTILATE	1	1	1	0	0	0	0
2026-04-24 18:31:28.489215+00	NEW	VENTILATE	0	1	1	0	0	0	0
2026-04-24 18:32:28.600769+00	OLD	VENTILATE	1	1	1	0	0	0	0
2026-04-24 18:32:28.600769+00	NEW	VENTILATE	0	1	1	0	0	0	0
2026-04-24 18:33:28.69934+00	OLD	VENTILATE	1	1	1	0	0	0	0
2026-04-24 18:33:28.69934+00	NEW	VENTILATE	0	1	1	0	0	0	0
2026-04-24 18:34:28.796568+00	OLD	VENTILATE	1	1	1	0	0	0	0
2026-04-24 18:34:28.796568+00	NEW	VENTILATE	0	1	1	0	0	0	0
2026-04-24 18:35:28.903403+00	OLD	VENTILATE	1	1	1	0	0	0	0
2026-04-24 18:35:28.903403+00	NEW	VENTILATE	0	1	1	0	0	0	0
2026-04-24 18:36:29.003177+00	OLD	VENTILATE	1	1	1	0	0	0	0
2026-04-24 18:36:29.003177+00	NEW	VENTILATE	0	1	1	0	0	0	0
2026-04-24 18:37:29.136681+00	OLD	VENTILATE	1	1	1	1	0	0	0
2026-04-24 18:37:29.136681+00	NEW	VENTILATE	0	1	1	1	0	0	0
2026-04-24 18:38:29.256764+00	OLD	VENTILATE	1	1	1	1	0	0	0
2026-04-24 18:38:29.256764+00	NEW	VENTILATE	0	1	1	1	0	0	0
2026-04-24 18:39:29.404851+00	OLD	VENTILATE	1	1	1	1	0	0	0
2026-04-24 18:39:29.404851+00	NEW	VENTILATE	0	1	1	1	0	0	0
2026-04-24 18:40:29.530738+00	OLD	VENTILATE	1	1	1	1	0	0	0
2026-04-24 18:40:29.530738+00	NEW	VENTILATE	0	1	1	1	0	0	0
2026-04-24 18:41:29.627186+00	OLD	VENTILATE	1	1	1	1	0	0	0
2026-04-24 18:41:29.627186+00	NEW	VENTILATE	0	1	1	1	0	0	0
2026-04-24 18:42:29.726919+00	OLD	VENTILATE	1	1	1	1	0	0	0
2026-04-24 18:42:29.726919+00	NEW	VENTILATE	0	1	1	1	0	0	0
2026-04-24 18:43:29.841588+00	OLD	VENTILATE	1	1	1	1	0	0	0
2026-04-24 18:43:29.841588+00	NEW	VENTILATE	0	1	1	1	0	0	0
2026-04-24 18:44:29.979449+00	OLD	VENTILATE	1	1	1	1	0	0	0
2026-04-24 18:44:29.979449+00	NEW	VENTILATE	0	1	1	1	0	0	0
2026-04-24 18:45:30.101373+00	OLD	VENTILATE	1	1	1	1	0	0	0
2026-04-24 18:45:30.101373+00	NEW	VENTILATE	0	1	1	1	0	0	0
2026-04-24 18:46:30.209843+00	OLD	VENTILATE	1	1	1	1	0	0	0
2026-04-24 18:46:30.209843+00	NEW	VENTILATE	0	1	1	1	0	0	0
2026-04-24 18:47:30.358731+00	OLD	VENTILATE	1	1	1	1	0	0	0
2026-04-24 18:47:30.358731+00	NEW	VENTILATE	0	1	1	1	0	0	0
2026-04-24 18:48:30.486962+00	OLD	VENTILATE	1	1	1	1	0	0	0
2026-04-24 18:48:30.486962+00	NEW	VENTILATE	0	1	1	1	0	0	0
2026-04-24 18:49:30.642951+00	OLD	VENTILATE	1	1	1	1	0	0	0
2026-04-24 18:49:30.642951+00	NEW	VENTILATE	0	1	1	1	0	0	0
2026-04-24 18:50:30.786323+00	OLD	VENTILATE	1	1	1	1	0	0	0
2026-04-24 18:50:30.786323+00	NEW	VENTILATE	0	1	1	1	0	0	0
2026-04-24 18:51:31.154406+00	OLD	VENTILATE	1	1	1	1	0	0	0
2026-04-24 18:51:31.154406+00	NEW	VENTILATE	0	1	1	1	0	0	0
2026-04-24 18:52:31.268569+00	OLD	VENTILATE	1	1	1	1	0	0	0
2026-04-24 18:52:31.268569+00	NEW	VENTILATE	0	1	1	1	0	0	0
2026-04-24 18:53:31.47905+00	OLD	VENTILATE	1	1	1	1	0	0	0
2026-04-24 18:53:31.47905+00	NEW	VENTILATE	0	1	1	1	0	0	0
2026-04-24 18:54:31.658177+00	OLD	VENTILATE	1	1	1	1	0	0	0
2026-04-24 18:54:31.658177+00	NEW	VENTILATE	0	1	1	1	0	0	0
2026-04-24 18:55:31.797802+00	OLD	VENTILATE	1	1	1	1	0	0	0
2026-04-24 18:55:31.797802+00	NEW	VENTILATE	0	1	1	1	0	0	0
2026-04-25 00:00:24.727154+00	OLD	VENTILATE	1	1	1	1	0	0	0
2026-04-25 00:00:24.727154+00	NEW	VENTILATE	0	1	1	1	0	0	0
2026-04-25 00:01:24.914901+00	OLD	VENTILATE	1	1	1	1	0	0	0
2026-04-25 00:01:24.914901+00	NEW	VENTILATE	0	1	1	1	0	0	0
2026-04-25 00:02:25.068283+00	OLD	VENTILATE	1	1	1	1	0	0	0
2026-04-25 00:02:25.068283+00	NEW	VENTILATE	0	1	1	1	0	0	0
2026-04-25 00:03:25.21611+00	OLD	VENTILATE	1	1	1	1	0	0	0
2026-04-25 00:03:25.21611+00	NEW	VENTILATE	0	1	1	1	0	0	0
2026-04-25 00:04:25.35596+00	OLD	VENTILATE	1	1	1	1	0	0	0
2026-04-25 00:04:25.35596+00	NEW	VENTILATE	0	1	1	1	0	0	0
2026-04-25 00:05:25.483078+00	OLD	VENTILATE	1	1	1	1	0	0	0
2026-04-25 00:05:25.483078+00	NEW	VENTILATE	0	1	1	1	0	0	0
2026-04-25 00:06:25.649932+00	OLD	VENTILATE	1	1	1	1	0	0	0
2026-04-25 00:06:25.649932+00	NEW	VENTILATE	0	1	1	1	0	0	0
2026-04-25 00:07:25.855171+00	OLD	VENTILATE	1	1	1	1	0	0	0
2026-04-25 00:07:25.855171+00	NEW	VENTILATE	0	1	1	1	0	0	0
2026-04-25 00:08:26.277763+00	OLD	VENTILATE	1	1	1	1	0	0	0
2026-04-25 00:08:26.277763+00	NEW	VENTILATE	0	1	1	1	0	0	0
2026-04-25 00:09:26.446504+00	OLD	VENTILATE	1	1	1	1	0	0	0
2026-04-25 00:09:26.446504+00	NEW	VENTILATE	0	1	1	1	0	0	0
2026-04-25 00:10:26.59602+00	OLD	VENTILATE	1	1	1	1	0	0	0
2026-04-25 00:10:26.59602+00	NEW	VENTILATE	0	1	1	1	0	0	0
2026-04-25 00:11:26.786471+00	OLD	VENTILATE	1	1	1	1	0	0	0
2026-04-25 00:11:26.786471+00	NEW	VENTILATE	0	1	1	1	0	0	0
2026-04-25 00:12:26.985626+00	OLD	VENTILATE	1	1	1	1	0	0	0
2026-04-25 00:12:26.985626+00	NEW	VENTILATE	0	1	1	1	0	0	0
2026-04-25 00:13:27.103818+00	OLD	VENTILATE	1	1	1	1	0	0	0
2026-04-25 00:13:27.103818+00	NEW	VENTILATE	0	1	1	1	0	0	0
2026-04-25 00:14:27.247173+00	OLD	VENTILATE	1	1	1	1	0	0	0
2026-04-25 00:14:27.247173+00	NEW	VENTILATE	0	1	1	1	0	0	0
2026-04-25 00:15:27.384285+00	OLD	VENTILATE	1	1	1	1	0	0	0
2026-04-25 00:15:27.384285+00	NEW	VENTILATE	0	1	1	1	0	0	0
2026-04-25 00:16:27.522816+00	OLD	VENTILATE	1	1	1	1	0	0	0
2026-04-25 00:16:27.522816+00	NEW	VENTILATE	0	1	1	1	0	0	0
2026-04-25 00:17:27.661586+00	OLD	VENTILATE	1	1	1	1	0	0	0
2026-04-25 00:17:27.661586+00	NEW	VENTILATE	0	1	1	1	0	0	0
2026-04-25 00:18:27.857774+00	OLD	VENTILATE	1	1	1	1	0	0	0
2026-04-25 00:18:27.857774+00	NEW	VENTILATE	0	1	1	1	0	0	0
2026-04-25 00:19:31.275013+00	OLD	VENTILATE	1	1	1	1	0	0	0
2026-04-25 00:19:31.275013+00	NEW	VENTILATE	0	1	1	1	0	0	0
2026-04-25 00:20:31.67202+00	OLD	VENTILATE	1	1	1	1	0	0	0
2026-04-25 00:20:31.67202+00	NEW	VENTILATE	0	1	1	1	0	0	0
2026-04-25 00:21:31.847575+00	OLD	VENTILATE	1	1	1	1	0	0	0
2026-04-25 00:21:31.847575+00	NEW	VENTILATE	0	1	1	1	0	0	0
2026-04-25 00:22:32.036412+00	OLD	VENTILATE	1	1	1	1	0	0	0
2026-04-25 00:22:32.036412+00	NEW	VENTILATE	0	1	1	1	0	0	0
2026-04-25 00:23:32.200511+00	OLD	VENTILATE	1	1	1	1	0	0	0
2026-04-25 00:23:32.200511+00	NEW	VENTILATE	0	1	1	1	0	0	0
2026-04-25 00:24:32.360705+00	OLD	VENTILATE	1	1	1	1	0	0	0
2026-04-25 00:24:32.360705+00	NEW	VENTILATE	0	1	1	1	0	0	0
2026-04-25 00:25:32.476213+00	OLD	VENTILATE	1	1	1	0	0	0	0
2026-04-25 00:25:32.476213+00	NEW	VENTILATE	0	1	1	0	0	0	0
2026-04-25 00:26:32.592529+00	OLD	VENTILATE	1	1	1	0	0	0	0
2026-04-25 00:26:32.592529+00	NEW	VENTILATE	0	1	1	0	0	0	0
2026-04-25 00:27:32.699647+00	OLD	VENTILATE	1	1	1	1	0	0	0
2026-04-25 00:27:32.699647+00	NEW	VENTILATE	0	1	1	1	0	0	0
2026-04-25 00:28:33.204888+00	OLD	VENTILATE	1	1	1	1	0	0	0
2026-04-25 00:28:33.204888+00	NEW	VENTILATE	0	1	1	1	0	0	0
2026-04-25 00:29:33.346088+00	OLD	VENTILATE	1	1	1	1	0	0	0
2026-04-25 00:29:33.346088+00	NEW	VENTILATE	0	1	1	1	0	0	0
2026-04-25 00:30:33.459568+00	OLD	VENTILATE	1	1	1	1	0	0	0
2026-04-25 00:30:33.459568+00	NEW	VENTILATE	0	1	1	1	0	0	0
2026-04-25 00:31:33.568172+00	OLD	VENTILATE	1	1	1	0	0	0	0
2026-04-25 00:31:33.568172+00	NEW	VENTILATE	0	1	1	0	0	0	0
2026-04-25 00:40:35.606894+00	OLD	VENTILATE	1	1	1	0	0	0	0
2026-04-25 00:40:35.606894+00	NEW	VENTILATE	0	1	1	0	0	0	0
2026-04-25 00:41:35.78346+00	OLD	VENTILATE	1	1	1	0	0	0	0
2026-04-25 00:41:35.78346+00	NEW	VENTILATE	0	1	1	0	0	0	0
2026-04-25 00:42:35.941178+00	OLD	VENTILATE	1	1	1	0	0	0	0
2026-04-25 00:42:35.941178+00	NEW	VENTILATE	0	1	1	0	0	0	0
2026-04-25 00:45:37.197825+00	OLD	SEALED_MIST	0	0	0	0	0	0	0
2026-04-25 00:45:37.197825+00	NEW	IDLE	0	0	0	0	0	0	0
2026-04-25 00:46:37.337344+00	OLD	SEALED_MIST	0	0	0	0	0	0	1
2026-04-25 00:46:37.337344+00	NEW	IDLE	0	0	0	0	0	0	0
2026-04-25 00:47:37.523855+00	OLD	SEALED_MIST	0	0	0	0	0	0	1
2026-04-25 00:47:37.523855+00	NEW	IDLE	0	0	0	0	0	0	0
2026-04-25 00:48:37.780701+00	OLD	SEALED_MIST	0	0	0	0	0	0	1
2026-04-25 00:48:37.780701+00	NEW	IDLE	0	0	0	0	0	0	0
2026-04-25 00:49:37.956925+00	OLD	SEALED_MIST	0	0	0	0	0	0	1
2026-04-25 00:49:37.956925+00	NEW	IDLE	0	0	0	0	0	0	0
2026-04-25 00:50:38.080112+00	OLD	SEALED_MIST	0	0	0	0	0	0	1
2026-04-25 00:50:38.080112+00	NEW	IDLE	0	0	0	0	0	0	0
2026-04-25 00:51:38.190125+00	OLD	SEALED_MIST	0	0	0	0	0	0	2
2026-04-25 00:51:38.190125+00	NEW	IDLE	0	0	0	0	0	0	0
2026-04-25 00:52:38.328855+00	OLD	SEALED_MIST	1	0	0	0	0	0	3
2026-04-25 00:52:38.328855+00	NEW	IDLE	0	0	0	0	0	0	0
2026-04-25 00:53:38.538168+00	OLD	SEALED_MIST	1	0	0	0	0	0	3
2026-04-25 00:53:38.538168+00	NEW	IDLE	0	0	0	0	0	0	0
2026-04-25 01:04:39.862028+00	OLD	SEALED_MIST	1	0	0	0	0	0	3
2026-04-25 01:04:39.862028+00	NEW	IDLE	0	0	0	0	0	0	0
2026-04-25 01:05:40.020039+00	OLD	SEALED_MIST	1	0	0	0	0	0	3
2026-04-25 01:05:40.020039+00	NEW	IDLE	0	0	0	0	0	0	0
2026-04-25 01:06:40.147637+00	OLD	SEALED_MIST	1	0	0	0	0	0	3
2026-04-25 01:06:40.147637+00	NEW	IDLE	0	0	0	0	0	0	0
2026-04-25 01:07:40.306291+00	OLD	SEALED_MIST	1	0	0	0	0	0	3
2026-04-25 01:07:40.306291+00	NEW	IDLE	0	0	0	0	0	0	0
2026-04-25 01:08:40.431703+00	OLD	SEALED_MIST	1	0	0	0	0	0	3
2026-04-25 01:08:40.431703+00	NEW	IDLE	0	0	0	0	0	0	0
2026-04-25 01:09:40.544902+00	OLD	SEALED_MIST	1	0	0	0	0	0	3
2026-04-25 01:09:40.544902+00	NEW	IDLE	0	0	0	0	0	0	0
2026-04-25 01:10:40.676247+00	OLD	SEALED_MIST	1	0	0	0	0	0	3
2026-04-25 01:10:40.676247+00	NEW	IDLE	0	0	0	0	0	0	0
2026-04-25 01:11:40.792878+00	OLD	SEALED_MIST	1	0	0	0	0	0	3
2026-04-25 01:11:40.792878+00	NEW	IDLE	0	0	0	0	0	0	0
2026-04-25 01:12:41.236888+00	OLD	SEALED_MIST	1	0	0	0	0	0	3
2026-04-25 01:12:41.236888+00	NEW	IDLE	0	0	0	0	0	0	0
2026-04-25 01:23:42.905848+00	OLD	SEALED_MIST	1	0	0	0	0	0	3
2026-04-25 01:23:42.905848+00	NEW	IDLE	0	0	0	0	0	0	0
2026-04-25 01:24:43.056967+00	OLD	SEALED_MIST	1	0	0	0	0	0	3
2026-04-25 01:24:43.056967+00	NEW	IDLE	0	0	0	0	0	0	0
2026-04-25 01:25:43.208865+00	OLD	SEALED_MIST	1	0	0	0	0	0	3
2026-04-25 01:25:43.208865+00	NEW	IDLE	0	0	0	0	0	0	0
2026-04-25 01:26:43.338192+00	OLD	SEALED_MIST	1	0	0	0	0	0	3
2026-04-25 01:26:43.338192+00	NEW	IDLE	0	0	0	0	0	0	0
2026-04-25 01:27:43.468868+00	OLD	SEALED_MIST	1	0	0	0	0	0	3
2026-04-25 01:27:43.468868+00	NEW	IDLE	0	0	0	0	0	0	0
2026-04-25 01:28:43.611405+00	OLD	SEALED_MIST	1	0	0	0	0	0	3
2026-04-25 01:28:43.611405+00	NEW	IDLE	0	0	0	0	0	0	0
2026-04-25 01:29:43.748387+00	OLD	SEALED_MIST	1	0	0	0	0	0	3
2026-04-25 01:29:43.748387+00	NEW	IDLE	0	0	0	0	0	0	0
2026-04-25 01:30:43.863919+00	OLD	SEALED_MIST	1	0	0	0	0	0	3
2026-04-25 01:30:43.863919+00	NEW	IDLE	0	0	0	0	0	0	0
2026-04-25 01:31:43.975658+00	OLD	SEALED_MIST	1	0	0	0	0	0	3
2026-04-25 01:31:43.975658+00	NEW	IDLE	0	0	0	0	0	0	0
2026-04-25 01:42:45.591001+00	OLD	SEALED_MIST	0	0	0	0	1	0	0
2026-04-25 01:42:45.591001+00	NEW	IDLE	0	0	0	0	1	0	0
2026-04-25 01:43:46.015626+00	OLD	SEALED_MIST	0	0	0	0	1	0	1
2026-04-25 01:43:46.015626+00	NEW	IDLE	0	0	0	0	1	0	0
2026-04-25 01:44:46.188453+00	OLD	SEALED_MIST	0	0	0	0	1	0	1
2026-04-25 01:44:46.188453+00	NEW	IDLE	0	0	0	0	1	0	0
2026-04-25 01:45:46.349689+00	OLD	SEALED_MIST	0	0	0	0	1	0	1
2026-04-25 01:45:46.349689+00	NEW	IDLE	0	0	0	0	1	0	0
2026-04-25 01:46:46.489433+00	OLD	SEALED_MIST	0	0	0	0	1	0	1
2026-04-25 01:46:46.489433+00	NEW	IDLE	0	0	0	0	1	0	0
2026-04-25 01:47:46.620045+00	OLD	SEALED_MIST	1	0	0	0	1	0	3
2026-04-25 01:47:46.620045+00	NEW	IDLE	0	0	0	0	1	0	0
2026-04-25 01:48:47.019466+00	OLD	SEALED_MIST	1	0	0	0	1	0	3
2026-04-25 01:48:47.019466+00	NEW	IDLE	0	0	0	0	1	0	0
2026-04-25 01:49:47.208041+00	OLD	SEALED_MIST	1	0	0	0	1	0	3
2026-04-25 01:49:47.208041+00	NEW	IDLE	0	0	0	0	1	0	0
2026-04-25 01:50:47.356182+00	OLD	SEALED_MIST	0	0	0	0	1	0	2
2026-04-25 01:50:47.356182+00	NEW	IDLE	0	0	0	0	1	0	0
2026-04-25 02:01:48.951397+00	OLD	SEALED_MIST	1	0	0	0	0	0	3
2026-04-25 02:01:48.951397+00	NEW	IDLE	0	0	0	0	0	0	0
2026-04-25 02:02:49.077513+00	OLD	SEALED_MIST	0	0	0	0	0	0	2
2026-04-25 02:02:49.077513+00	NEW	IDLE	0	0	0	0	0	0	0
2026-04-25 02:03:49.352197+00	OLD	SEALED_MIST	0	0	0	0	0	0	2
2026-04-25 02:03:49.352197+00	NEW	IDLE	0	0	0	0	0	0	0
2026-04-25 02:04:49.558451+00	OLD	SEALED_MIST	0	0	0	0	0	0	2
2026-04-25 02:04:49.558451+00	NEW	IDLE	0	0	0	0	0	0	0
2026-04-25 02:05:49.697312+00	OLD	SEALED_MIST	0	0	0	0	0	0	2
2026-04-25 02:05:49.697312+00	NEW	IDLE	0	0	0	0	0	0	0
2026-04-25 02:11:50.476969+00	OLD	VENTILATE	1	1	1	1	0	0	0
2026-04-25 02:11:50.476969+00	NEW	VENTILATE	0	1	1	1	0	0	0
2026-04-25 02:12:50.59092+00	OLD	VENTILATE	1	1	1	1	0	0	0
2026-04-25 02:12:50.59092+00	NEW	VENTILATE	0	1	1	1	0	0	0
2026-04-25 02:13:50.694278+00	OLD	VENTILATE	1	1	1	1	0	0	0
2026-04-25 02:13:50.694278+00	NEW	VENTILATE	0	1	1	1	0	0	0
2026-04-25 02:14:50.83163+00	OLD	VENTILATE	1	1	1	1	0	0	0
2026-04-25 02:14:50.83163+00	NEW	VENTILATE	0	1	1	1	0	0	0
2026-04-25 02:15:51.168576+00	OLD	VENTILATE	1	1	1	1	0	0	0
2026-04-25 02:15:51.168576+00	NEW	VENTILATE	0	1	1	1	0	0	0
2026-04-25 02:16:51.316009+00	OLD	VENTILATE	1	1	1	1	0	0	0
2026-04-25 02:16:51.316009+00	NEW	VENTILATE	0	1	1	1	0	0	0
2026-04-25 02:17:51.443587+00	OLD	VENTILATE	1	1	1	0	0	0	0
2026-04-25 02:17:51.443587+00	NEW	VENTILATE	0	1	1	0	0	0	0
2026-04-25 02:18:51.579429+00	OLD	VENTILATE	1	1	1	0	0	0	0
2026-04-25 02:18:51.579429+00	NEW	VENTILATE	0	1	1	0	0	0	0
2026-04-25 02:19:51.766395+00	OLD	VENTILATE	1	1	1	0	0	0	0
2026-04-25 02:19:51.766395+00	NEW	VENTILATE	0	1	1	0	0	0	0
2026-04-25 02:20:51.934657+00	OLD	VENTILATE	1	1	1	0	0	0	0
2026-04-25 02:20:51.934657+00	NEW	VENTILATE	0	1	1	0	0	0	0
2026-04-25 02:21:52.084393+00	OLD	SEALED_MIST	1	0	0	0	0	0	3
2026-04-25 02:21:52.084393+00	NEW	IDLE	0	0	0	0	0	0	0
2026-04-25 02:22:52.239047+00	OLD	SEALED_MIST	1	0	0	0	1	0	3
2026-04-25 02:22:52.239047+00	NEW	IDLE	0	0	0	0	1	0	0
2026-04-25 02:23:52.443237+00	OLD	SEALED_MIST	1	0	0	0	1	0	3
2026-04-25 02:23:52.443237+00	NEW	IDLE	0	0	0	0	1	0	0
2026-04-25 02:24:52.601841+00	OLD	SEALED_MIST	1	0	0	0	1	0	3
2026-04-25 02:24:52.601841+00	NEW	IDLE	0	0	0	0	1	0	0
2026-04-25 02:25:52.759221+00	OLD	SEALED_MIST	1	0	0	0	1	0	3
2026-04-25 02:25:52.759221+00	NEW	IDLE	0	0	0	0	1	0	0
2026-04-25 02:26:52.88487+00	OLD	SEALED_MIST	1	0	0	0	1	0	3
2026-04-25 02:26:52.88487+00	NEW	IDLE	0	0	0	0	1	0	0
2026-04-25 02:27:53.019372+00	OLD	SEALED_MIST	1	0	0	0	1	0	3
2026-04-25 02:27:53.019372+00	NEW	IDLE	0	0	0	0	1	0	0
2026-04-25 02:29:53.373204+00	OLD	SEALED_MIST	1	0	0	0	1	1	3
2026-04-25 02:29:53.373204+00	NEW	IDLE	0	0	0	0	1	1	0
2026-04-25 03:02:59.204111+00	OLD	SEALED_MIST	0	0	0	0	1	1	0
2026-04-25 03:02:59.204111+00	NEW	IDLE	0	0	0	0	1	1	0
2026-04-25 03:03:59.529528+00	OLD	SEALED_MIST	0	0	0	0	1	1	1
2026-04-25 03:03:59.529528+00	NEW	IDLE	0	0	0	0	1	1	0
2026-04-25 03:04:59.691033+00	OLD	SEALED_MIST	0	0	0	0	1	1	1
2026-04-25 03:04:59.691033+00	NEW	IDLE	0	0	0	0	1	1	0
2026-04-25 03:05:59.865211+00	OLD	SEALED_MIST	0	0	0	0	1	1	1
2026-04-25 03:05:59.865211+00	NEW	IDLE	0	0	0	0	1	1	0
2026-04-25 03:06:59.980539+00	OLD	SEALED_MIST	0	0	0	0	1	1	1
2026-04-25 03:06:59.980539+00	NEW	IDLE	0	0	0	0	1	1	0
2026-04-25 03:13:01.228396+00	OLD	SEALED_MIST	0	0	0	0	1	1	0
2026-04-25 03:13:01.228396+00	NEW	IDLE	0	0	0	0	1	1	0
2026-04-25 03:14:01.430349+00	OLD	SEALED_MIST	0	0	0	0	1	1	1
2026-04-25 03:14:01.430349+00	NEW	IDLE	0	0	0	0	1	1	0
2026-04-25 03:15:01.917733+00	OLD	SEALED_MIST	0	0	0	0	1	1	1
2026-04-25 03:15:01.917733+00	NEW	IDLE	0	0	0	0	1	1	0
2026-04-25 03:16:02.368136+00	OLD	SEALED_MIST	0	0	0	0	1	1	1
2026-04-25 03:16:02.368136+00	NEW	IDLE	0	0	0	0	1	1	0
2026-04-25 03:17:02.492715+00	OLD	SEALED_MIST	0	0	0	0	1	1	1
2026-04-25 03:17:02.492715+00	NEW	IDLE	0	0	0	0	1	1	0
2026-04-25 03:18:02.608994+00	OLD	SEALED_MIST	0	0	0	0	1	1	1
2026-04-25 03:18:02.608994+00	NEW	IDLE	0	0	0	0	1	1	0
2026-04-25 03:19:02.760236+00	OLD	SEALED_MIST	0	0	0	0	1	1	2
2026-04-25 03:19:02.760236+00	NEW	IDLE	0	0	0	0	1	1	0
2026-04-25 03:20:02.910278+00	OLD	SEALED_MIST	0	0	0	0	1	1	2
2026-04-25 03:20:02.910278+00	NEW	IDLE	0	0	0	0	1	1	0
2026-04-25 04:11:10.380047+00	OLD	SEALED_MIST	0	0	0	0	1	1	0
2026-04-25 04:11:10.380047+00	NEW	IDLE	0	0	0	0	1	1	0
2026-04-25 04:12:10.568226+00	OLD	SEALED_MIST	0	0	0	0	1	1	1
2026-04-25 04:12:10.568226+00	NEW	IDLE	0	0	0	0	1	1	0
2026-04-25 04:13:10.661489+00	OLD	SEALED_MIST	0	0	0	0	1	1	1
2026-04-25 04:13:10.661489+00	NEW	IDLE	0	0	0	0	1	1	0
2026-04-25 04:22:12.047714+00	OLD	SEALED_MIST	0	0	0	0	1	1	0
2026-04-25 04:22:12.047714+00	NEW	IDLE	0	0	0	0	1	1	0
2026-04-25 04:23:12.281554+00	OLD	SEALED_MIST	0	0	0	0	1	1	1
2026-04-25 04:23:12.281554+00	NEW	IDLE	0	0	0	0	1	1	0
2026-04-25 04:24:12.468139+00	OLD	SEALED_MIST	0	0	0	0	1	0	1
2026-04-25 04:24:12.468139+00	NEW	IDLE	0	0	0	0	1	0	0
2026-04-25 04:25:12.748875+00	OLD	SEALED_MIST	0	0	0	0	1	0	1
2026-04-25 04:25:12.748875+00	NEW	IDLE	0	0	0	0	1	0	0
2026-04-25 04:26:12.886909+00	OLD	SEALED_MIST	0	0	0	0	1	0	1
2026-04-25 04:26:12.886909+00	NEW	IDLE	0	0	0	0	1	0	0
2026-04-25 04:27:13.131941+00	OLD	SEALED_MIST	0	0	0	0	1	0	1
2026-04-25 04:27:13.131941+00	NEW	IDLE	0	0	0	0	1	0	0
2026-04-25 04:28:13.278699+00	OLD	SEALED_MIST	0	0	0	0	1	0	2
2026-04-25 04:28:13.278699+00	NEW	IDLE	0	0	0	0	1	0	0
2026-04-25 04:29:13.470822+00	OLD	SEALED_MIST	0	0	0	0	0	0	2
2026-04-25 04:29:13.470822+00	NEW	IDLE	0	0	0	0	0	0	0
2026-04-25 04:30:13.584735+00	OLD	SEALED_MIST	0	0	0	0	1	0	2
2026-04-25 04:30:13.584735+00	NEW	IDLE	0	0	0	0	1	0	0
2026-04-25 18:28:48.62874+00	OLD	VENTILATE	1	1	1	1	0	0	0
2026-04-25 18:28:48.62874+00	NEW	VENTILATE	0	1	1	1	0	0	0
2026-04-25 18:29:48.786544+00	OLD	VENTILATE	1	1	1	1	0	0	0
2026-04-25 18:29:48.786544+00	NEW	VENTILATE	0	1	1	1	0	0	0
2026-04-25 18:30:48.962917+00	OLD	VENTILATE	1	1	1	1	0	0	0
2026-04-25 18:30:48.962917+00	NEW	VENTILATE	0	1	1	1	0	0	0
2026-04-25 18:31:49.065718+00	OLD	VENTILATE	1	1	1	1	0	0	0
2026-04-25 18:31:49.065718+00	NEW	VENTILATE	0	1	1	1	0	0	0
2026-04-25 18:32:49.327892+00	OLD	VENTILATE	1	1	1	1	0	0	0
2026-04-25 18:32:49.327892+00	NEW	VENTILATE	0	1	1	1	0	0	0
2026-04-25 18:39:50.503876+00	OLD	VENTILATE	1	1	1	1	0	0	0
2026-04-25 18:39:50.503876+00	NEW	VENTILATE	0	1	1	1	0	0	0
2026-04-25 18:40:50.615914+00	OLD	VENTILATE	1	1	1	1	0	0	0
2026-04-25 18:40:50.615914+00	NEW	VENTILATE	0	1	1	1	0	0	0
2026-04-25 18:41:50.756855+00	OLD	VENTILATE	1	1	1	1	0	0	0
2026-04-25 18:41:50.756855+00	NEW	VENTILATE	0	1	1	1	0	0	0
2026-04-25 18:42:50.890546+00	OLD	VENTILATE	1	1	1	1	0	0	0
2026-04-25 18:42:50.890546+00	NEW	VENTILATE	0	1	1	1	0	0	0
2026-04-25 18:43:51.032831+00	OLD	VENTILATE	1	1	1	1	0	0	0
2026-04-25 18:43:51.032831+00	NEW	VENTILATE	0	1	1	1	0	0	0
2026-04-25 18:44:51.139783+00	OLD	VENTILATE	1	1	1	0	0	0	0
2026-04-25 18:44:51.139783+00	NEW	VENTILATE	0	1	1	0	0	0	0
2026-04-25 18:45:51.232628+00	OLD	VENTILATE	1	1	1	1	0	0	0
2026-04-25 18:45:51.232628+00	NEW	VENTILATE	0	1	1	1	0	0	0
2026-04-25 18:46:51.365546+00	OLD	VENTILATE	1	1	1	1	0	0	0
2026-04-25 18:46:51.365546+00	NEW	VENTILATE	0	1	1	1	0	0	0
2026-04-25 18:47:52.969194+00	OLD	VENTILATE	1	1	1	1	0	0	0
2026-04-25 18:47:52.969194+00	NEW	VENTILATE	0	1	1	1	0	0	0
2026-04-25 18:49:53.388974+00	OLD	VENTILATE	1	1	1	1	0	0	0
2026-04-25 18:49:53.388974+00	NEW	VENTILATE	0	1	1	1	0	0	0
2026-04-25 18:50:53.608869+00	OLD	VENTILATE	1	1	1	1	0	0	0
2026-04-25 18:50:53.608869+00	NEW	VENTILATE	0	1	1	1	0	0	0
2026-04-25 18:57:54.657406+00	OLD	VENTILATE	1	1	1	1	0	0	0
2026-04-25 18:57:54.657406+00	NEW	VENTILATE	0	1	1	1	0	0	0
2026-04-25 18:58:54.802461+00	OLD	VENTILATE	1	1	1	1	0	0	0
2026-04-25 18:58:54.802461+00	NEW	VENTILATE	0	1	1	1	0	0	0
2026-04-25 18:59:54.928797+00	OLD	VENTILATE	1	1	1	1	0	0	0
2026-04-25 18:59:54.928797+00	NEW	VENTILATE	0	1	1	1	0	0	0
2026-04-26 00:46:25.526695+00	OLD	SEALED_MIST	0	0	0	0	1	0	0
2026-04-26 00:46:25.526695+00	NEW	IDLE	0	0	0	0	1	0	0
2026-04-26 00:47:26.111909+00	OLD	SEALED_MIST	0	0	0	0	1	0	1
2026-04-26 00:47:26.111909+00	NEW	IDLE	0	0	0	0	1	0	0
2026-04-26 00:48:26.758731+00	OLD	SEALED_MIST	0	0	0	0	1	0	1
2026-04-26 00:48:26.758731+00	NEW	IDLE	0	0	0	0	1	0	0
2026-04-26 00:49:27.121458+00	OLD	SEALED_MIST	0	0	0	0	1	0	1
2026-04-26 00:49:27.121458+00	NEW	IDLE	0	0	0	0	1	0	0
2026-04-26 00:50:27.58937+00	OLD	SEALED_MIST	0	0	0	0	1	0	1
2026-04-26 00:50:27.58937+00	NEW	IDLE	0	0	0	0	1	0	0
2026-04-26 01:02:33.778144+00	OLD	SEALED_MIST	0	0	0	0	0	0	0
2026-04-26 01:02:33.778144+00	NEW	IDLE	0	0	0	0	0	0	0
2026-04-26 01:03:34.199959+00	OLD	SEALED_MIST	0	0	0	0	0	0	1
2026-04-26 01:03:34.199959+00	NEW	IDLE	0	0	0	0	0	0	0
2026-04-26 01:04:34.439826+00	OLD	SEALED_MIST	0	0	0	0	0	0	1
2026-04-26 01:04:34.439826+00	NEW	IDLE	0	0	0	0	0	0	0
2026-04-26 01:05:34.759602+00	OLD	SEALED_MIST	0	0	0	0	0	0	1
2026-04-26 01:05:34.759602+00	NEW	IDLE	0	0	0	0	0	0	0
2026-04-26 01:06:35.102586+00	OLD	SEALED_MIST	0	0	0	0	0	0	1
2026-04-26 01:06:35.102586+00	NEW	IDLE	0	0	0	0	0	0	0
2026-04-26 01:07:36.195026+00	OLD	SEALED_MIST	0	0	0	0	0	0	1
2026-04-26 01:07:36.195026+00	NEW	IDLE	0	0	0	0	0	0	0
2026-04-26 01:08:36.813635+00	OLD	SEALED_MIST	0	0	0	0	0	0	2
2026-04-26 01:08:36.813635+00	NEW	IDLE	0	0	0	0	0	0	0
2026-04-26 01:09:37.304848+00	OLD	SEALED_MIST	0	0	0	0	0	0	2
2026-04-26 01:09:37.304848+00	NEW	IDLE	0	0	0	0	0	0	0
2026-04-26 01:10:37.817785+00	OLD	SEALED_MIST	0	0	0	0	0	0	2
2026-04-26 01:10:37.817785+00	NEW	IDLE	0	0	0	0	0	0	0
2026-04-26 02:11:05.932834+00	OLD	SEALED_MIST	0	0	0	0	1	0	0
2026-04-26 02:11:05.932834+00	NEW	IDLE	0	0	0	0	1	0	0
2026-04-26 02:12:06.426368+00	OLD	SEALED_MIST	0	0	0	0	1	0	1
2026-04-26 02:12:06.426368+00	NEW	IDLE	0	0	0	0	1	0	0
2026-04-26 02:24:12.777067+00	OLD	SEALED_MIST	0	0	0	0	1	1	0
2026-04-26 02:24:12.777067+00	NEW	IDLE	0	0	0	0	1	1	0
2026-04-26 02:25:13.530796+00	OLD	SEALED_MIST	0	0	0	0	1	1	1
2026-04-26 02:25:13.530796+00	NEW	IDLE	0	0	0	0	1	1	0
2026-04-26 02:45:21.71091+00	OLD	VENTILATE	1	1	1	0	0	0	0
2026-04-26 02:45:21.71091+00	NEW	VENTILATE	0	1	1	0	0	0	0
2026-04-26 02:46:22.255354+00	OLD	VENTILATE	1	1	1	0	0	0	0
2026-04-26 02:46:22.255354+00	NEW	VENTILATE	0	1	1	0	0	0	0
2026-04-26 02:51:23.976329+00	OLD	SEALED_MIST	0	0	0	0	1	0	0
2026-04-26 02:51:23.976329+00	NEW	IDLE	0	0	0	0	1	0	0
2026-04-26 18:33:00.720033+00	OLD	SEALED_MIST	0	0	0	0	0	0	0
2026-04-26 18:33:00.720033+00	NEW	IDLE	0	0	0	0	0	0	0
2026-04-26 19:49:26.459391+00	OLD	SEALED_MIST	0	0	0	0	0	0	0
2026-04-26 19:49:26.459391+00	NEW	IDLE	0	0	0	0	0	0	0
2026-04-26 19:50:26.597444+00	OLD	SEALED_MIST	0	0	0	0	0	0	1
2026-04-26 19:50:26.597444+00	NEW	IDLE	0	0	0	0	0	0	0
2026-04-26 21:21:00.363622+00	OLD	SEALED_MIST	0	0	0	0	0	0	0
2026-04-26 21:21:00.363622+00	NEW	IDLE	0	0	0	0	0	0	0
2026-04-26 21:22:00.642729+00	OLD	SEALED_MIST	0	0	0	0	0	0	1
2026-04-26 21:22:00.642729+00	NEW	IDLE	0	0	0	0	0	0	0
2026-04-26 21:23:00.791893+00	OLD	SEALED_MIST	0	0	0	0	0	0	1
2026-04-26 21:23:00.791893+00	NEW	IDLE	0	0	0	0	0	0	0
2026-04-26 21:24:00.93264+00	OLD	SEALED_MIST	0	0	0	0	0	0	1
2026-04-26 21:24:00.93264+00	NEW	IDLE	0	0	0	0	0	0	0
2026-04-26 21:25:01.129729+00	OLD	SEALED_MIST	0	0	0	0	0	0	1
2026-04-26 21:25:01.129729+00	NEW	IDLE	0	0	0	0	0	0	0
2026-04-26 21:26:01.292752+00	OLD	SEALED_MIST	0	0	0	0	0	0	1
2026-04-26 21:26:01.292752+00	NEW	IDLE	0	0	0	0	0	0	0
2026-04-27 00:00:12.377993+00	OLD	SEALED_MIST	0	0	0	0	0	0	0
2026-04-27 00:00:12.377993+00	NEW	IDLE	0	0	0	0	0	0	0
2026-04-27 00:01:12.652528+00	OLD	SEALED_MIST	0	0	0	0	0	0	1
2026-04-27 00:01:12.652528+00	NEW	IDLE	0	0	0	0	0	0	0
2026-04-27 00:02:13.265371+00	OLD	SEALED_MIST	0	0	0	0	0	0	1
2026-04-27 00:02:13.265371+00	NEW	IDLE	0	0	0	0	0	0	0
2026-04-27 00:03:13.66637+00	OLD	SEALED_MIST	0	0	0	0	0	0	1
2026-04-27 00:03:13.66637+00	NEW	IDLE	0	0	0	0	0	0	0
2026-04-27 00:04:14.186564+00	OLD	SEALED_MIST	0	0	0	0	0	0	1
2026-04-27 00:04:14.186564+00	NEW	IDLE	0	0	0	0	0	0	0
2026-04-27 00:05:14.382045+00	OLD	SEALED_MIST	0	0	0	0	0	0	1
2026-04-27 00:05:14.382045+00	NEW	IDLE	0	0	0	0	0	0	0
2026-04-27 00:06:14.564456+00	OLD	SEALED_MIST	0	0	0	0	0	0	2
2026-04-27 00:06:14.564456+00	NEW	IDLE	0	0	0	0	0	0	0
2026-04-27 00:07:14.660242+00	OLD	SEALED_MIST	0	0	0	0	0	0	2
2026-04-27 00:07:14.660242+00	NEW	IDLE	0	0	0	0	0	0	0
2026-04-27 00:08:14.967157+00	OLD	SEALED_MIST	0	0	0	0	0	0	2
2026-04-27 00:08:14.967157+00	NEW	IDLE	0	0	0	0	0	0	0
2026-04-27 00:19:17.433543+00	OLD	SEALED_MIST	0	0	0	0	0	0	0
2026-04-27 00:19:17.433543+00	NEW	IDLE	0	0	0	0	0	0	0
2026-04-27 00:20:17.588889+00	OLD	SEALED_MIST	0	0	0	0	0	0	1
2026-04-27 00:20:17.588889+00	NEW	IDLE	0	0	0	0	0	0	0
2026-04-27 00:21:17.67791+00	OLD	SEALED_MIST	0	0	0	0	0	0	1
2026-04-27 00:21:17.67791+00	NEW	IDLE	0	0	0	0	0	0	0
2026-04-27 00:22:17.857731+00	OLD	SEALED_MIST	0	0	0	0	0	0	1
2026-04-27 00:22:17.857731+00	NEW	IDLE	0	0	0	0	0	0	0
2026-04-27 00:23:17.962372+00	OLD	SEALED_MIST	0	0	0	0	0	0	1
2026-04-27 00:23:17.962372+00	NEW	IDLE	0	0	0	0	0	0	0
2026-04-27 00:24:18.080034+00	OLD	SEALED_MIST	0	0	0	0	0	0	1
2026-04-27 00:24:18.080034+00	NEW	IDLE	0	0	0	0	0	0	0
2026-04-27 00:25:18.74318+00	OLD	SEALED_MIST	0	0	0	0	0	0	2
2026-04-27 00:25:18.74318+00	NEW	IDLE	0	0	0	0	0	0	0
2026-04-27 00:26:19.16057+00	OLD	SEALED_MIST	0	0	0	0	0	0	2
2026-04-27 00:26:19.16057+00	NEW	IDLE	0	0	0	0	0	0	0
2026-04-27 00:27:19.275513+00	OLD	SEALED_MIST	0	0	0	0	0	0	2
2026-04-27 00:27:19.275513+00	NEW	IDLE	0	0	0	0	0	0	0
2026-04-27 18:26:55.407776+00	OLD	SEALED_MIST	0	0	0	0	1	1	0
2026-04-27 18:26:55.407776+00	NEW	IDLE	0	0	0	0	1	1	0
2026-04-27 18:27:55.80101+00	OLD	SEALED_MIST	0	0	0	0	1	1	1
2026-04-27 18:27:55.80101+00	NEW	IDLE	0	0	0	0	1	1	0
2026-04-27 18:28:55.963549+00	OLD	SEALED_MIST	0	0	0	0	1	1	1
2026-04-27 18:28:55.963549+00	NEW	IDLE	0	0	0	0	1	1	0
2026-04-27 18:29:56.112209+00	OLD	SEALED_MIST	0	0	0	0	1	1	1
2026-04-27 18:29:56.112209+00	NEW	IDLE	0	0	0	0	1	1	0
2026-04-27 19:08:02.737227+00	OLD	SEALED_MIST	0	0	0	0	1	0	0
2026-04-27 19:08:02.737227+00	NEW	IDLE	0	0	0	0	1	0	0
2026-04-27 19:09:02.997332+00	OLD	SEALED_MIST	0	0	0	0	0	0	1
2026-04-27 19:09:02.997332+00	NEW	IDLE	0	0	0	0	0	0	0
2026-04-27 19:10:03.193034+00	OLD	SEALED_MIST	0	0	0	0	0	0	1
2026-04-27 19:10:03.193034+00	NEW	IDLE	0	0	0	0	0	0	0
2026-04-27 19:11:03.3442+00	OLD	SEALED_MIST	0	0	0	0	0	0	1
2026-04-27 19:11:03.3442+00	NEW	IDLE	0	0	0	0	0	0	0
2026-04-27 19:12:03.534722+00	OLD	SEALED_MIST	0	0	0	0	0	0	1
2026-04-27 19:12:03.534722+00	NEW	IDLE	0	0	0	0	0	0	0
2026-04-27 19:13:03.815535+00	OLD	SEALED_MIST	0	0	0	0	0	0	1
2026-04-27 19:13:03.815535+00	NEW	IDLE	0	0	0	0	0	0	0
2026-04-27 20:16:21.496843+00	OLD	SEALED_MIST	0	0	0	0	0	0	0
2026-04-27 20:16:21.496843+00	NEW	IDLE	0	0	0	0	0	0	0
2026-04-27 20:17:21.658676+00	OLD	SEALED_MIST	0	0	0	0	0	0	1
2026-04-27 20:17:21.658676+00	NEW	IDLE	0	0	0	0	0	0	0
2026-04-27 21:51:03.05199+00	OLD	SEALED_MIST	0	0	0	0	0	0	0
2026-04-27 21:51:03.05199+00	NEW	IDLE	0	0	0	0	0	0	0
2026-04-27 21:52:03.15141+00	OLD	SEALED_MIST	0	0	0	0	0	0	1
2026-04-27 21:52:03.15141+00	NEW	IDLE	0	0	0	0	0	0	0
2026-04-27 21:53:03.243743+00	OLD	SEALED_MIST	0	0	0	0	0	0	1
2026-04-27 21:53:03.243743+00	NEW	IDLE	0	0	0	0	0	0	0
2026-04-27 21:54:03.332587+00	OLD	SEALED_MIST	0	0	0	0	0	0	1
2026-04-27 21:54:03.332587+00	NEW	IDLE	0	0	0	0	0	0	0
2026-04-27 21:55:03.429497+00	OLD	SEALED_MIST	0	0	0	0	0	0	1
2026-04-27 21:55:03.429497+00	NEW	IDLE	0	0	0	0	0	0	0
2026-04-27 21:56:03.526587+00	OLD	SEALED_MIST	0	0	0	0	0	0	1
2026-04-27 21:56:03.526587+00	NEW	IDLE	0	0	0	0	0	0	0
2026-04-27 21:57:03.629902+00	OLD	SEALED_MIST	0	0	0	0	0	0	2
2026-04-27 21:57:03.629902+00	NEW	IDLE	0	0	0	0	0	0	0
